x,y
0.09006781318543311,0.030243446743254576
-0.37465757937597344,0.290666579033607
-1.3623282532043663,1.6422853630826402
-0.6776283419105971,1.7646470658528393
-0.7809384340898027,1.298980915093663
-0.7690112394072698,1.0504961117024534
-0.2821931595360241,0.6580389924450805
-0.5497330242596481,1.0642900074812076
0.875233624563895,1.6347859602036572
0.4329517106484022,1.6236610338321935
0.14497257367797456,1.0237820042870118
-0.4463912094073186,1.3505835133533093
0.4596664849508776,1.857837179484273
1.4365599836988814,0.028350363171526782
-0.6264462868476202,1.317189729230287
1.4469765713532277,1.4634271478588645
-0.2511977476074414,1.5845584988646726
-1.3762408667433828,1.2339183163010015
-0.7797389764516006,1.6756153449162305
0.7319319271952844,0.9581526409211698
0.4288688544243382,0.03873681079686725
0.36938992046939934,1.6292312793388963
-1.2095496779404185,1.149742951841351
1.476483756486291,1.6426565678171356
-0.5774047486511926,0.7120892544536059
0.3536400275392575,1.085238380300655
1.2006639226867497,0.7313337328115499
-1.4828115496135879,-0.15947176038682484
1.0288623252673386,1.9114348769368903
0.6257580609005617,0.3009148033838221
-1.0688005208885372,1.1652163588346487
0.4558304291680557,-0.15264829974863153
0.28300958450399993,1.9239782125318559
-1.1176677621482236,1.9334931309784265
1.49099075464963,0.5985039221743689
0.6044356245981541,1.7922301236983809
-1.2770560209219806,1.9407685333131102
-0.06781749082250643,0.3464180955437552
-1.28408807812733,0.9035943783667604
1.0537328903542975,1.4018675423939968
-1.2187992940620982,0.1345305948904832
0.2490557938846003,1.7947032659576205
0.5204931863780597,0.5088201894706295
0.3360832921948209,0.4048983870093447
-0.94174838153371,0.9289297701494772
-0.39814569363081387,0.8261468095174831
0.4489661531173279,0.45419617533025886
1.1234095463732556,1.514981337829514
1.149791456216834,0.018000717017750467
0.5195645982293637,1.0227683825137994
-0.2600725742072123,0.5073660644305618
1.2155202390115623,1.6814467811969835
0.015066374728810228,0.524962284158385
-0.16243480845064306,1.2209201068563942
0.15627108271135404,-0.18369857252723965
-1.1329367328869502,0.14755548005974506
-0.2652917869872451,-0.14798742830516723
-0.8418530318348818,0.07547154485749974
1.0320724441410496,0.6219817181496909
-1.3108296279119325,1.8823819920550455
0.4513247706093262,0.23105703374765796
-0.08222533329634185,1.1040685223715225
-0.8688124842521586,0.0084513220197662
-0.9450989583636998,1.1806882046784497
-0.2580310208903167,-0.009609281805879083
1.126148822109439,1.9170764735739574
0.20502568165809,0.24058368864300234
0.4048227253525556,1.3606749831483738
1.443912432236028,-0.12552610675612746
1.4199651794318244,0.10908179940001705
0.8614540025007487,-0.179647955538758
-0.47428134793649246,0.7892142198284773
-0.06584204682031713,0.50702126535412
-0.8487994706992028,1.9486254520714563
-1.4437316734380916,1.6352352453424266
1.0089521124227416,0.37224284463019536
-1.4694420747266996,-0.0153218879515786
-1.4064325727223406,0.5526921071795312
0.1319156298648485,0.2941949270203678
-1.1492180983842861,-0.01448910244822188
0.9323676777162131,1.29777847739407
0.9806309358027314,-0.07504823076235875
1.3123335442591828,0.24255839709755028
1.4622510630770602,-0.03297781532385413
-0.18549514166784697,1.6099503621330848
-1.189587275351442,0.8402666874315692
1.06972321047283,1.9368740704145895
-0.43444938234527486,0.26551011966373367
-1.214830529118001,1.4405416773759079
-0.6911675031798765,0.4719353062357195
-0.35636723774726375,1.0313634417392668
0.9169443424918837,1.5385904956085974
-0.4313316037296333,1.4916544345221032
0.680287902681338,1.1263592173330266
-0.43762403688340457,1.1982622586864973
-0.6596810439451601,0.09276698647349879
0.20246317262027658,0.8681371552121326
0.8222540147050128,1.0592405609722053
-1.2352798148374562,1.0049675963510158
1.1552410696002857,1.949331728791962
-1.3379332214514723,1.4909261981862667
-0.8641502223558607,1.1175483425494388
1.3856958191136872,1.1019094756734005
-1.281939546665336,-0.045049084908194814
-1.2933365497513885,1.6639486074150436
1.1388917212693066,0.9676321543459714
1.2914400673045021,0.41274309260423997
-0.4253146221388848,1.1163174235191387
0.0170606826745332,-0.08298722583680307
0.7977217312346983,1.0699725327973586
0.9290097153924659,1.9825125115100228
0.3451011407361708,1.9700897628834497
-1.3734859338680647,0.16653654214555141
0.886192542152584,1.2439578564306881
-1.0855901925335043,1.877876702571175
-1.0836421018791191,1.5665077948497506
0.7437101304263569,0.5839488706382885
-1.20777990696648,1.4082430405985653
-0.9865402144804666,0.0420473520411645
0.07499464896480679,-0.09904401167928846
-1.1534488285844648,1.5186847002405686
-0.05556979222258995,1.8793232306900685
-1.32528180474621,-0.07259090256983072
-0.7351809321472016,0.45308923425475994
0.8239877447869781,1.773746305940998
0.896504420692326,0.2644491520610145
-1.363936169064623,0.3002254752961507
-0.3807709987088994,1.1374358768583464
1.3833550293709727,0.7879968388224321
0.6641800323429132,0.6910892245939737
-1.3011438519732579,1.7899385738780997
1.3271068995978226,0.7266083481747465
0.592823708858254,1.1754035830209986
-0.3939854160247014,-0.19739379494694226
0.7433653529809003,1.7304953474364062
0.29698338137725067,0.18980157887639415
1.194883985420212,0.38594994836045554
0.30819578564196015,0.240133401299497
1.3817046026709146,0.15716900422785512
-0.5366625014826705,0.5440727510420991
1.0487869574813962,0.8126200703498889
-0.7503710234613312,0.4764451347333169
0.26982863020447745,0.6526284222663454
1.3505852237640217,1.149397804889539
1.4890428741153845,0.9518976321813613
-1.4024500375661366,1.7258685683893777
-0.7820774525607054,1.0090981951088527
0.043846927514520795,1.112321416308336
1.262706128795824,1.6469435543063402
-1.0460338432622314,0.991378653679281
-0.8660336989063735,0.41465039851414914
-0.9844608204107843,1.1029468709685581
1.188642728356763,0.07731818413956942
0.5518844731511701,1.309059296080328
0.08242006100474963,0.5411492509495901
-1.0105433631822072,0.8224682843389093
-0.07746977098215879,0.24915914740177475
-0.045709917734947814,1.8320679509758298
-1.2988138392239181,0.09926913646399976
-1.1718890629423715,0.38081125125612264
-0.49407490440586144,0.4515341997057741
0.810201491638499,-0.11431779565376261
-1.269254568146632,0.37141643078507697
-0.6272413175483842,1.0552028010992656
0.3643101247112197,1.52253660576488
1.2093795320513068,1.7988754709895127
-1.0364084394386455,1.6812506418049686
-0.46023963085119046,0.7689648364570807
-0.28322852872446913,1.9206403425617806
-0.434725347965647,1.152134093239006
0.24055877762098898,0.8738290463459002
0.4869597347471748,1.6700893899590177
-0.8645347872313889,1.9503250747354237
-0.4028838081188453,1.2396242556621555
-0.38507702276860756,1.256159089176536
-1.2850848497100071,1.0236023159130998
-1.2625694851834417,1.7822940652869128
-0.2731397955458943,0.5806650210093871
-0.962929177017002,1.7415441661623674
1.0729523540353272,0.8734680894428652
0.06782062912929288,0.6665536586105298
-0.72483513106977,0.4043207040173797
0.6100026410144879,1.5942279061738263
0.9492677035751576,0.15955232908907213
-0.7003000913274986,0.7464623593595805
0.051071240355878844,0.9338204823130001
-0.7375092576053315,0.0652508232043551
-0.6426472834945873,1.268467487658041
0.8151191617609874,1.2299036611118164
0.7921850040531666,-0.019320530855909013
0.7525341020804244,-0.14872595079710446
1.4271659095518272,1.5453745386958928
0.28668709215795585,1.468042941060117
-0.6803153280708012,1.8693307371747994
-0.3330355435731651,0.5801528825905782
0.6664088778348027,0.9998531772307666
-1.4335764773999908,1.051869058799677
1.014596309194233,0.14244005004839483
0.6144523801466413,-0.039904978985575684
-0.5665375644245396,1.9072826908920455
0.19760942178256746,1.4676179427829867
-1.3460343882106294,0.631575670549581
-1.2608991103973513,0.5717865759946523
-0.9348851725313592,1.1600758827524749
-1.3071319258595615,1.817620196959296
0.6700002945791681,-0.19178302750342294
-1.4526271322180953,0.4804826526522428
-1.0737086998509613,-0.12745298217276907
0.5006570934374501,1.2826291110530477
1.0415405387318364,1.2064796595900313
0.7465031192882017,0.18235204420369122
1.008298371049761,1.823548635258257
1.1530182224467058,0.9295236740016111
-0.9246715658461881,1.025653130054557
-0.30271716958204586,0.4448637879521988
-1.2581783386290517,0.334870136152197
-0.5111094362351936,-0.08688435564810418
1.3538879546101361,0.6839156079356419
1.220662522896208,-0.06239099681784244
0.22327644356150156,1.5352213973941935
-0.1637553393299287,1.2922258531416633
0.34387961367241937,0.5708375308720091
-1.0914812276253953,0.518583820966598
-1.2479940614354696,0.922965460406685
-1.3950163500944974,0.5685444120266161
0.543287294834526,0.14564548794349935
0.2751871265144701,0.3229019118737871
-0.5943275163017473,0.9626596226896464
-0.2540940081538663,1.6353591166586594
-0.14813522428450243,0.3529399901647364
-0.37907172394498767,0.30068807134397374
-0.5339838073360674,-0.19302629537915325
-1.4146734051647423,1.2340260492921906
0.5572052300534263,1.0480730692298672
-0.020744531696975876,1.5680281623975418
0.4561787896827778,0.9073756828795141
1.3010642347421402,0.760270499185828
0.7385165773362656,0.8653929649871728
-1.0108283709641044,1.4322655827396522
-0.07909038873522567,-0.16291059839724883
0.3619773650671714,0.6181321217241267
0.6373235081254771,0.27359025099951023
1.0034891820497167,1.8868279519902857
0.237457760197473,1.9907103695689952
1.2886282626200636,1.7937355301819053
1.1712893993456674,0.8875374513339158
-0.09979572991695607,1.9040104328865988
0.4698637703334041,1.4727591882356084
1.3225705745414462,1.2580222772541931
-0.21370819720033518,0.44096719736618667
-1.2881210117065447,0.3335249913649208
-0.9914763171591885,0.7142092007564598
-1.0369560825344222,0.7918040285096319
-1.1001943352075232,0.8978357758802842
-0.6295482424939552,1.6809745115206467
0.029978382255878344,0.8516347614935715
0.49138332962492814,1.814918265484051
-0.08380023901215061,0.949901941222058
1.382305831989059,0.3755766076353206
1.2089955951469316,0.49435802184660543
0.9630430355929276,1.0915381024538982
0.019753916130281546,1.9151678151102522
0.7589640982332404,1.259619717740563
-0.3824875287542704,0.7334609978160316
1.1448683685325935,1.8842115884678179
-1.0073062995147497,0.45984481059959353
-0.6841163525085492,1.079819004500391
1.1621967817065073,-0.05858599268489248
0.2680424735091096,0.1671439747130632
1.4369502279396373,0.03411601305607895
-0.662696739900805,1.7796576867258338
-0.28105172091926467,1.6064221292338483
-1.2324424787665706,0.31690138596508416
-1.3135177718147526,0.43842238915759796
1.4451734009481614,1.6406445686139892
-1.2163407980802572,1.915046851945761
-1.3686542779956692,1.892440437203126
1.1081866052733078,0.7232887724973123
-0.25358761779909433,1.561432156540672
1.4734240664480955,1.9248714762053127
-0.7650252346003671,1.080566393160108
1.1898469234845712,0.3927597304858948
0.2980052552849597,0.1868325552838227
0.7884711290942885,0.03384721613402125
-0.9793099825154798,-0.15611869603575756
1.1101984630550108,1.5166942146478772
0.4018552282474237,1.8654109019303189
0.02074439534493555,0.7894489458737612
1.1355271343268387,1.571090832733082
1.10554491771035,0.8981650700249699
0.41145035491244064,1.0494830895709792
-1.1556314939147687,1.945792318448526
1.378224798698234,0.9071212169071199
-1.2978532519747312,1.1802054517601661
-1.2945574809028988,0.6344545389110043
-0.8657782381375512,0.16444139438778355
-0.8694922605217262,0.0365883350178573
-0.386702194336888,1.550258835136548
1.26638908996029,0.7914005706499248
-0.6119945417842627,1.8416835213038756
0.9952567482379115,1.3490724848360998
0.3768290016384106,0.3683214468917219
0.2058110366329351,0.19692795886243764
0.8904399595685213,0.9219748971043398
0.9210802759491017,0.9320231804861041
-0.8086659311407234,1.123816097469914
-1.2635909445350118,0.09238339282208508
1.0232135315263537,0.2913185742305636
-0.44032499506138056,0.9894637715705112
0.3500628390675409,0.1583709916687372
-1.1879332029382588,1.5475722660568005
1.3638043379491513,1.5264577058396376
1.0701066249062778,0.9177294532795175
0.202861895354832,1.9608213397600915
1.0918333614869589,1.3035235468468633
0.14612258949983392,0.9979390317200643
-0.5886110912181604,1.3988780054849126
1.0592853904583057,1.9630159578959552
-1.4513025916886002,1.5503830831968117
1.1958678837951746,0.09592959955942776
-0.3755218294405429,0.8716638082497365
-1.149914689112947,1.0990484022669031
0.3349134306679875,0.9735112124329826
-0.5709013500374819,1.7783467815447345
1.2939968137801903,0.9521334863963917
0.7888795933327342,0.7576829603260957
-0.34370148384265686,1.3672277151600607
0.4422441656611107,-0.012416566913150101
-0.053656003401343355,1.9561542323967538
-1.3879770960752649,1.2479526731850956
1.1711175524847732,1.0076049573363222
-0.9906562781045818,0.24548134144992811
-1.2742025780815638,0.7381421193875188
1.0608577705182074,0.7754802764585853
0.32901109138289675,1.6364702527707515
-1.184141046383409,0.22711352817548297
1.423800725988821,1.9127258061777737
0.7912214361478758,1.0688736787995574
-0.9131745896280856,0.9080306783488514
1.124659689926006,1.7675996167380965
-0.2781201500006545,0.5235355646117086
-0.7461053006342999,0.11230027841836998
0.6535096379205143,1.9917844756582765
0.7345738854685484,1.6972889739599741
1.4967744110635275,0.9669810115398723
-0.6984853622625335,0.44440266070426987
0.2918294708649358,1.7394484245992865
1.0434272805556732,0.5115835007478373
0.11857730461517457,0.6418100361452841
-0.7102960317627027,0.7989541356758669
0.08422758838151201,1.8732090516836235
-0.382846632469225,0.04378765083963604
0.47271502592002523,1.863256472333229
0.7416624076724578,0.16194755869593735
0.6418684841224245,1.9426952233921113
-1.3529984105246804,1.3915515885550647
-1.2131443915329354,1.762641438126772
0.7101637230491313,1.7885392605441104
1.4203313487798788,0.3651575832853908
0.9772041233620308,0.41908982312579884
-0.27555381961928993,1.4122847460515693
0.43498924717457443,0.8936288496050877
0.840269099194761,0.583410962599473
0.5177261800165485,1.3426255833045382
0.29476346464727676,1.0329864606837234
0.3485062290152916,0.2635287886938336
-0.07353348011047478,1.7893754090368426
0.7613818414647522,0.042726398260365867
1.2014378938375425,0.9619735442548676
0.8290817622668465,1.0598483458807249
0.34979950178769736,1.1943353445183804
-0.5633588293691223,1.2900597287262476
1.3057475497932565,1.7149923095585686
0.6533000717516968,0.3004051080555678
0.4185658256587419,1.0355549351846327
0.25042189543697524,1.5724690521029872
-0.5535727448559085,1.466834430051879
1.2843950224927028,0.13698978436739812
-1.3884992207226166,-0.15576468461586962
-0.16261457078695418,-0.13124136931315272
-0.7928134674124789,0.7538869001174575
-1.1220142122060017,1.0535295948182397
0.6393243530419408,0.3598979628479994
-1.3482564965924433,0.07301311762716162
-0.8181331888402688,0.7724835671569417
0.4748275083273783,0.26693477334890536
-0.24947705861482983,0.013433124226720244
-0.8895014224178737,1.3992122587189448
-0.48948573572592813,1.004024196433057
0.12726811878355915,1.5721317918608062
-0.17647627904512642,1.9111378653902016
-1.1362363372290896,0.8235272466200467
-0.8684953948600853,1.1012204620626995
0.1968560521962539,0.6926899521940777
-0.09953976405667242,0.6607278385378503
1.4642350932914323,1.4433089142593665
1.481004709309691,0.7081428161535224
1.4036910495689705,1.9719837746958107
1.1906942897556547,0.12886359269333197
0.6540824450037448,1.2872642199281499
-1.3475215741159372,1.3128702263023515
-1.1975670058371353,1.4742893572794338
0.5957621920974763,1.13360838189448
1.0482920713719208,-0.10169804766601727
0.042447812189525536,-0.07217819038470433
-0.43710120228142,0.9070363524435825
-0.2966979253745792,0.1608913794564905
0.6569619270073446,0.5601225935160541
0.2877358859099619,0.5113620359091156
0.0022134623910421425,1.19583989881787
0.9533848440910884,1.2195291951260443
0.5009115734420391,-0.12094599663026528
-0.5792508735530527,1.176756004680339
-0.5158787141324057,1.1885891182812691
1.377037833450629,0.1145441938085564
-1.3801832310399706,0.22073822101518026
-0.3880188499500177,1.0754109234320082
-1.0367177308904147,0.9225352736850299
-1.2848275266711555,0.6815436482432817
0.1075742182836299,1.7664667917285857
1.2821962590366178,0.43672487371761176
-1.3261560690201137,0.7518502484853207
0.841771778411073,0.7147842755872316
1.1650814978279875,0.052409832048394
0.11305518775308965,1.882748459081501
0.9239464674714535,-0.05792389923843791
-0.027857694858167248,0.9657992317962889
-1.474563644222257,0.9124366438046017
-1.2611200484713687,-0.1905132404614384
0.22368628419148906,-0.07933374428710688
-1.085922514923156,0.40527915008513643
0.6084651119609923,0.565914614559899
0.20816861547095833,0.8628411258760071
-0.3218596717617963,0.02334441856411995
-1.2069299587431481,0.1202750325792421
-0.7190230801095323,0.25495490917919206
-1.2812937673901121,1.4842370281703219
0.6891842062398927,0.38544473436053267
0.382081611033555,0.3882097908525081
-0.021782622338669455,1.4140121823377756
1.4776772580067128,1.8617076095537095
-1.12858061441087,1.9275171191435423
0.43224097734577493,1.225957014683766
-0.2803182320947779,1.9940311560875343
-0.7569488614501663,0.4369693963438534
0.8215981566737374,1.0216699223537917
0.9752269209763926,1.7925182366088772
-0.06532605136890002,0.2415661720685781
-0.6729834340070614,1.1641755406176382
0.8951442701595385,0.1023851572936994
-0.541040524992374,-0.17431707676476801
0.9638864480649034,1.2578340719051284
-1.3094877997042906,1.1911364457758347
-0.8113486519669886,0.4280756477437136
0.6260242691128353,1.9101751497310941
-0.485629441065782,1.436607123624602
-1.1564704925560698,0.791983394906185
-1.2119947100049313,0.6351303401907911
-0.892821546642151,1.9489296854220963
-0.19869133995794286,-0.04326163761589416
0.9392709066333884,0.9033339246692837
0.6091149731462768,1.3746406798314939
0.34555040660298975,-0.07047571620436804
-0.5340480936074947,1.5096525747052854
-1.2874752683580184,0.39955827152594564
-1.000888809858873,1.9746183244198405
-1.396621456489328,-0.1614472032937837
1.2777682941036974,0.6368345010239469
-0.5597824616570214,1.4086134558257626
-1.4525688366247271,0.23821791295795708
1.4588206380566549,0.20747377472206507
-0.2712538476217039,0.6260090150551119
-0.12673495778998323,1.501866043025935
-0.9590130735604008,1.852632706377132
-0.7226623725419566,0.06876534912793797
-0.9754592551182864,0.8196453505911498
-0.5736734389504652,1.2763845241061726
-1.0121820057032422,0.4661846424577068
-0.8846332076139983,1.5436061144653168
-1.3402471823746536,0.2478034559534399
0.2785390295959269,0.20734439612136651
-0.9102395264498676,0.594832353952369
0.8217143250852459,0.098433953232891
-0.19468596165747165,0.9800440130869037
1.1692336750343877,0.9793743022042627
-0.8880759553818379,1.0843533879926726
0.7520643140067778,1.9465582933503216
-0.04539645989744456,1.435786211573379
0.2686604957604031,1.5020519007260462
-1.227159565827404,0.6960188074321847
-0.4565965811695558,1.8059999722688855
1.2027775156101805,0.9515968729546571
-0.5346458631366379,0.6456974535111799
1.4344975838797858,1.1351689765282669
-0.03940272110304344,1.8471452194532911
0.3001131873765037,1.9685948155113564
-0.006538090615158643,0.5107733699855623
-0.008377134994828062,1.7955236422873577
0.8407082959052206,1.675939492070031
1.2102019894504767,-0.10106179720491212
-0.8982186189319621,1.2881991823508623
-1.3644387090171546,0.5787664881237655
0.9352103151560911,1.4408935559738547
-0.057876555735046464,0.4836897855711862
0.24398214596148482,0.14331855812536592
-1.4299979853903388,1.0747680670215225
-0.2707418351918278,0.8469909865591829
-0.5134028140928265,0.9294410081897253
0.029496571781736147,1.8464738783365127
-0.16111207612198175,-0.12199891919145299
0.408332253693094,1.5512550839038373
1.1379024576850503,1.0734630889614487
0.5290020012843595,1.24599345433815
1.1541157393201003,1.1887794061925177
-1.250021553213806,1.352011309155094
-0.2029685456790189,0.7909416478422955
0.30494731975447453,1.26258044100808
0.20627420970362143,1.4733976442044086
-0.89860270872999,0.2836902055329892
1.4815679849675303,1.4229123224559717
0.8663724828962822,0.9317531522169078
0.911503344678497,0.37823415986287384
0.7307940700663975,1.7475881596946121
0.27084065704582216,1.6260488066870404
-1.4894581891204188,0.07076573031701028
1.2381996452523456,1.7328915401832394
0.32811745424231953,1.1633094960108288
0.25971494377002013,1.7970115579595833
-0.04977309807305552,1.9794954450702569
0.39703737628951474,0.2321456939577265
-0.6089858767405458,1.354165786693765
0.8879234679206918,0.5476423948054789
-0.22509614734850336,-0.10561474824595217
1.0645800971594515,1.9353892059014328
-0.8106069682747041,0.3681719864818504
1.324237467716003,-0.03909425003777531
0.15346681713408117,0.008134093750124166
-0.2912561953128441,0.251589112551759
-0.49786336452061253,1.38411223866366
0.7309103392499656,0.21220649552126908
1.2893267384997698,1.769019212196244
-1.0658771623498495,0.7178744689651324
-0.8474934613292293,1.0459161018643286
0.8676705998314311,0.24797223017976827
1.4752558177107176,0.33911958051720686
-1.4619720678828447,0.17517813977724095
0.8702132039591692,1.6604832821498656
1.2859242115877714,1.0891098038745906
1.0202343430173615,0.5935804676763143
1.2795418290242115,1.7441031061056713
-0.04170225210984002,0.02234605140692353
-0.017939253250704112,0.9858353817494288
-0.11254149872103492,1.45334964610174
0.5858652887498073,0.03289418623016557
-0.17729958285450342,1.2037776300188896
-0.6942461890747733,1.7356869839268403
-0.07068590055779111,0.5616547618278691
-0.40139424634365994,1.12328467905995
0.6128586007447958,1.2604060376457429
-0.015981189645681182,-0.15531466679309142
-0.7981990359771687,0.17485539414347634
0.009950241214522926,0.026341201596398245
-0.6637270486184039,-0.18406148068428307
-0.5581502298447241,-0.04219095584143534
-0.6658958060204607,0.42216175075878376
-0.3224998265727672,1.1608063789314202
0.8858714402739114,1.6715998744742273
-1.434592999223465,0.5778499681947216
-1.2214383626657512,1.2233065490765407
-0.08491542574636712,0.39143210182513083
-1.2313060013085204,0.6276867579475811
-1.0586496360225846,0.7686993292269486
-0.551824999799412,1.0622892599499072
-0.5807246462339001,1.0976036943245548
0.9058526227660826,0.30492353317570203
-0.31684317260882344,0.466406604868475
0.27387117143010853,-0.07969377561485201
0.5362398479960175,0.36120514593435876
-0.1449158421304202,1.6924398858762837
0.4636691050020918,1.969909582746116
1.1810895484949158,0.7088965033265775
-1.181946938195225,1.384623039813313
-1.3029440591204464,0.8170906237858035
-0.22554693738298504,1.8412614328114218
-0.1118457599637881,0.7347595936629667
0.2413816555446182,0.40109768453765665
0.07732276441220276,1.344454487638825
1.4044487464186828,-0.18608505851734863
-0.3586394038913574,0.12067906104515119
0.5903342432350565,-0.019865843455115717
1.4118745527568288,1.371433839723433
-1.2900257947050333,1.8259412158996955
1.0199473960465637,0.8461389163229827
0.4645804480129576,1.7115821145393812
0.6854588366226628,0.052856221238347434
0.7936653811478394,1.347833558001127
-0.3032625252597161,1.241005368957918
-0.18266185768763243,1.2482176938506124
-1.4331662393763627,1.3754956637465994
0.16071327492550846,-0.004141639528771723
1.163230073804757,0.2939988000709321
0.3783514359225486,0.4561036827902167
-0.13770797332949924,0.655789118989828
0.017219532464263443,0.21635303774336312
-0.6744780553966029,0.5215078956607908
-0.49162737309561977,0.7235981454733753
-0.648468366920367,0.10483521871421142
1.0679187909715515,-0.11761482206356924
-1.0647944248855694,0.99469589906985
-1.1246029957147528,1.556905462573598
-1.1505003202395068,0.394613299029455
1.181431646550684,1.4102578160320898
0.17334841189441885,0.43340414192839877
0.22005901321791388,1.1715952598135309
1.1043193374168472,1.7806469129277198
-1.2420645534823886,1.4148911303084661
1.4417413540471253,-0.02304949594202596
-0.8262642276868011,-0.14414181453353175
-1.2924620955478923,1.9442469985124606
-1.147252841489752,1.2200703677545168
-1.1225580845658656,1.5753295126152087
0.18949177239404458,0.5180678405099097
-0.04810721088705039,0.9769417424209892
-0.2116831455202024,0.20079481413451206
0.3324334903640813,0.4496754733433977
1.0418700506828467,0.5963763713496166
-1.3125345979314333,1.9692836947636116
1.164563409310737,1.6493524758900557
1.1433737185455186,0.989579642051188
-0.6451578181580658,0.1449607310134658
0.4862867474691166,-0.08172827829212094
1.084402818999319,1.0788712979902835
0.04932694171245089,1.2714026379876024
1.2659488976419029,1.4493447004883422
-1.3489495918640628,1.3618913921432205
0.48270873458143626,-0.07798376111946778
1.1473807424926337,1.7187113544053831
1.1924615842168356,1.9957493611621893
-0.13265796249673367,0.14405727763459647
-0.5606598433818992,1.6555703471434522
1.1557923981625415,0.6202900927369794
0.47957054429889356,0.0581407071799282
-0.7232780308174467,0.9605147884836756
1.0474825524061404,1.8751875622588885
0.30796468604994454,1.0996350544693059
-0.5011385453734348,1.9305550742498407
0.620533680292986,0.18602944257972726
0.10849628075827145,0.0883367095867369
0.7478716080695254,-0.03657653377913109
0.10628306585935654,0.25245439872346515
-1.0926643616917682,0.2959762120696735
0.677173338137258,0.262383367080284
-0.4718480369645772,-0.002644051069117498
-0.19967921835872193,0.38461283151502185
0.8549842272029031,1.3998519856239753
-0.21611774542027962,0.08689674191188002
1.1749263067425746,0.3959789838642545
0.14098843740020284,0.5823903078627526
-0.5638688004041497,0.6120141628638147
-1.3271230379883667,1.429132528025845
1.062451074755268,0.24319753336312144
0.5315983580673498,0.8058869370632515
-1.481499214820024,0.33814667200364784
0.17868808182373286,0.13273568285966125
-1.27718110253646,0.6621446705712315
0.6603675276289858,0.5639507500946539
0.1639390536228742,0.07478760849023403
-0.2363890739736667,1.5226317587332254
-0.03875628278782961,1.1119492600072538
-0.8687634442273967,0.7283176179339814
-1.1049303318497805,0.04138158816150722
-0.9640445290654086,0.5663558336103212
-0.25769464328889535,0.14812641348529137
0.5011725061843002,0.3147186034390736
-0.01752528578779633,1.658533952201701
-0.7385384251675253,1.1176157022911988
-1.114285319140372,1.43123316474395
-0.6311623002769005,0.896254726521784
-0.8122561372331302,1.3082179913427703
-0.03500703803087357,0.2496440538259671
-0.7139004992222385,0.4090971185182675
1.4665143855665494,1.448891179097828
0.5038614818408447,0.815405104803324
-1.4643642979208564,1.6807492827960808
-0.7155565422909036,0.0696442889628261
-0.40532904304479134,1.7210515896449394
0.15737850178155122,1.567082026687449
-0.44609232513693264,1.1569422382383994
0.3331044991596195,0.971088290000917
0.97840972966981,1.7035656142533016
1.1011706770927088,0.27299210224507836
-0.06376038022538677,0.502021420540707
1.1670123877422087,0.0873111121696547
0.12008826089891134,1.1797736117293267
0.6975291032539781,1.7718500747559442
-0.8033807622306033,0.9671357553363666
0.6014647486853244,0.28002683864579014
-1.0505504122992981,0.3160857333123856
-1.3999604694458927,0.40831853613126684
0.04722976556593528,0.13211260867367597
0.6379664951835435,1.4310661142224452
1.0209093743035913,0.08505165607928217
0.31554319095249816,0.9899170695935953
-0.37378931195846743,0.10401925706823262
0.32643980908784953,0.7817042743432316
-0.9029490057537477,1.4764053025411192
-0.30535264639665494,0.9732724558827188
-0.2100380805770372,0.8593449265156634
-1.4521637027082244,1.7145404309690826
-1.412969676472896,1.476186203159898
-1.362211451496913,0.9137537535543161
0.7276630788426295,1.606115004879411
-1.4101084797088719,0.8220338684948294
-1.1700269259705753,0.5356629640612427
0.18846603904683867,-0.15059813603644245
1.0950207946534363,0.9502453113781093
-1.0053105527946553,1.3221453448649103
-0.552661745937904,1.8974853380746348
0.6611343887321546,0.9359665337512166
-0.12958085307949196,1.935765017599419
-0.41857090813061504,0.640829194118375
-0.16894608054976135,1.747866067734686
-0.4098585372723278,-0.13984508533723483
0.9063262653611117,1.8381818118455875
1.3927122031329908,1.5036355892046462
-0.7790401750862022,1.658644086440129
-0.06505924104875782,0.12385125451645873
-0.04480437023272721,1.7997800726071227
-1.346167778687375,1.1663236748555514
-0.4907837080955475,-0.06720322816092217
-0.7295312319640996,0.5756010951277226
1.0880451573688705,1.4046094384938304
-0.9394959575655069,0.1800119722531694
0.4141695720759573,0.6601496979674144
0.22958342796614617,1.4066228479308456
-0.20818100090755953,-0.022501338787388026
-1.3920321937088498,0.3725505175054797
0.8935441351205671,0.6380881975587489
1.120968999753198,0.13110114072357748
1.2907541158161986,0.04321485175223724
1.0651734701811852,0.5838452983339657
0.9961221130106552,1.442689847090111
0.5569087173059315,0.8276088166383715
-0.9491944161303758,1.8095968188826175
1.097730973388523,-0.002984623458111235
0.2846819007544277,1.4456391130198596
0.07840554488109985,1.8126080134495337
-0.6850284509590527,0.7526796539162657
0.327643131298861,0.9383611656025685
-0.5419043020904506,1.0408742434892397
1.3497984437434156,1.8640486708682487
-0.4102112736964625,0.9694264820111471
-0.9917436368883561,1.805188732290757
-0.8288209719279347,0.9436788639178204
1.1099353514574561,1.6143960551545882
1.3427606534492442,0.9263563115940234
1.4281119525051644,0.33751560064395775
-0.7676684063660604,1.1393000309705685
-0.9018332172775801,1.450669669734905
1.2833536730735933,1.9121765132639041
-0.6933873988360675,1.5909035339021143
0.6885351523301897,1.1871526798749996
-0.8678124472661528,1.8329814602750718
0.4006926952105423,1.331314750916261
1.3442557722139545,1.4334398454655322
1.1573075000388142,0.9411119992363677
0.7402349280924274,1.729684893796765
1.4057790205105571,0.6836341529176122
0.8445653366414194,0.4208954421716305
1.2192554780711342,0.1998613870607025
0.32105383287520817,1.8373670343243333
0.5077917568315748,1.2172012017731881
-1.2220402453618286,1.6760737467950686
-1.3347722781349243,0.7170146082439692
-0.1089941540316337,0.17921998304736791
0.6356607329007447,-0.05269654077439642
-1.0578908893886512,0.7956387599749051
1.295329200821214,0.1659121057922397
0.0030209989957934447,1.9215704549923867
-0.3157928995270023,1.7342692220991467
-0.16979964889120014,0.07596502637335945
-0.9176669338399619,1.8832001061857577
1.3851625645536574,1.705758595093964
-0.3582243462001271,1.8743765227778033
-0.5611431601899848,-0.005408749197377605
0.8284777912836412,0.0678350031827159
-0.006165648810991131,1.745495945130973
0.2912674028690214,1.2609704609134567
-1.0496379014936879,1.5083334758892109
0.9654015527359134,-0.17005204064360516
-0.07826696970212144,1.9539508434526216
0.5335795015097973,1.6840210212769398
-0.8728818898194578,1.5221734628220747
-0.20770339226595347,0.6528174596079861
0.49221111011086416,1.72034264400577
-1.1634585556589456,0.5015672520242016
-1.2845847880569028,1.3443113664861284
-1.4042502362676006,1.9125101075160085
1.4897424236515766,-0.17627860169424742
0.662756403539547,0.0643817634236637
-0.32457398555511063,1.4862691878109684
-1.2494033125843362,1.6795008157472733
-0.2532705769165249,0.3279392343800395
-0.3818893556658418,0.7004017885268239
-0.98382898711497,-0.053355153430513336
-0.566775910424979,-0.008990674039016155
-0.08813155480296886,0.9452367700368709
0.9987494622626758,0.5147331235144323
1.1009987082672996,-0.14600565681965227
0.8154017766682644,-0.09770850174816192
0.4355376005778875,1.8815258387786529
-0.44544298222093337,0.017120410758883486
0.649981429603872,1.0362356433238613
-0.406011462962522,0.6777584559874954
0.745441351251781,0.5347097892668788
-0.22664382512244163,1.0973704008280805
0.9823073242744296,0.48690811157000663
-1.4063948961514607,1.7370093944431342
0.6202789936790252,1.1811768636671005
-0.8886737626761015,0.7104194406458135
-0.8873263719414655,0.5829584866405622
-0.9133404694217081,0.19023587625630928
0.21894438741815936,0.8101379578156984
-1.2363868289122524,-0.1951151332984777
-0.5609722814674172,0.02994340146683655
0.2315201907382134,0.01817969043338849
0.44632358149496487,0.6988902916188677
0.6405168604895688,0.07051154948440541
-0.7296674068423638,1.666953732368888
0.9262802414092026,0.7400522743015561
1.4573514175289248,1.6196993649251217
-0.41483487158225163,0.2698735944345325
-1.3397752186767797,0.7218327806335887
-1.3145545142262183,1.2559099145477044
0.29548483920340507,-0.18435083317868617
0.2939082599313785,1.7026438383961418
-0.4559279900651103,1.0385717754831278
-0.9392342515063558,1.926973527479029
0.626181487510276,1.3137229309953342
-0.0833630034416255,0.9881039593213841
-1.1111234312783451,0.39183948869235113
-0.7865248058585097,0.6427566719272695
-0.9693353531702718,0.7604675655235402
-0.586350862481094,0.27728883907709556
-1.3165747933047944,0.5978530775957396
0.679263932585565,0.28335910617492366
0.09082598248395635,1.9468179648921058
0.2133966084442367,1.5132449200901585
0.5738434409298376,1.5963450489031121
-0.08578818788568854,0.44378119600690863
0.4482246420010123,1.1171434792417114
0.3736943847977283,0.7674195908183563
-1.3498421798212914,1.0300229416756903
-0.7653281423472024,0.32636927751885464
1.181137338286642,0.6869775087116843
-0.5273363378551916,0.40887578770418825
0.457206006438033,1.200545623435987
0.733109603892701,1.916230557515022
-0.27100105696315,1.6348866001751527
0.917502455769482,1.0637174890100014
-0.5586073352522645,1.8312115652639467
-0.7514135753431765,0.5898960248878666
-0.6634486815234604,0.20236785380952427
0.02359551723496156,0.4820296779489797
-0.6363092678511107,1.55771278402822
1.257016455513699,0.4910088062384001
0.7149750882746866,0.65926332522444
-0.8825599826496462,0.34521586504462903
-0.8654657115512574,0.26811249654610514
-1.2145593878264456,1.5030685606124137
-1.3524737099228985,0.9523092358128413
1.0745918453599508,1.0859091266353256
1.1436869949359836,1.5383001767221178
0.4587768015831917,0.8534630451578871
-0.9724428401463271,1.1603811029069528
0.3028078682363686,0.33235566230541375
-0.9386664176085044,0.830081414478332
0.6340951309165641,0.5683327059547014
-1.472742308189985,1.4645260838254548
-0.17127086780628886,0.36937718254857016
-0.721599648914311,0.5323427903643758
1.0580364683509602,0.5105801996939703
-0.01083603318903048,-0.13775568699752067
1.4247030530792384,1.498603707309659
-0.2289397626242855,1.4152780039889703
0.700025927934977,-0.08423037178500525
-1.4428892736023318,1.8686859214845282
0.47920845974167037,1.4619851324795614
-0.08991382490812838,0.04960157359460571
0.6592961808531284,1.148277116460461
0.7112490857684706,1.0925447542194435
0.3299217888655992,0.7664262230598058
-0.477673905672535,0.1874547445666101
-0.8157990603886793,-0.11215093097129131
-0.29965692288919676,0.8606028961732766
0.23707049267844638,-0.027807686402603393
-0.45876498670925514,0.5163884416804603
0.5475270610131799,0.1886750957740833
0.7729293498583849,1.2444562364949532
1.0675337143242825,1.282443190353256
0.17381689938336287,1.4060828197986788
0.14185947606233462,1.928127421096691
0.871597574893086,1.8982098306131123
-1.2612222211658217,1.337041695454669
0.7753772894603861,1.7111209234735985
-0.9159667103783691,-0.06325701177899556
-1.4570228718929574,1.4550078463430636
-0.1151489249730373,1.5796799243771373
0.29767187349444457,0.794956037683666
-0.9331497582676266,1.9963436617343364
-0.15987839118244995,0.11603180123208917
0.1840414027385675,0.47680756066802393
-0.6155212545411892,1.488044192926193
-1.1170547062315566,1.0745740498503749
-1.4342765054952713,1.7094914285523042
0.5053595038395917,0.33328831600252234
-0.07993517293908026,0.20718020542532917
-0.3489650748368418,0.769299058741566
-0.9003001704387776,0.4678249719545799
1.0233692272256105,0.32893863738258405
-0.1272096447263409,1.6227946037612095
0.31945371506237574,0.13155296321735183
1.1720497905001066,-0.15437786062789347
-1.1106978715086493,1.5277388565082881
-0.8779236775789392,0.5630128785284927
-0.3690692037375982,0.6340407257923588
0.7474499371052059,1.5585136595075035
-1.3388549190574204,1.5652802577055902
0.22823281630032177,1.958136883669016
-0.6051751299260195,0.09738216830692481
1.4935252665775378,0.581001425044908
-0.3749970834261278,1.2142641098891003
-0.5473917081630795,1.0326908064803857
-0.559179880037536,1.4959351506619876
0.8722414374813177,1.9870567758479745
0.5528090393770095,0.7474432420106545
-0.8126956863304536,1.1655432897267215
-0.35817183204322967,0.28624434136413784
-0.18878073915021698,0.9725294129837052
-0.4414641848523613,0.3474566289775964
0.2473483491541928,0.7504799325384186
-0.6925224969067898,-0.029224818314609435
-0.9739000649779435,1.267547251060672
-0.6858381677885677,0.05075848331379368
0.7413448437363237,0.6088418178855124
1.3247316396640345,-0.07564705504200495
0.11353380566225502,1.677475345677487
-0.7335949084372011,-0.1157789403104467
-1.0528967618582947,1.7845594931710618
-0.511819484033763,1.2845479143023766
0.1519254818106126,0.8251952208397453
1.2720453623660593,0.3618458126337634
-0.4543819699005587,1.7915621686338379
-1.1926328554563694,0.8159442046286809
1.0908591743249363,0.1667635284533543
0.42179669499978467,0.1447007070813467
0.8298288287433615,1.6056391114051842
-0.8889450118734744,1.7088953861004261
-0.31099799587327115,1.7686205402991058
-1.353479828042574,-0.05038969264358076
0.20385178091890155,0.5892939401793287
1.3108568301270074,1.0037608734153936
0.032332675232197516,1.6772498880851452
0.4600943362519305,1.000823489943504
-0.13020553134086255,1.1405833807270949
1.3888067971795648,0.6330057110959817
-0.6698329945307666,0.7383416856625549
0.5346864882537243,0.19641738450684815
-0.5398425067332013,1.997887250689353
0.574426330188357,0.9356306386001176
0.11033292290373753,1.9314799232316189
-1.1980241790957165,1.5799811332641083
1.1679526753371952,0.3946763489328779
-0.3798604044957159,1.8812154939585752
0.15479464171224744,1.2638965082560045
1.187414421362976,0.7468773485901365
-1.309128905789033,1.5320665556540347
1.2453282293343548,1.891106443764537
-0.3661650970517092,0.5068428056492253
1.3746450632406582,1.3284249577837222
-0.8443844210232565,0.8200482042058312
0.36702844740704377,0.18034621244860105
1.09387806899203,0.34404349619238267
0.7215810657698869,1.5490332247470227
1.1407582593967307,-0.16557216268053257
1.3397063357181231,1.7584467191115805
0.4755800626576323,0.15147882251827394
-0.06905244221586981,0.9265716924897156
1.4845608233141672,1.529652634951931
-0.05542024390372813,-0.09290735362459941
1.4037421316599743,0.0727167958849379
0.8778444833451742,0.7107468260884442
-0.7552855981835809,1.7155561324926223
-0.9237773682027444,1.7310075561500715
0.12990380621401298,1.4213668683768066
0.7367734793127898,1.5451116770576623
-0.7747019207843246,1.1246043262149796
-0.1618425916853652,-0.021745829549521672
-0.9336855367201246,1.6681662896869491
1.0467462901798061,1.5759455841793029
0.895247180409358,1.6052217943117284
1.3812141074515316,0.9304368251902624
0.842965230340404,1.7633052795425903
1.002753220442751,1.970928839427046
0.8129541929598476,1.9356087425342758
0.5186857882479812,1.8699169493717196
0.7247580637228594,0.6158829629654843
1.109275693868402,-0.013554812815631534
-0.7149838908987307,1.181812950410337
-0.4117843158319605,0.0916377820393659
-0.678795400499622,0.7952560932664232
-0.5142041332065883,-0.10369462473453477
-0.39523696419689824,0.11693330416568293
0.9525569092334178,0.8345768757182777
-0.671259132353881,0.9484894265696626
0.2531934505825064,0.4603266706570938
1.1344965506221802,1.92686731837191
1.1249699137804514,1.5717077794755574
0.8556172787247576,0.29763510085946154
-0.3229804118288435,-0.10908804569480345
-1.145785442276595,1.79522673777133
1.3078102934847702,-0.10846441577909963
-0.7310943014434061,0.9932706838549203
-0.5032334813283081,1.7855996626867328
-0.7008440229699624,0.5043660171173061
0.9216037057656732,0.2723364292996047
0.5521642476205426,1.8123746159832221
-1.2813971703788158,-0.043465555670606115
0.25230658627626346,1.8225755270959756
-0.936639276393644,1.1017286212718336
0.7086163750282681,0.8134815219290796
0.9706487808280304,0.38012004561146034
1.326772903463835,1.2515753767857651
0.8020492761019109,-0.10055364973339652
-1.3725776506911713,1.6192890000472653
-1.1129578592375426,1.5007213844819984
-1.382783846212071,1.6187717954200482
0.31248303315933823,0.027143240875966756
-1.1198929581199246,0.46259897367515374
-0.26169042019101596,-0.07702683531201536
-1.176417551312973,1.8384759596452718
1.0599959895193778,0.13018010927907153
1.2417975561742782,1.5212220354057988
1.0732934346497638,0.3015232506565498
-0.762815025525049,0.7967173679621096
0.24079161033034424,-0.1898475769981887
0.10002841481230762,1.840232957219319
0.18962997261655667,1.1654646169348728
0.10738830618673889,0.8855911879507257
-0.1860371814163324,1.8888475373823825
-0.4706241332618062,0.6485112346010573
-0.5831420832673062,1.9799938803966113
-1.2250819596301223,1.113243720977755
0.5949859240170277,1.8605215822494008
0.6538975385213397,0.7926041715587266
0.24614424982952565,1.859742685041837
0.23184662625351127,-0.1651548840721787
-0.20610423742004302,1.4178959129514601
0.9938206277166541,0.7805312967541542
-0.7404324748324426,0.03534714523137847
-1.026082171850582,1.5100527818001108
-0.9111838064436582,0.9160175528179715
-1.3225135862782305,1.8998152630977818
-0.6109017023221809,0.9076278567456235
-0.7902269193833223,0.9866744549116324
1.0535393657099528,0.2508335371259684
0.7410027570703348,1.1411357242414875
-0.3142512658066614,-0.01751700124827113
-0.4071943744707107,1.2190497333234998
-1.0064294270063798,-0.10998573991866814
-0.7427686513731591,0.5468044431653905
-1.0883300626704322,0.7112825922796651
0.20720746211325047,0.8148755667063188
1.3634716975492083,1.7729612607805842
-1.1471310272154476,1.0269194804008288
0.11440313110556843,0.17025248052959574
-1.4108310560848332,1.1697641709572353
-0.8836807230759274,1.2876714907137785
-0.8523293649840644,-0.14198070324524897
0.023275746743522063,1.567030659250378
0.08266553517372865,0.6249416530396552
-0.034317820503630525,0.2170264774209617
0.44853617647995403,0.9127005249864841
1.1142318770613855,0.20690628638774117
0.9629016576837919,0.34790944734914636
-0.26202532298590886,1.8884033780911278
-0.25185080379743896,-0.05505339638127735
-0.9181055789829069,1.5053155261517377
0.2569759775266831,-0.04860126071943116
1.4147229834715391,0.19996665025265714
0.7404645833937447,0.33724712953428065
-0.200951440966449,1.088508737136313
-0.34305793802719053,1.3518426047253371
0.26645453179421175,1.8573114843271796
1.131220965205693,1.2264954882261585
-1.0461345558159942,1.3889359502712366
-0.6917163121664001,1.124167053321787
-0.43157935680996196,1.6986405017325983
0.1127797418056744,1.1693873065463567
0.23602243284655566,1.3939741566206618
1.1825643967898762,1.488073848685253
0.9153315814254857,0.6053790856276275
-0.2595969797653095,0.7210107203055764
-1.2257154187009904,0.2124026156766648
0.9866531126034119,1.1307570866713634
1.328400070398926,0.6438198225332825
-0.3179617595247446,1.7853938772789817
-1.0499767072915638,0.27408069293579024
-0.0021342057574003093,1.6948754809187008
-1.0241842479135135,1.1078307621615577
0.874093450533902,-0.14179953905166365
0.5992751514959798,0.22235819005248897
-0.6872695126151818,0.18670427232784476
-1.2713115817228433,1.0381452257508985
-0.6972116253994586,1.862356179296033
-0.26260170475727196,1.3790157989336018
0.8375717936393494,0.24617103269641855
0.8910754456599319,-0.058952778791265675
-0.5283409411662133,1.6114095645868438
0.7564894967507385,-0.06305817798263191
-0.050489060545652276,0.9655466612367185
-0.8899106635142212,0.778943999150782
-0.5767157763874389,0.7131766689006238
-1.1403785689123693,1.3321620704851052
-1.2781164461503733,0.9701040156535028
0.9424398283101834,1.5391501906810146
-0.3994136603869045,0.26121074571163777
1.2834101392123896,-0.08197483562510596
-0.9476729392729553,1.8229453920226637
1.1636823843955049,0.04256559824827677
-0.3317094955223605,0.8034229233792614
0.5224624871126515,-0.1734004127999079
0.238331397247586,0.9857721559657329
1.2774745441319162,-0.1424716889394416
1.351582970589487,0.14520874039808673
0.31721131559485105,1.8115452633475642
-0.8360263710886318,1.8491146598996806
-0.8000607161358831,1.33339198535695
1.0681331429109608,0.3935124207518446
0.9447418962327654,0.3615173525092554
0.5497739332562901,1.5553386170698136
-1.468301707087776,0.5522451689072012
0.6020386921364365,1.1098594117520257
0.044433591372531556,0.36875187372309254
0.06924006152080286,1.8837756914604455
0.003608378946860613,1.8517841994129134
1.008716843398736,-0.1725676782667933
-1.47368973754325,0.8834913048038882
1.4394814554399296,1.6435905014504877
1.0280985427986669,0.32145951108067067
0.021315337872855,0.6655335693295001
0.7162585079428125,1.7341330700450968
-0.7366308409267948,0.8304085783932358
-0.8188565142642558,1.8723051467894292
0.18522054963598777,-0.17819758641771025
-0.548698502825197,1.2121626764762259
0.8995845949582018,0.7204402446369313
-0.7342056361421777,1.9042367559359195
-0.5478523611394881,0.5253919032682475
0.5158511133771513,0.06225776597191224
-0.846909777732974,0.771065264837111
0.028079017925120686,1.0498023389895113
0.8585211811210756,0.6412830734565234
-1.0977626878822453,1.7399164140968892
-0.11957209220063869,-0.07822955962397449
-0.9604741314891608,0.17853711823879415
0.9867519712920316,0.5783295122786827
1.2256714822062476,0.5155082523933423
-0.27596047093208487,1.9530586942466017
0.20262967632027173,0.23844478921209844
-1.4307510957264336,0.027684789604257493
0.7053816357324005,1.3735966268068813
-0.9938171235870575,1.5333653923786106
0.48184123565987713,1.5257161833564157
-0.7458266786229151,1.1415547735685796
0.5372831133561053,1.2485122013619079
0.4346295889532845,0.11623937987007121
-0.780727873260954,0.5874249843842296
0.3055533305095588,1.6102698546150545
1.4151032724181496,0.9054669714975154
-0.7772492111816238,1.1917086150559673
0.13935670536912825,-0.024854993661265257
-1.0252995641896812,1.7290292527837394
-0.380478995184677,0.9311479135459007
0.07879002568095039,1.5902452824937652
-0.30793866837904327,0.785088082362587
0.09590835581628854,0.610204812363836
-0.6199095141740654,1.2334870128748547
-1.3592616312906012,0.11204753373379667
1.1780598640723214,1.4903273509464743
0.7029457000596002,0.2597477421521485
1.2917548198216986,1.4337181042034306
-0.5100141751016569,1.6080123047033734
-0.9128961558996125,0.48727012632905525
1.398375578712276,0.9763241903235151
-0.6937776398474711,0.6109736634378657
-0.6106077613191803,-0.026862405638644338
0.4120214431943623,1.7841819261818095
0.7322227147731484,0.589538311919019
0.212962822232174,-0.12070215623637802
1.084921066470192,0.7126057004158226
0.6564740780179137,0.9094836408711453
-0.026941731809502656,1.0310656012417228
-0.07876676322146281,0.6156945693689995
0.5765010643861346,0.03563497223876941
-1.36640456877152,0.09216559010908476
0.3550749262389843,0.6948417637338622
-0.5455461346259749,1.338436396847345
0.591228989401642,1.3607839200006673
0.91137978770846,0.271035078375552
-0.892237153104583,1.4094764442357886
-0.4397295963671817,1.5562386744008065
-0.24117008342988466,1.811740345786441
-1.0452205862571327,0.8138277936465173
-0.2980894885626515,1.9047933831247972
-0.49554845935574665,1.8861019628761022
-0.0763758528885814,1.827009058069912
-0.024809182098548987,0.21602946625138125
1.404723743465841,0.2662538441289445
-1.44763113841266,1.2364336534218567
0.43230069978229846,1.6880047143487051
0.19223927841614863,1.1940213236930939
0.1873555873808217,0.48737425464740863
1.160085277785683,0.2632310591796073
-0.16487489347861972,1.8168312579027133
0.38350279981146973,0.3991215524736195
1.092707535838998,1.1585461465058144
-0.5332874281904054,1.632041748314242
-0.7345818589286663,1.0447377374593145
1.2803180530377825,0.8112239720482552
-1.1546618961646207,0.025790608657616648
0.9125728775764586,1.4505296995109025
-0.24216652139629113,0.6888585163568466
0.04625176774424755,1.4828694396200306
-1.1203774087829257,0.35080550988249365
-0.5116338750063483,-0.03519010383783938
-0.2720169960992902,1.064665654194867
-0.5842104697158745,0.7737089164575766
0.3110570977796021,1.5058375344583017
1.0738879849370222,1.8842922883976432
1.3780484539815423,1.7401283351640833
1.3055682749587616,0.3272655727845873
-0.5555447191906653,0.6482356645854499
1.368668248258193,1.4489434049052523
-0.9312332462309095,1.0606860948544223
0.6363122711809885,-0.0887684703764788
-1.065915283226701,0.5821168734081432
-1.2053650998844718,-0.196814871118386
-0.8605656759361032,1.2519534169573896
-1.2254458352266635,0.2750903079915538
1.3991898366614572,0.03480973670958126
0.28321485111905886,1.298677586892124
0.7421168405579373,1.4770482684813149
-1.1816821054237614,0.1883138462005265
0.9412402754040863,0.12633869016943228
-1.0339387800182132,0.9927476516192384
-1.3743358345307786,0.06265871436236059
-0.41646981964400265,0.8353559390357908
1.1024562503097792,0.004330126296578779
-1.2151645842177967,0.6990926711320229
0.7505510379945846,1.3231560704268266
0.7798895720187007,1.6804222449571151
-0.27507366160212254,1.2488867815110845
0.35942596990205633,-0.09041854779283305
-0.4865487262750008,1.9237411170981928
-0.01428604399723965,0.9029393732148141
-0.5987071486653653,0.012076373915868854
0.7746125722262516,1.659751167172478
0.8040655602481794,0.9718569979954066
-0.8493037191641748,0.28124785837482724
1.4584478429642056,1.7777038623565717
1.439298084883751,0.30308503826068195
-1.144058263462349,1.6903774388092674
0.723009020435085,1.0108419559922914
1.4066041003297118,1.1606353286963966
-0.8137629927528708,1.2536501583434658
1.4605068778603725,-0.021129000389526337
0.32241443367435174,0.5716075902547639
-1.1289075120609016,1.4525822745359986
-1.080739115918399,-0.17118681885346587
0.05201469916183399,0.07683077166615165
0.3183759804855484,1.7935263536089348
1.094218816600506,1.1141928656447189
-0.900012375909752,1.80549801059173
-0.8398964987772605,0.5693409778340912
-0.15360474097174914,0.1652973316306982
-1.3643253026258648,1.349718109537837
-0.9442635614703667,0.5311436184843594
-0.7604090174835824,1.1501710274250676
1.231463313138839,1.4847762399168198
0.10919219477893494,-0.17114396394521073
-0.01292302212796792,0.3081571817934469
1.0373988317560858,0.9494020435247823
-0.8992003077680152,-0.15141651844052717
0.3811646729517588,1.3258314784057024
-0.9026302983098097,1.100883511332665
-0.15859577017553006,1.4651526297144803
1.221811382761587,0.900459069974697
0.13467337965209758,1.7403104917153345
-1.1213827513857701,0.9255308537348768
0.3880766390468853,0.8589331726846183
-1.3891370236795062,0.733074238681324
-0.3933094743992078,0.13854828542723735
0.6238157403589373,0.2815288385022625
-0.9619998156897807,0.4902827309559586
-0.39206599366743844,0.6617797629351769
-0.5851478513400206,1.767069963080839
-1.4430813413658705,1.3071112628491013
1.0988407553844413,1.6280106050429257
-0.03684692028497061,0.18106152707295003
0.6645367569056324,1.6297488888223473
-0.01506850086948952,0.6102749986560252
1.3573286360425945,0.8141070510815382
0.04753188783120965,0.2949246274815369
-0.3894865659020883,0.9905869108456451
-0.6906247283968372,1.5583507557226277
-0.05636632850271406,0.1428413665667596
1.1806437073101739,0.0014257095579847945
0.9970606795121046,0.07671395898353417
0.8073531192368422,1.8397963557480785
-0.22821498682701824,1.914472803297471
1.3603275392873915,0.6208501561975099
-0.05948731510573535,1.7767260442113268
1.1913811768621203,0.45718427503789244
-1.393099373912858,0.03213380453626222
0.819602070341185,0.9698675641720047
-1.111444174705113,0.706016192452906
-0.05023586104971356,1.2121960712200592
0.21948167222112813,-0.1994644025015808
-0.9942317827070973,0.9529703294573058
-0.09655220885116012,1.2391527584009778
0.18378177477317537,0.7092058841759981
-0.1213474831002892,1.374142720268503
-1.395568549235332,0.4637245748249504
1.052527553780628,1.4501171998590638
-0.7906842845551416,1.6853015993488802
-1.134419593446256,0.36001618624326553
-0.982674599738627,0.24208978369357304
-1.2346416433353062,1.5347400762318095
1.3479763056026286,-0.09755510326871987
-0.2471401731352545,-0.04596780314718099
-0.2106460476616121,1.9516918098584195
-0.09548559359807962,0.5931573820891762
1.3400283644011926,-0.02832770877531804
0.7472234626031824,0.5536075483720455
-1.1435845939403748,1.40701611234154
-0.06296272154578886,-0.16215712780786487
-1.2914624552546417,0.08090350947346092
-0.40044589746586046,0.2540729271330779
1.0501820094348902,1.9459084386578704
1.058193374336172,1.1322027971059858
1.0207836407924753,0.2937212946717766
0.6069871324788156,0.8187169508296845
-0.7700677453011628,1.2889094114360802
-1.1373511174527475,1.2740785831718469
-0.0089915983028106,1.645085603553873
0.6737250988863197,1.0348293102534483
0.5244418309334176,1.4352101925411098
0.16124904644198268,0.7528220080548396
0.3797963577297234,1.8931775730600877
1.3471463132871886,1.35984236157719
0.9670934155381343,0.7503097249010422
-0.9225503813941798,1.3574370206490403
-0.6641354126727566,0.33390993406942865
0.18198196287780344,1.7866235609010206
-0.9999008121821027,0.4898542730044631
-1.1386665126855158,1.519446499350875
-0.8550816135567534,1.0404787917533214
0.7295455430675672,0.15782348244698896
-0.03831200877639418,0.5883534351104218
-0.1401279327992575,1.7243742301048834
1.3145475066487542,1.4951517413598656
0.019091830466767323,1.2465477925034278
0.7757381181289782,1.0770589343371872
-0.13874910775386518,0.15683275407676633
-0.1494675892016346,0.7304407173045195
-0.49645121504349166,1.4946422272199338
-0.7187646233128314,1.0690045462151083
-0.13316090528871216,1.6784263457179929
-0.9599022459201882,1.971504479488664
-1.2652958361673474,0.6892577958737953
1.3406698433995752,0.11937053181487384
1.3607782635079215,0.43713214286217233
-1.4899335796397999,1.1792514242164513
-0.8960523360193513,1.5633019799454233
1.3916514652626626,1.9853041072267426
0.3246337731305591,1.8908692474170932
-1.2716262271680556,-0.03969803957066323
0.5869054209625588,0.09534690939687146
-1.232177922675626,1.2337102513003593
-0.5256350841699269,0.4905572689713042
-0.38389133701204026,0.9243426896126923
0.5906350099685387,-0.03185221472039529
0.4260939451302701,0.5276413829756816
-1.2518804873450597,0.43307520886908296
0.5883492411086193,1.6180634693302551
0.8394780506717883,0.7290625415689571
-0.5489539794648864,0.39629247376175186
-0.07038802981929804,0.07536227629912384
-0.36020384556547747,-0.01118948698429989
0.47010053145566477,0.6895716581582598
0.3575816087802677,1.7728289112508393
0.41606429275500534,0.19308615169041765
-0.3390986339733919,0.13665917342790734
0.9023448575628366,1.261203534351695
0.15898651072725034,1.7723278872140023
-1.499908051627307,0.7488512117775643
-1.2951084876916914,-0.09716290834522451
-0.42248476032038607,1.3810087202029053
-0.5935303812527042,0.14057687123629176
-1.3278863427044885,0.24821058801894347
0.8864837837065145,0.5334897106824785
-1.4882942272403725,0.14171740358161644
-1.4824395637414691,0.831091601443348
0.017756245097925394,0.21651800209862765
-0.6522665862118682,-0.1307992673647146
0.226961160318655,1.0586581896790062
-1.2911051534053002,1.4522785031404215
-0.846794948226769,0.6269204965825359
1.306688486622051,0.7644699542972042
0.4524639176592562,-0.06787525960733737
0.21046852849287379,1.0988260216217147
-0.12366282818443786,1.9846906791754952
0.6161302340954391,-0.05239412594734441
0.9954697477752057,1.1036371767244306
-1.2247140706751698,0.6154451099780665
0.2640554865529774,0.39612941588289324
-1.0235274108633774,-0.1401466998649715
-0.04909826045877752,1.885945030162141
-0.24592433691694393,0.8765792625786548
0.6496756718186676,0.31710443770401403
-1.0947953167004427,-0.18110293504758163
-0.2869244556016577,-0.18682724851384847
1.1164768675579335,1.9556574745813335
0.5055207866456382,0.71035203108717
0.008213562478049496,0.8283992982589372
0.4997939216615386,0.12356509940129351
-0.2520355455757064,1.4954923052879392
-0.10868237107303846,0.1732517126062159
0.22724128818195322,0.6230197822013361
-0.3318485608081887,0.2228194153951661
-1.1947649020197788,1.9312876035285116
-0.6955645193208103,1.3069511988735216
-0.8829072688062264,1.7800128992817208
0.7610675075636433,0.5941720910754484
-0.6648439640479531,0.30248411916472157
0.6991147019279489,-0.15349426378937486
0.4035039905395448,1.8754605434707596
1.1628076497322377,1.8221951171077582
0.37181307854893153,1.2798475816156336
-0.36671518554404314,0.09657512646773453
0.5075552316814678,0.051900644817563235
-0.4261137375183275,1.3158772695211445
-0.26729037201944505,0.01008732776891666
0.7272231406911223,1.1550750814952222
-0.7619113190636932,0.20960717947954505
-1.1908600162292493,1.4643718269827606
-0.3301368741922164,0.7554259032608166
-0.8706732357225256,1.0109120335859816
-0.7704103412978498,0.757064050342743
-1.1990998170109544,1.3340583537408566
0.504251686295154,1.4388516882538038
-0.6252179972503755,1.309950246203552
0.7896947999689319,0.6565506078034149
0.5080904445890937,1.797446597894883
0.1510217116715955,0.5184743198221393
0.9715310593369244,1.6460459804122296
0.7113999500142927,0.30567620586837335
0.038903524769139164,1.441401105033924
0.7943266118601722,0.681097538914321
-1.3247959877752575,-0.10346894609546832
-0.3041444627828056,1.5835028981260033
1.0970149196551184,0.2887479789897698
-0.4857973216992424,-0.16717563717880718
-0.6701873080224048,-0.06423256478640318
1.4237539266399155,1.4216691284912033
-0.9684443840739914,0.38125905615655636
-1.2832553635727006,-0.1754340038393725
-1.1448471076492002,1.1054774020006006
1.0877256159025017,0.3794989155860781
-0.22853917865768159,0.0004266453842948492
0.9020697715436636,1.662169720676429
0.5606228548577907,1.77790055282473
0.6350038635343309,1.4719376375789468
-0.6343721535906074,1.9904996700043889
0.3409592599689084,1.2857368213016904
0.9662615453780452,0.8491952692604072
-1.0852517174098362,1.1242197038461854
-0.31399617162918614,-0.14317620020706895
0.20888516071770202,-0.03475252197735351
-0.9556840816305141,1.5667587922266215
1.2857701471071405,1.344046624863721
0.38878009415886905,0.10332691544062833
0.23338178784461938,0.5568992447304186
0.044951898562517245,1.4461257103897247
1.1082627404607415,1.2084791862414304
0.1706071369475588,1.5915592300028074
0.05083109677197406,1.0413559648199262
-1.2301965341674275,1.480533780832759
0.506406227028124,0.24987842243804004
1.2909512336576392,0.6849292988828708
-1.434973456424158,-0.1649640485001453
-1.476025344268703,1.2584296280764213
-1.432676995566673,1.552275634929953
-0.5748238516689277,0.091774816006644
-0.05288788077195106,0.2655443535928312
-0.14572862190630897,1.5116663981461622
0.87291641818421,1.5255240322058155
-1.0295844443053546,0.6425798568364387
-0.700597848792601,0.4366283721015985
-0.8650179750403202,0.8965366868159323
-0.1804422727744277,1.0877544392666536
-0.14379424646642347,0.09916891636124087
0.37011991990531845,1.6365908703337269
-0.6733807250886459,1.1936168424918967
-0.8927369717945206,1.7384058193648604
-0.09817616732637657,0.5475093773061075
-0.3287956093686504,0.4893246583118736
-1.1005853357809166,-0.12916109669236478
-0.7659552930006268,1.320060180915546
-1.2583139157979446,1.5089766583155908
-0.15712941726574248,0.8044215755039832
0.8223751455067383,1.4797054110487584
-0.11893829424741043,-0.030301355695335458
-0.37977559938451844,0.9921252915743521
-0.03176596737409998,1.9350785401645105
-0.012794534451176176,0.6056877756058878
1.3372156181342243,0.39169098234308647
-0.6100852041299778,0.9835666339840685
0.6614353287869008,0.6861006221443298
0.550620666197811,0.01660278176377608
0.12232665724725411,1.2282657819469283
0.4651878234479121,-0.17699812697823059
-1.3312229103229647,0.8027199725498393
1.404080511895371,-0.14531866081769917
0.8465951228670323,-0.07327208301451915
-1.0769447290834786,1.0892608169421
-0.28976072756115556,1.663420502404207
-0.8527012469119154,1.0844455890907485
0.03701735765723857,-0.13515880592713836
-0.5277665856754341,0.7490549404039397
0.0061022057412249975,1.7637681978219735
-0.22942828589385522,0.8024704194170196
-0.4272615779551394,1.12804020488074
-0.035864044038072196,1.429997800831847
-0.35036244694628227,1.5287784671671139
0.585944921284459,1.4913677921350241
0.5308603500008493,1.4539495558305648
-0.8274250686096446,1.6105141392488103
0.6860226938726184,1.4119026130699006
1.0947140388676475,-0.18288299230945035
0.3774121862183055,0.8454926154551294
0.7180077162983625,1.1860712758287806
-1.2669994422970978,0.49703778605162724
-0.027956007635484337,1.7870537048048425
0.7004094619980119,0.4148438589672954
0.9540866511605417,0.9489155812820256
1.0873646103244967,1.1876208618283681
-1.4502478479215282,1.6456518677723717
0.9512188167914415,-0.15474002391486882
-1.0779486539804832,-0.09645312296970796
-1.0722993753180934,0.2946800806174255
-1.4013571258514,1.4983575383420453
-0.654762521571499,1.4981516469709726
-0.3257066691023969,0.9917523316323105
-0.8062280386864993,1.9767017568311072
-0.18212949497733777,1.6834105493219773
-0.5765164106632541,1.194412575253944
-0.9200529174722898,1.7315875001107521
0.5139669278835131,0.44957716147878474
0.49280899871019535,1.0372419347373047
1.2549011952734692,1.8044059940103498
-0.5324481024043823,0.8853393112241921
-1.2752205241332786,1.0476834222336173
0.41734246965447785,0.5959195657446317
-0.18750024738505022,0.3058683237324104
1.3228938424082033,1.5304927667871544
-0.8931558416262312,1.7359270151512591
-0.003921070011266181,1.772727479095532
-0.36417480787644974,1.0244513373951423
-1.498494669209242,0.13352783925816736
0.4694572286153016,1.2962827166533628
-0.37668024146673806,1.863668057643917
1.0460711426999953,0.20365851678270042
0.4301770084015648,1.8977870904748524
0.055204022677245224,0.8774121634017154
-1.2725132284605065,0.8093633912908607
-0.5186034034662514,-0.11486883994597827
0.8454398983197429,1.0932997707761167
-1.1661013090864545,0.19038840848093663
0.5319188954997371,1.3628233872488174
0.5170525460480841,1.2792417690846882
-1.3419173078014999,1.9179222801117233
-1.0913181032717885,-0.18809009638356328
0.17545701034822425,0.846916569915082
1.4210414911597065,1.4519740917290764
-1.078966029410966,0.8177860171225697
1.4794056367557342,1.2114346282195936
0.793333496926218,0.025699298152540018
1.1360537088843836,0.2855550051836984
1.2864715476756539,-0.12276300260108156
-0.5084750040853498,0.9326371336242365
0.8946215284055663,1.503808325097322
-0.6861010848734355,0.3548262343545138
-1.3218328461977102,1.8516990222403
0.9253944892827453,1.5556657204224362
-0.7229371946419803,0.09687015307964414
1.217956069147633,1.7219754616475276
-0.7048064405757413,1.4200771414632927
1.26891582341384,0.24938726787808896
0.5639177263394344,1.597001388566299
-0.1133279779192784,0.2944069785533092
-0.2526417015235536,1.2865822765398647
1.3761968472115007,0.5989971357089741
0.5899055718209154,0.9364136274389792
-1.022531805018557,0.759175332904036
-0.7933554912827536,1.5555780150020262
0.23095072398382377,0.5888908398108597
1.0251137675162791,1.1467773297681023
-0.30940656129707866,1.746929142266615
-0.5300694751335535,0.2986161474995064
0.49412425203031995,0.8838740165207182
1.4162655495976706,1.9802976319404009
0.23059633890246323,1.5527835804966323
1.2714361729773267,0.38245603382760035
-0.19799140770722556,0.13713833713860424
0.2588187238819839,0.5993724253866244
-1.0407111930877209,1.3836031197447423
-0.5559304305152564,0.7883920753325295
-0.44566959496410163,0.21293054547235768
-0.6441237950697545,0.024466854401325122
-0.16742153312791808,0.8822950417694257
0.32539839130997406,1.0112698225302499
0.8378433663306408,1.1706520495153792
0.24691453734205493,1.4178491604567154
-0.7256879043657521,0.1908091522492355
1.4071075018783912,0.2242238161968086
-0.6209112356671063,1.1864796415561991
-0.11084504059540423,0.3501026611107468
0.015502851899261039,0.09961684332936777
-0.3136993920572777,1.3215126058067794
-0.5622826905153251,0.23755926942982186
-0.8028572181471968,0.4292794791991626
-1.4239885429890615,0.03156736791914097
0.49017294840705294,0.24474465773837895
0.9145941765384427,0.7225214989863717
0.5485262920175402,1.1834718555311858
-1.0057460946246914,1.621387414684803
-1.081726888266511,1.2153706644966988
-1.3720437667838667,0.7717341745977129
-0.49378275277899597,0.9916697817262115
-0.8259767817245642,1.206240130036415
-1.1921156069014514,0.29322957996987414
1.1612814343568925,1.5628543896559288
-1.1734798856698538,1.5764842558099867
-0.6677800165070535,1.593013880561195
0.3346361837799754,1.3350243394350931
0.2648124316795424,0.1858659260406702
-0.041021238133557514,0.7754576070824752
-1.4433256672923056,0.37413153091597523
1.0619962603020485,0.34616451216453364
-0.1562123042730239,0.6237237032350871
1.2487187078088606,0.512393687675315
0.04607804933886994,0.43957327014128683
-1.0603519419931495,1.6516909320518407
-0.07258324369399816,1.115099506407756
1.3655921395547432,1.03744661171055
0.24828999373162275,0.6387827030696764
1.411642599747167,1.4625657120859523
-0.7203877014681328,1.9385054304662488
0.14689795831389363,1.695999209926938
0.22945271954601343,0.4705372277409719
0.5833491014240288,0.10587218473113158
-0.32993865756032714,1.678670282532361
0.16566784507160426,0.4610136037871166
-1.0401098603010799,0.17969445815226165
-1.0212116167803686,0.11408763239689518
-1.3045486474023806,0.10110161015359548
0.31663182015748004,0.9592942659873316
-1.074203382840559,0.6609332683240161
-0.02289541924413263,1.6664038328198205
-0.6901755443464925,-0.178351215142936
-1.3812944099740911,0.8306273300651297
-1.249108213503956,-0.12886243038103273
1.499359484758596,0.9144229707864717
0.11163218817638665,1.430632012751257
0.9501434508160549,1.0403241008054462
1.3114478254102613,1.874726645985637
1.3682969611987978,0.8993586126738404
0.07246352243179954,0.05763006097911272
1.070913976829706,1.2724894193298484
-1.3913767168721987,1.1678374968683987
0.10433919666363956,1.748169245564937
-0.6892646934199588,1.2707122034735128
-1.1605317816185432,1.1544809269975191
-0.3618414861004482,1.4942863006148892
1.4646077671143054,0.6564537643704744
-0.06682213360643319,0.6982760753202368
-0.9846224344602682,0.4005757625900766
-1.174107587129535,1.2023574480573032
-1.0830206482245948,1.268096426994527
-1.1875570271543534,1.294920416577866
0.056736602735702135,1.1398412482908091
0.9301452303311266,1.5401446236588152
-0.0400517926511732,1.148797821496884
0.766902346155458,0.8984305250117699
-0.5359533518887503,1.6820880359656836
0.4034101462529178,1.2002489422986529
-0.6727860094628135,0.41846690692335503
-1.4886171908863621,-0.058507062410734195
-0.2642582303084864,1.6072247008036569
0.542802298780209,0.5943314251330254
0.851353742735343,-0.10309630573208389
-0.21512590790235042,1.8119267361258127
1.239322713072177,1.8002792451098577
0.532931241563773,0.3261173283099524
-0.6797953822129801,0.45004546162823716
0.9341772154902284,1.287516372996808
1.114101364320657,0.6139290854699824
-1.251302125606251,0.4924288273298996
-0.47527921011068264,0.6634586711193977
1.361987870420582,1.2607198404531756
-0.364463690661716,0.14268593242232863
0.2259962777369644,1.5981135596680518
1.3556015697572428,1.9646192390382977
-1.2293075638979,0.1463769667096858
-0.8178002977392153,1.8899922800314972
1.1754027402467684,1.8346078975368296
-0.6560812695776319,0.556381493294918
-0.22710613289494286,1.9028057935962461
0.717464656276797,0.54298629719512
0.5189979852647513,0.8348165961537359
-0.6257253971327374,0.9526255354265079
-0.3550859143803644,1.8507737236383222
-1.1949931087773864,1.6546073119279987
-0.3955317636537703,1.0442216323789466
0.22993430017492766,1.23166990948589
0.7408341985306208,1.9812048862069915
-0.7331480144758806,0.48620000877564434
0.3624203669220556,-0.03798414516528248
-0.03403264456723942,0.8096448471870659
1.4184485029226117,1.5143361439067455
0.00969000569345324,1.4795350595428416
1.0440970818669846,0.3392758506177396
-0.12636259359976698,1.1966703575996553
-0.9454764805663816,1.7619594548552118
0.9648432112473562,0.2422857946081422
0.5489612591004907,1.7516604014440338
0.46628488291006764,1.756953174100438
0.6367823872614418,1.9808920754485275
0.33227579172536004,0.456354487986352
-0.41520019269110997,0.40991812791477084
0.1806845472623615,0.3421752359395926
0.25905103235488713,-0.09083818602421657
-0.9989044118151496,1.3625988237112618
1.4925122779985762,1.9439644012172772
-0.9401963816786737,0.6107063225104208
0.2601243270831568,1.8497938182609308
-1.135982828810549,0.5448821224539897
-0.31996300542522715,1.2859316171650736
0.1270437428523883,0.9556889873917509
-0.24663289676975753,1.1729361931234292
-1.344751789325578,0.26938488843490876
-0.3969325759643465,0.71252622377531
-1.4783512851878566,1.2406734354629758
-1.2222146167280257,1.287196371923025
-0.5161420426205983,1.0865238366802967
-0.6203115377837997,1.021265028838244
-1.164068489012537,0.9841297210721263
-0.8460463333930456,0.3910732118166494
1.4556333613517456,1.6881402984198741
-0.9137657666085433,1.1731904454830808
-0.9930990073029746,-0.10330360947046051
-1.1311440240225583,1.2432005174472196
-0.8547343335956914,0.6446125676921677
-0.9023591046118266,0.6090382963010619
1.2730967888495224,1.8192657702570567
1.354712259688558,0.7427441963613433
0.27345051625238703,0.07237631472064698
-0.6508868074033068,0.6550268497467149
1.2072866791938064,1.2998491347478256
-1.332271351905126,-0.049120578111395086
0.9762079953948759,0.060521318078592734
-0.3377582200085594,-0.19658623972312164
-0.9422511604648013,-0.09358749029838698
1.2765714155464307,0.9367091009651545
-0.21039211557478876,0.8988019388140609
0.6080033040845567,0.9538148562345627
-0.8168460314234351,1.2380835313037288
1.2693764156483538,0.31368378334479546
0.44047027826774543,1.3426857548865776
-1.2928205096326508,0.9491210548789033
-0.5384745415211234,0.027743843145818015
-0.9211171339531191,0.9089134730268584
0.9729661927365645,1.5918356291902334
0.5871588351779073,0.7696878243486365
1.1757582028252846,0.5706409039024629
-1.4133133191890732,1.5615405114015788
-0.26756083713697043,0.19140577354923743
-1.307085383984282,-0.1659964295880712
1.2422139493335962,0.8975513945010962
-0.9307503627400615,0.5767715893694951
-0.6827806652570217,0.7651391193042627
0.22555704097867713,0.6509057753123217
0.5966403129865219,1.5696303287439528
1.0333031857184816,1.6331879473427715
-1.489084507314571,0.1322241432545978
1.1734192329703426,1.2575672027859173
-1.3933096509894665,0.15592485753712304
0.48380382478126505,0.2620078578172851
0.014513456584663853,1.3465389475537246
-0.4651352745801485,1.0780161871317653
-1.0958005330712117,1.06817665637504
-1.4558655488629901,1.4991320632941125
-0.09109281891923726,0.4403782510098137
0.6950680833950962,1.3752076687342474
0.46542034248897,0.005388549649987778
1.4728232937537271,1.9304664013685644
-0.2792466381821712,0.6005323379821759
-0.9461413638018954,0.204022436742482
0.8735170283959031,0.47781335381138684
1.3278552499934015,1.3096011787688768
-0.7884155415346921,1.5765537068992184
1.471094987033288,-0.08612565348123018
0.6344258797238158,1.5719109807346867
-0.927689198857832,1.590533757634655
-0.7128927749179008,0.38933530709346315
-1.3233952965662417,0.11766175403096901
1.3019524409912644,1.7942082483656532
-0.5240638400566769,1.762387396035721
-0.44796380241202804,1.265880163951381
0.3180329955977519,0.645310520816675
0.35302785793377156,1.266647641676568
-1.4394633662983314,0.46569171052799246
1.1521860004816458,1.9081333192468846
0.040392020197360434,1.8427856185988978
-0.49658887642061367,1.359283912883893
-0.6410372020774933,-0.006373229240796641
-0.9744966102244593,1.5523942665237043
0.7487165513148324,1.6893482663788248
-1.3502213571544082,1.5043023792336885
-1.2496277137571241,-0.18228715000854342
1.4522446585247462,1.9955791978228545
-0.6877044039044011,-0.051049502899661064
-1.2283845406769967,0.14927608974975132
0.32188832675376755,1.6153079398780945
0.4211723227077191,1.0378206403043697
-0.4640255851524815,-0.04565318877662486
0.3902101765515549,1.2354895754685602
0.21119256663745167,1.151585394154678
-1.421065003581211,0.7100863061886655
1.0975277833482653,-0.13811054728032957
-1.4973182489602503,1.6897663179173237
1.308500616961974,1.0142525795016875
1.1218682894663319,0.31639847708499197
-1.089260279359672,0.8736531580991485
-0.544497674162194,0.8707940405648793
-0.6662556537585023,0.5040368794011376
-1.431519079728684,1.309683603600336
1.3137195950316394,1.4564954543767243
0.7258085138928263,-0.12443328673874601
-0.47095531109615774,-0.09163489911263173
1.3608540819686565,0.16832414199348744
0.9612114341695897,1.8175652374461635
-0.9953128858529658,1.1510734777105176
-0.4844808835478416,1.6310804814680282
0.5179279422414877,0.42709258629911
-0.262250187368521,1.5861855082054668
0.11122349476118898,1.7437605580319409
0.09396126149855855,1.3449629325889856
1.4888366418839913,1.4125584287154718
0.4143430511997295,-0.09385236642708468
0.6896729589053887,1.3847222557159924
0.32302494868415854,1.315387193154835
0.2639071284641912,0.2293959404173802
1.1639745424669332,0.9973474631499399
-0.7246352212763454,0.8637547113281876
0.6805606192238418,1.1714043604868367
0.99112150352531,-0.07290119228400338
-1.3805783543705483,0.25470368270754074
-0.5045964529273671,1.5366080777198579
-0.09722651707062502,0.05976528811622672
-0.44461752431386636,1.4551061934507843
-0.7519537658737624,1.3157258629438495
0.6022013851186103,-0.11895874223570908
0.5586180383732318,0.30446852268631536
-0.21860420513269974,1.7540800804960064
0.8079622724698998,0.9597319132228062
0.3612886625135898,1.30764278301831
0.3306725936750552,1.891988396738418
-0.38102549242593775,1.13829605452739
0.190220105992005,0.6465102384442436
1.080442556643717,1.3853358711903985
1.0185119321986433,0.3189518658754425
-0.5446047012676667,1.317846408178947
1.450733532450184,1.8162285504617006
0.8840930126819986,0.7450862252301951
-1.4320686988483253,0.2328163201854131
1.0192053264506713,0.7581487606964288
1.4122754155758783,0.43177983204242704
-1.1172046742100128,1.7625745414382685
0.5636062836563394,1.0979607944915744
0.6776939566585511,-0.023374638473906306
0.7930001701339298,1.7178214912083762
1.262419294908181,0.33618440297589264
-0.10637032683505243,-0.1745102623964485
-0.22366922154567748,0.836406449086599
-0.7483292654692233,-0.1890858568983684
1.013571655857191,1.3927384382979533
-1.0898057491342872,0.4327549922171942
1.2708694449022202,0.6123218945389259
0.6715384965602,0.5526131614803984
-0.11391688019960755,0.10634010375329278
-0.9387812223151992,1.3636878747514525
-1.1999806820359409,1.9266026403060745
1.3891572262696026,0.3186233972172641
-0.9946241226974957,-0.17018344010010467
-1.3863870927770123,0.29688323227386987
-0.23210567766973123,1.924531212776481
-1.3016385082221889,1.5610377445010108
-0.28790476793802977,1.4307186004307704
-0.18019578841474249,1.364506211638424
1.1859122694485795,1.8458881642842073
-0.6671196957346547,1.9001848011471283
1.3493291197268165,0.727897672715379
0.532372794870553,-0.15826109354470191
0.6874899770703209,0.8616339886649358
0.11741884063171848,0.8482516241905984
1.4931587124402368,0.3679437420015103
1.3362881267664948,0.2809020826541271
-1.1119409896182373,1.840053791702921
-1.4141027729975446,1.3537843837830608
-0.7262847758442317,0.7941086926727878
-0.9748691417694053,0.3112233747333472
-0.4900860337886841,0.024737250682970696
-0.6175111884784517,0.004555188343202371
-0.5973334564031916,0.06815362659052954
0.5514002879947482,0.04894929164009143
-0.798600578912362,-0.03850964433393772
0.8093940060227309,0.8906679110523781
1.0176847567242087,1.6937787881662385
1.0401861341125702,-0.030041997666078013
0.1161076673883048,0.09985134973573268
-1.1561960676607614,-0.16894686614137586
-1.082978679005138,1.852983950066699
-0.3009427374216853,1.764454070638538
0.056545242168604126,0.08742490304863626
-0.4241773857535449,0.3503035822005363
1.4324066808494686,1.7260119853575882
0.9377599512494723,0.3413776909111394
0.09625699497893714,1.7274617359049338
-0.5579114620403917,1.4659433240961257
-0.2902123103500882,1.6652329312561287
0.6402561283956913,-0.04773387130744777
-0.05896410486846193,0.4961196252731997
-1.4725533917860238,0.7263156033803786
0.8766403704433134,1.014534997734022
-1.1593187738037123,0.3492729195040373
-0.19035561051848826,0.19434013299258834
0.8986018616564069,-0.19591471050822412
1.4225346488124346,0.18458929474626895
1.1578961997398287,1.4926969524476352
0.17243779400009185,1.7530367873552282
-0.6103609845280586,0.6289976974734561
-0.24244165541602514,1.6403198138219584
-1.0150594284516516,1.334591055935539
-1.0129530498879893,0.46813207452049604
0.942150872801458,0.8431820190742112
0.2848971935458864,0.31553719764817884
-0.31274930913884225,1.9570794919932133
0.7841780876175712,1.5102391553069643
-0.6789572655439716,1.2593461738334664
-0.7638533443392137,0.4100860217268795
0.6308370718018161,0.4177399510820062
-0.407662723804908,1.1423750279332632
0.7606723732110501,0.006589014195517273
0.16711668923425238,0.46402271828436187
1.3325793183144805,0.04692946517240948
0.910203276619487,1.3837916784297468
0.7862681992522438,0.43791288719332017
-1.384594661023771,0.9105314598164811
-0.4514084394933746,1.9891597533598409
-1.4653034597409376,0.7924001210471256
-0.9580493902676336,1.3907852030699968
-1.1077296271270738,0.9756484647111374
-0.22168615496698507,0.7849081038426966
-1.1185565661461552,1.93901666443843
1.0901770914589584,0.3952754921038549
0.07708356776778302,-0.03129066742428663
-1.147648045247329,1.6738166005853674
1.3523737980554782,1.439782975902741
0.8527256258931439,1.9902684703512337
-0.5287116235234548,0.3213841963286586
0.24443396067593026,1.0369573143562982
-1.0835971326536775,0.15244082168615342
-0.5165938865043371,0.38312692099501394
-0.4884242041135245,0.43000881384380524
-0.05467131431261141,1.7837368921535202
0.5708714299169135,1.6432802977742895
1.2532981012608584,1.9058003221812407
-1.2029148299911976,-0.10063856543109727
1.2642444396432762,0.13302698502474214
-1.332461518047026,1.2636194893722275
0.836251409815084,1.9168064573680248
-0.6327484735873115,-0.07275468914294925
1.3241208641873472,0.6597220792101559
0.11672106952495964,0.3400905392848372
-1.4452695444338088,-0.1281806180452033
-1.0785751826623209,0.3358203902160752
0.8312736786650752,0.902481320567897
0.3245334908554871,1.6112174552208387
0.5852055364565167,1.5239414786175423
-0.5213389399944851,1.9293916836959506
1.4857044112961901,0.9284541572675731
-1.3363440092998278,0.7253408590088593
0.5305467368552188,0.33078188678442516
1.1386078874970247,0.06761984931145182
0.4466627940554069,1.1977936004089393
0.7964060023766715,1.8004936965694978
0.3964863472329081,1.9421792578488197
-0.29893271687817013,1.7710342298760424
-0.7848405845785533,1.0148565769516753
0.0013558320327602402,0.38910284438596227
0.5762275531180907,1.3366416829965135
-1.1584100172518754,-0.053857854297188645
-1.1066848809128702,0.6567528117653729
-1.4662641498812832,1.9138813084822364
0.46475154165988863,1.3292530754154621
0.7445120886976699,0.4204102475452964
0.17808146539103809,0.8188639828247779
-0.8255900459634247,1.8817051952178117
0.9134515347820642,1.083351049869862
0.8606643668630714,0.16898638875122884
0.5561156054478378,0.6486070527389269
0.05252697309776089,0.5261801778328525
0.9172821426484199,1.749497633866624
0.37997410242215723,0.5028615398328427
0.33659127851574944,0.25729054840838556
0.9091052372920254,1.4738537234742068
0.4460531276280717,-0.17149915255765083
-0.3247108413138544,0.20495967547149546
0.5865812186268418,1.5608118765533943
0.6649379574143,0.4479168908222407
0.638538217205324,0.19454425495976468
-0.2733219737958503,0.9041408104883768
-1.2063302853597895,0.37975174115136173
-1.4318507763242752,1.5630389798354973
-0.32916578152527687,0.3191288943963116
-1.296777323285086,1.6643632048373642
-0.44300602618756235,-0.14101914240636698
0.38451148795785084,-0.09102492697762549
0.3679320831462669,1.8549527158071093
0.45902777544402174,1.6048589936493693
0.13658639969195052,-0.09236013221686497
-0.24867459795830693,0.06564591226968275
0.05450351329853409,1.373037897052631
-0.6197312430845496,1.550869930564828
0.6009696427873097,1.8276810673675434
0.5533231481008789,0.18634965963994665
-1.308395395351385,0.3175536190038653
0.09451468654374806,-0.1361556066052338
0.9675338882939011,1.0261952456466041
0.9474010484221096,0.4441264355669697
-1.0888556311749649,0.5954145598558949
0.03396047034276006,0.3647601040900467
-0.12231934181307236,1.9094421004280517
0.4231717712427452,0.45064772829824334
-1.4905527900939675,1.8873555189357896
-0.1702509137414483,0.8705516864239617
-0.05211278220334248,1.0553649441031328
-0.9859171454969305,0.3716636258878792
0.818689954929301,1.8892557404527228
-1.4692423248134678,0.6623438540420883
-1.1955093722936971,-0.06683188978393137
1.082269473674745,1.9528285507975156
1.1378250039737914,-0.08945832268777956
1.395468591965619,-0.1462042765840664
-0.14927426140453104,0.7440186085776073
0.5583276912289388,0.7239843607726721
0.1747647225758051,1.2598743779674475
-0.7732571347108109,0.7831183493760647
-0.48475800194941887,1.6083128008365282
-0.3628916266667306,-0.17211475354019254
1.4291941781548516,0.5432910860021651
0.3136390540531324,0.0436588996267224
-1.1870886043091455,0.3197044953817539
-0.08309870094018756,1.122355086780131
-0.3311367159838823,0.48605777713713966
1.4644164718936654,-0.19295688770409733
1.3069038038400747,1.9074022602836862
-0.05751772507041575,1.0568319750532207
1.3449901728869031,1.8166334505704895
0.025224360602105422,1.7688224964216184
0.9056687595937181,0.6947105385583963
0.4229791166994601,1.2375914861275563
-0.7845242315277623,1.0639607907659538
1.3528342924255652,1.1068361052961384
1.480716061263399,0.8365257890274846
0.9932647560942267,1.9872653857994174
-0.39125250148868695,0.046817480304702924
-0.6981615151795569,1.0929826290724811
1.0019682556416951,1.8762248259511358
-0.44212385439018465,1.326194762144694
0.3767429817340173,1.0966664427203572
-0.8668346419151316,0.5224354532240463
0.35409021875729585,1.736581527584076
-0.3571348061823101,-0.03480496668528238
0.8386297349140355,-0.16264081532171903
1.3401963043017253,1.8356443428590399
1.3674072316223151,1.4810894040647116
-0.9033545188703436,1.5976168991779984
1.2988996611323382,1.4127863810819088
-0.05136552339993594,0.7286479949431437
-1.153080961398015,0.4001211793163337
1.204633002179794,1.9156837282562467
0.7830071397406924,0.6843927934093421
-0.6374196955266503,1.878169940654238
1.3220798511708125,1.1908021887398692
-0.9817152919977311,1.1717290059381638
0.7243389000184743,0.14019583249299844
-0.809634903850637,1.254017812986566
-0.4204428853629252,0.03682806550946985
1.1580845982428736,0.8515420646810783
0.3003436530790904,0.5479954268986154
0.011641268519337222,1.5739039560125323
-1.4446020774635677,0.9507870367768079
-0.9315560264267135,0.3505432335915741
-0.4016538544588035,0.14054445684253036
-0.9645091442727374,1.5466976630101161
-0.711586856224516,0.24191861784324897
0.31471224883827986,0.13024471014115024
-0.8289849405229163,1.8508802714258639
0.2778942398092292,-0.016192600925559048
0.8104731251570874,0.02884058939369641
0.6636620761701915,0.5297934740060928
-0.4697994767853646,0.41611472725859283
1.4826579231066543,1.7798102547592638
-1.181163480774436,-0.19912925461725167
-1.0705214245206567,0.9970515179294241
0.9602132690156413,-0.03317400223389483
-0.9867022044417193,0.9602018198248898
-0.8974846550084274,1.6541314534181841
1.350031017926356,1.3738456197250344
0.20132706193649885,0.5769923943520898
-0.8201982836021747,0.02096695528307496
0.13887469653166873,0.15066563900841473
-0.5055224765088779,0.7128702235955959
0.6618571262393016,1.3687313481968106
-1.1971334507277844,1.707710356705194
0.5143400878185642,0.4059486264187178
0.9298584642839511,1.7591629506492863
1.4226008067772358,1.7099629344747054
1.4528963353611255,0.24855236248997864
-0.12976605425549614,0.6629842632868284
-0.030581994778111632,-0.025898038139823637
-0.15915610655578982,1.4815044313097203
-1.0635775769613147,0.8307396575211379
1.3937990816685408,0.8081236709803301
-1.0379804271453137,0.14984667081055258
0.04264390974235566,1.4921526699670626
-0.8903472716838301,1.6791188170336937
0.4522144379290487,0.8247470386253464
-0.10026046550915213,1.2325187878285873
-0.3786176403173471,1.5349768817025506
-0.8945520171025565,0.3156975202805152
-0.219030530537754,1.5685932615454352
0.05607971399771117,1.047075707632496
1.004447924693812,0.6025445315495159
0.029094530678103414,1.8774545115018848
-0.9037533810718308,1.1081614487161888
-0.1956382280013218,0.5013325857441027
0.5644294359434849,0.5481684549678214
-1.0532190641205434,0.6093910802146012
1.35637018997802,1.101987021419397
-0.31305587581727146,1.3076968897530723
0.9695451290448043,1.6394049634641132
-0.016396785933037394,0.7622685704491734
-0.9215677444257419,0.7333078580876367
1.1880143397823772,0.6645309449356112
0.4537541525072393,1.27823682811969
0.6068271663043618,1.7596407932595755
0.0598021598174987,1.8444646620960217
0.14017658901172725,0.5594140112129387
1.024057399964585,0.8657704704277425
-1.2039439869428592,-0.11275503253253584
1.4609147982550992,0.6819538579407025
-0.8038536125800391,1.3190635607221777
-1.0576771612225757,1.685582666674907
0.7488829215229194,0.2181770468429335
0.8664311144697674,1.4664942339415594
0.2731434007838862,0.7217295769515049
0.7625324770422672,0.5452562473885838
-1.3181526058608972,1.1734786390147842
-1.4919909745854443,0.3312660664031391
0.42728395786573037,1.9257319602803997
0.34943969515539663,0.34961273492662076
-1.1935556791305726,0.9984162530561085
-0.441707801710189,1.5572633985365136
-0.5376541026295125,0.16877356650911807
0.36775289660275456,1.5536687734291548
0.09156059764353452,1.167135747787908
-0.8802058268364177,0.7707999106932266
-1.4734405013228375,0.0711289802366823
1.4853242333701893,0.04169736668613172
0.564937493004368,0.4243240455566099
-1.1356113841462525,1.6138884979576194
-0.18532274678731686,-0.04823314360663525
-0.13447710600469476,1.6181294486845177
0.22213958498477337,0.40103692600172797
0.292799329438576,1.0862276546610174
-0.08769148665412496,0.6524603314818811
0.12881592181868484,1.1353497439762226
-1.3189776621449054,-0.195683438509129
0.6362439761346987,1.303449616957669
-0.6747710581809381,1.6873734369362372
-0.26499243808861084,1.4823615699681603
0.06005059136223512,0.6429581591735218
0.2347272499144255,1.716075180677017
1.2447513787382416,0.9329480161776664
0.6461110837533623,1.2176136072045762
0.29218773900306827,1.2013307686700767
-0.12866337413297635,0.42195936271753426
0.4982671093962696,1.1443192271208442
1.2253855953295236,-0.12310765902325715
0.2776335841427824,-0.13158445692720389
0.8589473273256236,0.7167457939039019
-0.3610960214436012,0.5610547005075315
-0.3253583939573492,0.04874645984942286
-0.12514469334725375,0.468891506064607
-0.5388134824210526,0.3942586094351079
0.5794737264901588,1.5933487540706848
-0.2940981512575429,0.38982674214448637
-1.3938524750858312,1.0176667122792757
0.8915503405495366,1.1403151239537732
-1.009197568595619,0.2566681954625116
-0.9539716852191202,1.3793187043569746
-0.6823943699760375,1.856771090230575
0.913951303807627,1.0023759946074189
0.17113910406683308,1.5465276762153262
-1.0523485490844804,0.7418265699675277
0.9691622411712926,0.1259000977616584
1.1136628760194967,1.4536868724066634
1.2237406648854217,1.524738355800832
-1.0991327492410545,0.2430553381688662
1.0181134839889756,0.8211226036145334
0.9442425233712886,0.48269290513941304
0.8943011618227086,1.1448364136139109
0.7577185835601523,-0.1177986716062491
-0.9547436755223431,0.2187713398565061
1.1412431414810555,1.6267104769533873
-1.2915056554737114,1.489059895212672
-0.15438542215147333,0.1613587129708396
-0.7032391935768076,1.947552555701588
-0.25722349670853895,1.9231787024970612
-0.034726892134341325,1.5506892918503687
0.5599233038128295,1.613566539360189
-1.178963228123765,-0.013026843285009804
-0.760534278902476,0.275573929672793
0.3337706355095622,-0.05728567929472547
1.1730710438752814,0.9982860415145163
-0.8439254324228317,1.2996489640418256
1.3410679862135586,0.7697928763724111
-0.9008200034545091,1.5328172649307301
-0.17481725751052468,1.4342300943022335
-0.9327703099897485,1.0450788330437155
-1.1684311827997915,1.2275102334543875
0.011803808055984799,1.707294074305946
0.6007490523447165,0.05100018789168792
0.48130013485040846,0.454749548852222
0.863957570613592,0.012879456754312374
-0.8571146002364523,1.2220734809850853
-0.8117968975490015,0.8968114362681727
0.7783933442944093,1.7812595270431426
0.48750599620651647,1.6453045048271857
-0.3758177125187214,0.6577175732189229
-0.3180211468516072,1.1235896791448061
-0.6093004892542889,-0.003908664672543305
-0.2955751129796971,-0.13372414293105572
-1.1432309250502053,1.2555806964074603
0.0728926549675597,1.5363051779436785
-0.34829704368421655,0.24654662241892444
1.4654177284283323,0.4915010241590923
-0.5538481190415168,0.8932546715913892
-0.7166265079132501,-0.09484817534560028
-0.9274661286282795,1.6300533070031225
-0.6288910328692177,0.1551072041727326
0.9410511750842101,0.6222798771639089
0.2562453993938556,1.1027980585935468
0.1620535877591016,0.503102604780979
1.2829532312798428,1.293343427254262
-1.4873033710755184,1.6927060676724077
-1.163354957564474,0.5968441223048364
1.1001983952833103,1.8706908063789556
0.07334827251650378,0.12693919788174013
-0.6151931275146598,1.7135856186906246
1.4840293643948956,0.8919707176882421
-1.472318945676319,1.7982154012139966
-0.9513634019379786,-0.18723516940288926
-1.1380303831082212,0.24040000060035677
1.4285005608354058,1.2129725772473816
-1.456686925577241,1.9722969367750098
-0.3548959770227764,1.8537766262730397
-0.14300997670823934,0.8332691975826669
0.06034285242136539,-0.09246791563374847
0.10616808580520676,-0.1458741163178215
-0.007159241603046151,0.6207531980704015
0.8652974487850855,1.6529572559613694
-0.7527969384618437,1.423316909673633
-0.08524080823356628,1.2470391500218994
1.148566020992965,0.6803273189875341
-1.215364607150244,1.22055350565243
-0.1762915773588991,1.4781820878553757
0.4766672186501901,0.8877629727875118
1.1535451614544066,0.34948719742844087
0.5654414570492592,1.1096016953127228
-0.43838188011802504,1.0239816162277169
-0.06009778908083385,0.40978031970400436
-1.2037945536895216,0.40806833287823213
0.4498978908665583,0.019408254567493094
-0.9882527549247843,0.6654313958703131
1.233839800012376,0.8669997962565192
-1.2238421303255493,0.42589142906632854
-0.6714818819435325,0.49850114324658973
0.9030244811365833,1.9678326833222057
0.3428069992704259,-0.1578620150080991
0.708346675936002,0.8927834178928935
-0.4809378724309701,1.5927526212533636
0.027474980323831666,0.0017685790142849545
0.2106353745002716,1.3918963795130692
-0.9712722891863896,1.3456857514566327
-1.4969058387930008,0.42899838468545565
-1.2511364307877426,-0.008398278210432236
0.8131262237412313,1.7752901263325707
-1.3259432696257,0.3908451242179362
-0.020362469160141616,1.8602397859103206
-1.3557472552907666,0.8689125743169901
-0.34501047473754687,-0.027141874112712322
-0.7039980352901647,0.8372686977447175
0.915866590508164,0.6678708752359241
1.4699767344977217,0.19272758020939457
-1.498783234534649,-0.007950243453380357
1.276271978465537,-0.1940021733842778
0.6753009271726169,0.05358346845442136
-1.0617856526975071,1.169620321933422
-0.6665569725531448,1.0905797093986418
0.40305851285580996,0.2892261961744771
0.27428189527761937,-0.10250799591096928
-0.7900199853693202,1.9961129112019196
-1.371120063606353,1.357274731443609
-0.7423574731139865,0.7522093403209154
-1.0592932517952387,0.07468223944421959
0.013697305498125978,1.2862378099785763
-1.4223401667208126,1.1674546734776803
-1.2375259342239806,1.2186858632621007
-0.24635020718079326,0.6700237905158857
0.06276192667518243,0.5800658959168705
1.456916431613597,0.4074417400877654
-0.07787007875610907,-0.13250263437480994
-0.0796034298581898,1.1629901187744196
0.712648016658072,0.40386730363601914
-0.5923340389034071,1.1746605253271198
0.5213198001856627,1.609145261986625
1.4165789519701546,-0.16861405354738443
-0.004441283049833267,0.4782029573438003
0.22271844694499898,0.6409697934629839
0.5840050619572756,1.9399584510286598
-0.20680297851542417,-0.040332068698327145
0.6420272096053079,0.8208558922416944
-0.7163045399141095,1.5243491023127453
0.5837606385117851,0.866419565207962
-0.4500628298509579,0.45203035964316135
1.4574662584453968,0.4823770965112559
0.8672785238093548,1.275751984971592
-1.0711329533961735,1.6234442317129094
-0.9407606655700176,0.03713562303309284
1.0376409981521135,0.8156234438656005
-1.2460092325086727,1.4329538417607262
0.2634227626053045,0.7302601238361499
-1.3666245361831837,1.5831023232205261
1.1090804352990302,0.6280949350413583
1.3981495014473806,0.5736291736056913
-0.750276589300261,1.0096683887244897
0.931668477872841,0.8566000525097344
-0.9067976450300452,1.2941146780799846
-0.3219643036310844,0.2119039291586865
-0.12409322605720097,0.3351725865454746
0.17759867972342902,0.8013417521469615
-1.367701817435139,0.1997235003323542
-1.4152291829707442,1.4559219776254793
0.5771173003698635,1.3123557918989173
0.45470741539721704,0.8392805173092934
-0.9158748906101745,0.1892712318209912
1.2105099158584096,0.839529036195225
-0.12549566955565217,0.3201350888258833
-1.148741049535201,0.4752493986866367
0.962252675452052,0.9369562982933646
-0.3906822689467171,1.2172498159121714
0.8846052505544733,1.5775600800198337
-0.3165562594339717,1.267074573081779
0.2808472052277988,0.7321932396116706
-1.0432310556022613,0.604934080085644
0.6926861805299693,1.580138221329714
-1.1090444326045554,0.07945946996140923
0.4477774197697122,1.446349165412178
-0.3775308739562837,0.7797526164558464
-1.363055251573318,0.6915101873479725
1.0408476873469397,0.2864330655804032
-1.2226284084544745,1.3186564984133313
-0.5325709120606226,1.861509866491217
1.3744378284444334,1.9752384753463514
0.5367856343705188,1.3986795774086243
0.3517005288962878,1.702405112899914
-0.4948233842257861,1.8881515227981878
0.1040463225643029,0.43020892277722383
-0.830936044887512,1.7793600259387794
-0.38567808395739545,1.9502141385244622
0.11769531308440206,-0.04528283216591311
0.0821003361663657,0.6648581594704723
0.5552778912503582,0.958957634182128
1.11356310876821,0.5497256781634781
0.4128363212901158,0.7496465040255114
-1.388182479507591,1.095925603474483
-0.09431845226781022,0.3802936784330428
-0.12904136987472348,0.2031156985983658
0.2795590186791661,0.8701294066204122
1.474739493596016,1.3884590983124308
-0.1982416758317087,0.11743242827784967
-0.9708260237304864,1.6543910939904563
-0.6040389140420258,0.24096134819110598
1.4018930218679633,0.37435868376027764
0.9295483807036322,1.0205850319710543
0.8384185681747307,1.6185694579096312
-0.11809866387847756,-0.14348535956891728
-0.44078801255183775,0.33454766991198354
-1.177332758276272,0.03856022646652957
-0.7144300259266526,0.06460620195333461
-0.6932087636304686,0.11425141635916347
-0.0010557941722244557,0.512898027688562
-1.440666570193888,1.5996703051665597
0.19998374983933864,0.8046600370796593
-1.45324492026248,1.2331686957863992
0.7825192006768358,0.8110451338583935
-0.6764579550170597,0.5722339992622827
-0.5802327162919447,0.5698470915546818
-0.5008181504268556,1.9318000627327663
-0.14136750708890555,0.18251828467480885
0.17416736811163336,0.24126088266729023
-1.274907598009916,1.0582942002153204
-0.4689662636504548,1.9836085977047133
-0.9221666363299095,0.23322567295769298
-1.026449648677328,1.670596531627309
-1.3749539659394108,1.8308467557670192
-1.4957130500821496,0.8131941240733076
0.5556361696062138,0.6504932281367777
-1.3118047467858007,0.02545232329126912
0.9644638267676955,0.5566975661277986
-0.45281621787892923,-0.06358705819405155
0.8489028061359742,1.5393607215030087
-0.9773246481001405,1.0947730567485872
0.010823879858111951,0.10373025658923613
0.7348830986442052,1.3184045915668121
0.7193172713773519,0.6239264491796666
-1.0351423146398735,1.5542049022691182
0.7400351663834752,1.6899133087449467
1.3614850003888606,0.9065369277543995
-1.0925273149562438,0.4554614466895606
0.30576373123123846,0.6445247998816477
0.7981106915565803,1.5705261782385127
0.41989086090535066,0.7984206407791345
-1.044489500515674,1.1745186706404258
-1.2905575028016276,0.6197082627838841
-1.224178564706555,1.733143559489949
-0.6928594514195527,1.587983852199609
1.3330214457080434,0.7977477205707171
-1.2103966782406066,0.2618479509568017
0.29153165665467373,1.485916799399014
0.31072862703400084,1.2055842591394688
0.8249316638427118,1.812287929519209
1.100442398063855,1.8604665431103682
-0.15040827083804764,0.8558427791645407
0.3692523754259416,0.5904250042139381
1.3318540924730202,0.5259463867140688
-0.6084706973866707,1.353197967437288
1.44138886512264,1.790269984877984
-1.0839093467432481,1.1328433287007933
0.08471200344539898,0.6302644238962098
-0.1989951124688727,1.3829279827829613
-1.3759746501204733,0.9641493655607176
1.4959604694214605,1.815374178401224
0.23615643554978738,1.367298918964801
-1.167273199212675,0.0058707344338276846
-1.1013932220803329,1.737504662989542
-0.13839216034008972,1.502506782818133
0.9274100682788808,0.4867982777960594
-1.3697758190773104,0.6496173181165814
0.6170979365966898,1.8099519120717014
0.7491888690576705,0.10748182082852165
-1.172878649911773,0.4687508202978154
1.4489494831054066,0.6204963471902696
-0.9688059563489163,0.9806046493888825
-0.3846654447553681,1.6562141559058767
0.3576699415439091,0.5072633400485338
-0.9660131574850254,1.170503290777434
1.447267792774202,1.237116828436174
-0.8333105645161245,0.3125113753452014
-1.0284704836635759,1.0255030086544774
0.8810386902918754,1.6207802296866634
0.34494091006321237,1.847695922081323
-1.2757519634334968,0.33053292381448846
0.764219745187078,1.7552637621878902
-1.100975841992553,0.3744552144992766
-1.0337637340353711,1.4192815063542914
-0.7432905023747582,0.07002597628958251
1.2931695347536736,1.1434691366797654
1.3939223991337655,0.7464343829958298
-0.6495022369294271,1.2073726387982149
0.7955860727865667,1.3775045450669268
-0.2881844963288849,1.2138964023294831
0.3681312807485204,1.1692381789302158
0.5265346455037898,0.8846521421407467
-1.2366722228860572,1.3327068362834193
0.8837051301869443,1.3665324508754206
-1.3410737354029496,0.879320243859274
1.0925311042991277,1.7925772603380639
-0.0024477353241270094,0.7961643461824393
1.1159323429625152,1.648127228517948
0.28903243077996965,0.1103935371426657
-1.1042450460202438,1.2382995691828105
0.5662352190295197,0.5315990805616475
1.2139192078043024,1.9856877930829648
-1.0329505856285495,1.009964537706557
-1.2339906153778246,0.28418811888549117
1.3755234236037674,1.0670871500208876
-1.3771870725443107,1.7277813526014127
-0.10568287384231012,0.9476293010225489
-0.6912882968924504,1.0484243978963395
1.2862641747377186,0.5058687385888194
1.3071047057964655,1.3060708690306044
0.20175360715053525,1.9751071074173125
1.2991950002301875,-0.16649780835811542
0.9995476613568717,-0.18538789728766103
-1.3783250103070703,0.8889886525002311
1.0962200774275566,1.0121090073091357
-0.33803517796072535,0.09030841103247905
0.014718791903526318,-0.053103903473574326
0.8230763308050939,0.233893049867143
-1.1158031001945843,1.9497598414443063
0.5292015530479754,0.8633577648043482
0.9369931858638991,1.2467984383084862
0.7701516227558534,1.684990398478123
1.078331023160259,-0.020324802336492614
-0.013806840074272575,1.396624831284766
-1.3694476406499796,1.8351208812427877
-0.9438494118421472,1.6272566219439544
0.14204700332114673,0.20417593013182495
0.7976484740561793,1.3546053270273442
-1.0943260105841852,1.7052140695455262
-1.0359350111075036,1.1589561938404842
-0.07338044026055224,1.8440713256507653
-0.5223161324128707,1.2437486474057593
1.357013211097776,0.339592496555228
0.8410705049375697,1.843898054410239
-0.4822657643819319,0.9424507904644108
1.0258681554700262,0.012252960005945723
0.6702249914765743,0.3911451524021728
0.3461101059310945,1.570301459212605
0.3311341487547155,1.882194894503823
-0.15776235167973396,1.183249992032714
0.6980833823814856,-0.1806487748325969
-1.363568217283687,1.385134590318926
-0.38538644416726053,0.42665614927216705
1.2317043091222248,-0.14740447358911016
1.1483006465265113,1.7384563122292167
1.438531228944607,1.1951336662970926
-0.6233682867808442,1.9711191032767739
0.6970024699721451,1.0141606479753247
-0.1507421802642277,0.8357121870035251
0.7223811710166208,1.9317991803882235
-0.3486974256349322,0.2781503032692019
-0.019036569104295298,1.1868136107543257
1.3368026399907675,0.7726333044912046
-0.09903769599205114,1.894968676366133
1.014105345919802,1.0694586320245434
0.39889008835352713,0.7843358180011983
-0.7635372450038732,0.6299870012224433
-0.8585149299527267,0.27308234978614276
0.6819488369355415,1.5580096914550134
0.5822476824846534,1.9947093311919006
-0.19505763426727474,0.32865905778166077
-0.9082512630905036,0.835863770832975
-0.7063973675344217,0.9861553192616159
-1.0596009623072056,1.6322317439460305
-0.23341628732632413,0.034329442505220104
-0.8595067961963124,1.1139432954728836
-0.9566684753647157,0.47725405229332646
-1.3855825250239633,1.261310045613366
0.389363277345681,1.103131516037822
1.0128358935353963,0.7794456714167763
0.02416708440019244,0.18998420893263096
0.525374007115321,1.3995005676566195
1.2569228086036635,-0.09839787473469334
-1.3185510690901778,1.6241389810519469
0.7733489626783152,0.4582356618323175
0.9458843733675089,1.0249754254003305
-1.370421888402348,-0.19539609975192782
-1.29763535653366,0.6707060779378864
-1.087788808155652,1.8420595831153104
-1.0423214229746014,0.3606812790657284
-0.22871253409592263,1.2713516694543388
0.11961214594822378,1.0247130118366856
-1.2834307110990046,0.45019661045395404
1.4999703705426861,1.1963173551087654
-1.3207441541144458,1.7141226978796733
-0.5292412904355397,0.3284390212145421
-0.7869578923325304,0.7470481037040801
0.14825992546691724,1.9553586035628843
1.0891782166807538,0.2935908941201698
0.8469862556148717,1.578342077156545
-0.653155242056008,1.389696308393095
0.4780687164328037,1.3576957377601044
0.8399583877190526,1.2919754798314502
-0.1530917828989291,1.1712025143957747
0.4873617716201122,1.6522563260114498
0.9208471830349154,1.9779556795563058
-1.2111308817141142,1.9965191884981628
-1.4488437914048153,0.7413663293794905
-1.0353774364498949,1.7349431125687558
-0.23542551789743227,1.1495073203407629
1.309619373652199,0.6059869606944412
-0.6538279904992663,0.2142173199902116
1.4467047603115444,0.15231128487365958
0.13915354067657137,-0.05301484584240995
-0.25601054046099336,0.7501690574715854
0.8942016357237663,1.5692686315227637
1.0437249130242416,0.47551211234820295
-1.149586901982022,-0.07655255319802663
-0.6458475692151298,1.94173086378577
-0.7573145626236506,1.696673576833034
1.4632267982990776,0.6448616695196172
-0.5289533358322742,1.4883390933394096
-0.20608727773025826,1.4754534140690763
-0.41159584839718666,0.16423675727674286
0.6644400829508936,0.11105529702944394
-0.4322354885739863,0.6710779384119172
-0.48249213938809854,1.9024061409186455
1.3550003696436477,1.612921361293388
-0.7586587992377258,1.106433003375091
0.08827127944808844,1.9761116314186766
0.3564025805853346,0.466106889785416
0.6740213126517842,0.031419637033477554
-0.5449662058506213,-0.005654939032009837
-0.051817788471869575,1.2039662018962916
-1.0992036770405595,0.5122209095018406
0.16530039135224373,0.7980751991421664
0.42804481966425945,0.7351580112692784
-0.883927624642433,0.48304479915563053
-0.31000408800761026,0.7647795945175127
1.397596491603947,0.6055528670321475
-0.9462120093788398,1.184918052649643
-0.7564220657879744,0.9234678084264725
0.5252740547411263,0.7234204796926131
0.8088408525149209,0.8064909462959886
-0.4506435817402097,-0.10763220576235497
-1.2706806824566044,0.528437329289402
-0.8161313305101197,0.6189843625813973
0.15127024779432086,0.013016634806413768
1.160325973158217,1.4042046182002923
-0.23470734300972484,1.1724093672537104
-0.8921085190169745,0.9722335121846017
-0.670448828568049,0.7338390313312848
1.174698094882359,0.45405068532086595
-0.7268606237327411,-0.11366813454168288
1.4192105633124346,0.6280647283630811
0.390682977149051,1.8555152777456996
-0.01879985359563463,0.866735168186392
1.1115260351824476,0.25259430523581544
-0.7714973268970753,1.7134167923368475
-0.6866713073100275,0.23187577243071866
1.186921308774597,-0.07139166727041177
-0.5263091201938679,0.29085980265496225
-1.2559933816019502,1.0869830014733444
0.045557344196095695,0.21142195910307698
1.4154346505555684,0.1407905968612866
-0.2722283552901985,1.0443675066003193
0.4854515324918056,1.0757105466807158
-0.9909436013133681,1.1215406542004396
-0.4635090657611254,-0.11521141390211653
-0.18859506368225443,1.360970006344767
0.7157233116768094,0.32454125256625427
0.37073508013101586,1.8539576115837348
0.13493426499777472,0.7810467246736033
-0.42863502404575016,1.0510984319348984
0.6695286040537103,1.2687685971774787
1.2005742003085094,1.2167580325904572
0.06556334072814307,0.06929535997567615
-1.103868563350468,1.3590547108733944
1.259106488933333,-0.1943820164873687
-1.0513301204921062,1.5233894382502848
-0.5094936540217819,1.2272883471418579
0.3741936488820212,1.201171016168585
-0.4793045450176938,1.4640357350104127
-0.6940152624009615,1.032627761426037
-0.5716658253132216,0.49525954290211066
-0.19330639667281702,1.3749440483529414
-0.7092679516745793,-0.13769998484207563
0.6209197053794822,0.8908095654295378
0.00530064017795806,1.4107984788380448
-1.4603181925678883,0.5934369200935157
0.00749061682461738,1.9663488126677444
1.1570556739664783,1.6983022504651806
-0.6046154383904987,1.6654923254221632
-1.3538356332067003,0.34559866013847157
-0.7823797416154008,0.9416578823187556
1.0335148053362553,1.3407001743017686
0.8568216485345754,-0.06527222012120584
-0.7780071926948632,0.263882558906115
-0.7825974096931152,1.7431660749908513
-0.7757195018350403,1.3817797934364626
-1.4183489959946955,1.067375078499279
-0.1469831842828575,0.6977857799240139
1.2812612507411694,0.8789213872556709
-0.939845610548311,1.7158174729276265
-1.2446881591391714,0.6781804812816892
0.45785200537830306,0.3578425510833905
1.4578387804123292,1.321641967993466
-0.6330017550068021,0.23943361831742144
-0.3734242517663291,0.5508215984756135
1.2120205032414315,-0.1580966878986721
0.4865465261990547,1.4758178915343985
-0.6402575768125547,0.16650602266337505
1.4910944054272743,1.4521756471256728
1.229668134765487,1.6874372124161001
-0.8574165606699624,0.6782818507806094
-0.13163884462759445,0.670508893445823
0.994644485805817,1.3278787423919869
-1.3714897713659358,1.6438061553971466
1.0101166557431034,0.4086942992382187
-0.3002048683967846,1.5692117758866373
-0.24156287893449813,1.9818607910772459
0.29502807115759744,0.6390802500871138
0.33029222213157294,1.5478999308276784
1.451894889871585,0.44627944559908345
-0.34466515117082963,1.796519231839507
-0.1589641574929077,0.08926850067489311
0.585476368549446,0.4140759052642952
1.2146062166796647,1.2511940876337277
-0.5097711428589573,1.827228847763249
0.07294187110519523,1.7064648880120608
-0.9380892972260655,1.745832622896594
-1.464007058432947,0.2318039218011635
1.4426486385173267,1.4285484980674321
-0.5784338148198982,1.5462222692470062
0.28623753027883314,1.0561202458460033
1.4078494521842084,0.5633119945009275
-0.7931357900464352,0.8107698727117025
0.03596965703600197,0.17498181882604807
0.28035957438556336,0.3233080353036753
0.058766951821183966,0.17620415537416362
-0.47285281299596793,0.11301759656402605
0.7580563251923693,0.28739455753148624
0.13396689912765503,-0.03241490258004584
-0.9241288270149064,1.5948318251927667
0.7973154898405506,0.07017864592927331
0.42650809612884677,1.7363964006132189
-1.0547863703540619,1.0146616766657741
0.6442970587125472,0.9015748849927485
-0.170555644274746,0.9129037144503829
0.40954811652313805,1.0344745236852901
1.3730106375472069,0.2972865307266433
-0.717410817067056,1.904739768566037
-0.9179885447224201,0.49309908160326393
1.2919204702195,0.9357280238863512
-1.4173651924382458,0.7087561894741499
-1.3142914728374724,0.2361232329492467
-1.4264012764081662,1.7231399455933907
1.2542136415798524,1.1474858432239217
1.3444949309410301,0.988401258565561
0.3487013735195226,0.7444866191453434
1.4213091735425265,1.103426765822409
-0.3794011093511487,-0.13535283971553308
-0.9209788312280033,1.9649399537081746
0.8732696401662219,0.8491415695189175
0.2625201761771976,1.9566056337565587
-1.1053986806411493,0.3693256436508216
-0.4782582305077048,0.010126567591841995
0.8066555900339694,1.6823158748709182
-0.6181503699568578,0.3480502001010823
-0.9528977973136247,0.7741318043004581
-0.4799946692488697,1.8339711175015128
-0.5798552071895844,0.29021452958008764
-0.1427094726821967,1.7572553959052313
1.431802698002039,1.1757222691089033
0.9696849860975467,0.37267087055550924
-1.0435705979453545,1.458955183356727
1.2127531413602006,1.1282249829603204
-1.3003280189398732,-0.1682740492871391
0.627724616036335,0.691877924139922
-0.8383709519664695,-0.10971939283290723
-0.15177457837546338,1.6630889812317942
1.0009276597022185,1.7704355005608432
0.3871405030714594,1.984365193104453
-1.3106691851002599,0.933899709285237
0.019335582117047334,1.1185575577865414
1.3301827331892166,1.8034084508871138
-0.6817287455369638,0.9621040104013487
-0.6831141374749787,0.21850360470979957
-1.1046860681471498,0.5740366248273003
-0.30438813779259366,0.34093009487338094
1.3198678642964352,1.2020961606830087
-1.3435816774930784,0.06750487757356477
-0.8152328726493963,0.14621141027906887
0.0796075062963264,1.9624647959329156
1.3868968805695467,0.100166306987928
1.3626795451038043,0.7845508793928717
1.2761823072688832,1.544313195148236
1.287473617931835,1.9564004502242855
-0.7306262201613494,-0.009935648497881616
0.6005660348150981,1.8960128871521744
-0.6615787717383481,0.4706234907135545
0.35068556744159496,1.2525362053283307
0.726182565400924,1.4188046662937788
-0.4394351854740617,1.2563173768786597
0.6175131857957736,0.8843299392488599
-0.7402741220508542,1.1389021217673319
-0.4381303812852355,1.6714997999100618
0.8865349856453726,0.6691221218200474
1.4338227678754087,1.1989007159907275
1.070613377689428,0.6586153576477265
0.21122643852519984,0.21474411752786604
-0.7758399783433293,-0.04902427947278418
0.4759744407668889,1.741276612735909
0.40124148980388696,1.1960913897831815
0.7046370197060718,1.5919668709884869
-0.8748771426111424,1.432643784595595
-1.1902971509275273,0.8184168976333199
-0.5824845568614989,1.9032288530899752
0.1660914945974934,1.842359189073085
0.8281452328798666,0.7348011660442229
-0.28984947462258237,1.294772826632099
0.2886736706417319,1.0396185890526828
0.0006397255426149329,0.4819179367512429
-0.8760519926279687,0.442271509361811
-1.2193261704030112,1.3991766581769702
0.271479048422252,-0.07728296097964545
-0.5615307989878553,1.2586237513064729
1.088236307737796,1.9218767755982469
1.3750396743143272,1.276671766798669
-0.2777248432887367,0.29977595840398663
0.5564628328172136,0.8505218500260525
0.8460437733760102,0.10974818261966807
-1.0040471023469473,1.8580786132196876
-1.0320189850900205,0.30209310780262794
-0.5599608931865776,0.4546287994347001
1.107028841341207,0.534395353214145
0.3074827129585358,0.3203844608067729
1.2996683197790384,0.4979388920724496
-0.09809490164972301,-0.012930930451022477
0.8939687570961912,1.9429763744373603
-1.1288478736863599,0.13990071353190825
-0.5718295017800616,0.2190779275500741
-1.480729016116243,0.8438858420580224
-0.26372056803481936,0.16236446037373792
-1.2443401349436956,0.0946060560960299
-0.8140951540206398,1.2818490419871738
-1.3709718939570998,0.2089142808245057
0.5945173467481633,0.1361849919077776
0.6945957532222522,1.3662029521413641
-0.7611467703867761,0.6305104947044917
1.4830161773529902,1.1576930322902994
1.4943257818259021,0.22979623434556723
-1.2470158724984088,0.7896391250633528
0.8688636741843405,1.7078626725857968
0.4542959817433707,0.5671251192980094
0.6767450578962446,1.5322901247999015
-0.2798905951420132,0.2714671690709864
1.2950889601798798,0.0830558614030511
-1.1783279018111963,0.7827943651231954
-1.455925772671485,1.9739059124448401
0.8051571391144376,0.1149314939467691
1.1315280942897479,1.5093883045422183
0.5084759941723425,1.1838196035510598
-0.9218233937892605,1.71533499872401
-0.21974099697969995,0.37608907565023036
1.2409924778122492,1.9571844124388689
-0.12610546781609155,1.818995819888524
-0.18204039519786486,0.8269873141894457
0.5420271597209263,1.6371040551491558
0.3560329666149813,0.2584717377188475
-0.5510123475912511,0.5687792241197343
-1.062517178183866,1.5516207229594907
0.3423013421462815,0.7539212433152715
0.3034605000523487,-0.17511053291734047
-1.1436730705667417,0.17427773544453096
0.043536232242955775,0.4343007734214623
0.07895646777652754,1.7629581341409406
-0.9251459969843336,0.4415880449411353
-1.0500397354194433,0.1310748794311058
1.3893684233592194,1.2397623979004702
-1.3555558128351575,0.9215804024060135
-0.7696978771070614,0.18535284771608057
0.2044758204575472,0.64158684624062
1.114871917414594,0.6697558422724712
-1.0969526282646658,1.8370400818454165
0.43028842063502815,0.9809973236950651
-0.13081876553588323,0.8382339105309422
0.39164587186471467,0.20808356751359275
-0.7568037030084509,0.22466236115731963
-1.1179570881508634,0.02004536422491704
0.19970992556741107,1.0856355804119233
-0.4177052201855229,0.4761897888870749
1.392091219919279,-0.05762601438633322
-0.017316275457023744,0.6361817227370048
1.14169013487456,1.2524051489830417
0.5592939827401326,0.8546254021867925
1.1944423839201446,0.8285457974344972
0.6987987182175237,-0.09270564227794632
-0.4365998600251848,0.007976259856947332
-0.6886648403248019,1.5423787934327569
1.4409378025232185,1.3130472250854284
1.268257991696041,0.4212363433459409
0.3583869018543089,1.824366778530291
-0.8394812207048489,-0.012684829446422269
0.5386613173919157,1.125964376509231
-0.4625824031931143,1.80899171584557
0.8930699683713699,0.3733672257386727
-0.7817984584210915,0.35377000798463204
0.14489289077936407,1.952204722018845
-0.45031300268311236,1.395259428537051
0.5608255779071127,0.8655669819209435
-1.405366334964599,1.8771844607230868
1.0750195084892584,1.171033253264738
-0.4834938035171912,1.7512384245573607
-0.23390190787911358,1.2499469341459715
0.018052121125461618,0.3065025803206342
0.26546151080312264,1.8281370682714815
-0.18289113252395328,1.8336163284506182
0.511464170117566,1.4510659068215073
-1.4460496851541622,0.2370348860005
0.9997177843639711,1.0946611914995321
-0.831513748983109,0.33651817722634975
-0.009093467441517955,0.7813708303033637
0.18786443815921672,1.937088840956754
1.4182522500453962,0.19841075325888502
-0.48037817079492773,1.4592052289359538
-0.4922528286854555,0.05188133212276469
-1.3691899428722065,1.4243505269691428
1.248444678063878,1.128613582863068
0.9923917357136123,0.5007490263951306
0.08336501878632951,0.03917502881823309
1.364241247134229,0.625866551531481
0.11225002648835947,1.6842939908942445
-0.5436415112078681,0.5975444786047583
-0.5053394613371573,0.7279860944850418
0.7696093712181629,1.1339428236740385
-1.0137876705318396,1.6090305902848188
1.169711648282731,-0.13908305549161154
-0.732458703180022,-0.07883996508998366
0.028420757800925678,0.7766691910317534
-1.2731393802351536,1.1385290205137772
0.671139359493242,1.3218955613976595
0.27286027458548556,0.7842779463938916
1.042575942713059,0.7738734845153288
-0.11026844805998115,0.5017627539379559
0.8340541801478594,1.7131602001117592
1.3110367641255745,-0.12279010613936348
-0.26069773761293247,1.6004254885288236
1.2038071698941861,0.6289051461395783
1.31031974019049,1.3392184145016575
-0.2823719431632912,0.9872533703114921
-1.113496681974733,1.136756074235213
1.3683921775499202,0.00776924897414677
1.035255681431238,0.777720454567661
0.8603888175336021,0.5923818778340884
1.4231828823249209,1.1785931656253716
-1.435910511324778,0.6994365493336949
-0.5005041092877911,0.7564597370392241
0.1957626116969502,0.047929972256193165
-0.6139290679579037,0.5381789658401146
-0.7000638156738226,0.16562343757141879
-0.485300416795706,0.25533205019391864
-1.4775043304408337,1.8041657689774417
0.3703507321028048,0.4315517116350133
0.8082916850958739,1.4596270562353757
-0.09473183885054248,1.3698569750200935
-0.9673862591122754,0.08098417239634476
-1.014115666838593,-0.18087029708719943
0.9385393663436825,1.2348410100064602
-0.8537906975599132,0.8480313751173323
-1.0166267089528271,1.2528041105969998
0.40645191825594496,0.7201134987658675
-0.26925026061885804,1.516101369277316
0.8433517822013297,0.14312596039130476
0.07059987157213321,-0.12528056212273175
0.958187182831026,1.3680768366763862
0.9234149896610386,0.6981536822539407
-0.20853246913105106,0.03348867809753722
1.0755109861950847,1.3596002520457606
-0.21107158825134276,0.3103172182362434
-0.07577420330055284,1.7142604951663163
0.8424416287973946,1.226739854345313
0.21856335708646757,1.3331538512422945
0.1105292479719786,0.08574558565783269
0.5555817124998308,1.234730293076646
0.6508033879649862,1.2201320875925907
0.6615651493338137,1.3963514070871939
1.4598719793687542,1.3534852873326808
1.0769969587292576,0.14592225749140197
-1.4958361445412418,1.049147093230887
1.2545530763543682,0.8872788757244829
1.49287684518207,0.8727312700708549
1.386306307122405,-0.06709652247700226
-0.520539877815293,0.6941067557969967
0.06754840885956348,1.288548361110831
-0.183045505685135,1.70979430579789
0.4743228573361249,0.9617817581371906
0.032589413480687224,-0.09472031666688871
-0.3369373327583489,1.4838754604566329
-0.5870982271409302,1.3211071354061366
-0.9572737013788052,1.5190173961247604
-0.04596603047182368,1.7282063093572018
0.050264004189306544,0.8597387681234501
-0.908933775933768,0.8205807332516089
0.8758413927389697,1.4866545830870976
-0.5401178255679665,0.43269886303092214
-0.668479848545509,0.25000953078650046
0.3562704455996597,1.3647400923559367
0.8322452803054086,0.01511044669340611
-1.082408299254272,0.5506315904020378
-1.223440250641592,1.8018744937433435
1.3758575445569887,1.4968849026933584
0.2836094660394073,1.6595713084844608
-1.2897463544124468,1.7702316879653226
0.3419002754598277,0.9160885943062118
-1.4284460158132233,1.87653023690201
0.8237133596799553,0.4483099765638006
-0.3623755756347209,1.2374689239138281
-0.7065038538745667,1.2132397424346242
-0.5465432622053732,0.23658483730694113
-0.5686877529862131,0.10462129903140849
0.7109793966043352,1.5661916452042521
-0.49445756828163745,0.34361272697588
-0.5317718112407801,1.1670616763715156
-0.942628728555558,1.4755639170530739
0.2668525171232048,1.802826868140506
0.25669541207299207,0.7860995669846547
-0.001819906243426983,0.3341343742644947
0.6397151213895027,1.9754464662184177
-0.9611917386553606,1.130037599114124
-0.5742195232881533,0.21084174176433312
-0.07459150404352854,1.8098892873871273
0.7567341414079394,0.9047964912332354
1.481146580982636,1.2929562644709278
0.13367111127120035,1.7742873164980875
-1.437593932162335,1.961691564760432
0.07578968585855028,0.15604792927658978
-0.15932545134287457,0.530755815789161
0.7724216483747952,0.005050548951387318
1.012676524253151,0.8360322124111197
-0.33431601160905355,0.558091001344508
-0.3596589454590482,1.7762599082782817
-0.8841167822621924,1.1190398354307027
0.6267939305233443,0.23024482505503602
1.4951801061547139,0.9188500751925788
1.1504265057423027,0.26859880764404
-1.0375604405739542,-0.018305662101243708
-0.10778624888663901,0.0713389382373511
-0.7412175347066468,0.15502203976209167
-1.4937987581013197,0.8376856799676122
1.482012933419905,1.070898085660063
-1.30745495418109,0.5459220922349171
-1.2555567919077602,1.5489655241396174
0.6413712361386898,0.3608591623254162
-1.1809836246764704,0.32235696416378684
-1.4189319900024029,1.343228201237186
-0.6989755271200837,1.038218694985565
0.8643585874234256,1.993461388323958
0.9703924633063696,0.40031773285262634
-0.4327267551208738,1.4332586533206828
-0.23983538415046968,-0.043809491016280955
-0.03600118378800832,-0.12518492976668444
-1.4159068010581763,1.9653363936716455
-0.47500233061182695,0.04539448163676929
0.4695325272670987,1.0034764763705324
0.09311925540061372,1.7851787550093465
0.33289629089080486,1.7085663196349374
-1.3568942942823048,1.7381065533074256
1.0894823384387955,1.9550258150360802
1.1977723368095852,1.9689820625498593
0.6837879665227469,1.834920979421174
-0.143511450712148,1.9952852246765567
0.08458898634372569,0.8422438803915555
-1.3352434142854568,0.10037467508549436
-0.7311595262540285,1.0817798324668968
-1.1801158375818996,-0.10677775862744278
0.8245131376029429,0.21940559121271325
1.0800480637128436,0.7712700640913968
1.4069415484486467,0.048273086709171076
-0.6405132435446677,1.110228569276528
1.0083635342874002,1.4941872828333238
-1.0900379846210808,1.2359422507686562
-0.6799517760040275,0.7683303687586933
0.03733236192488265,1.811419079038527
-0.6237441491648057,0.05857098198159466
0.3457812699570284,0.059976220541792635
-0.5898094174859758,0.9427138688906209
-0.04290969865975347,0.7693750037127018
-0.8329145965676996,-0.024131711318311017
-0.34417430340020694,1.420265812073429
0.6751399835997498,0.8257069641071102
-0.6705586479884835,1.9110240010315651
-0.3304333964910875,0.6931524845872026
0.4501304851661243,0.541367894148908
-0.4123529247519957,1.2803550450674999
-0.6772456627226566,1.5003114482079274
1.1956643261123756,0.2924845751409226
0.5664276200631546,0.7021122141680096
-0.26364554967116316,0.10443035647355942
0.0880943751616099,0.6432434803362608
0.2230737756615535,1.6843728860248437
0.46324854988976716,1.4527354987194043
1.0471079781991222,1.9302210012429242
0.8660888381885301,1.5195658286080613
0.7883498885377671,1.887119942702183
-0.878981268696272,0.180828025299907
-1.3282848771874807,0.17721669980000881
0.2922500281377105,1.1555949616089465
0.24497118230177106,0.7556014561942199
-0.0035738099972226767,0.2580576489686203
1.1326047342221033,1.69659563716914
-0.4837446578368976,1.652566027759431
-0.0689654746989552,0.6350895513842165
-0.4092162930827583,1.2685650256126193
-1.3240359858224904,1.8992755597247275
0.6944776111106492,1.5325437632508265
-1.1793112004258532,1.102393824597379
1.2817616052744807,0.2758113159162703
-0.6073781156121021,1.0720343202612734
-0.469810616862709,0.6800600273308421
0.927836950451252,0.048455588232794666
-0.3059249766484502,1.3888269471435406
0.8886690738136607,0.26414094733204857
-0.9898168637874599,1.704960939377695
-1.0277515889950095,1.9030766396670085
0.2035486004166458,0.5359069179416014
-1.2727003517279822,1.2786440285569753
-0.03561590636431955,-0.05456427618988749
1.3044276593841708,0.4032419734428943
-1.482039503025611,0.35598487639373994
-0.6380413483064842,1.7932782378238008
1.0379163417125286,0.7952876673802418
1.3355386733586325,1.4820100934167615
-1.3042564461338457,0.5422443975441362
1.4682832413533,-0.09595955077611965
0.7995920706663457,1.7254733045908164
-0.7507048189275247,1.2822039274221082
0.17185296779755532,1.3525738912196805
1.299314390490434,1.61276640738743
0.9807924421578083,0.27794871715875763
0.16934055020045014,1.6656645722619081
-0.06254662214980078,1.0879679281937564
0.8924307296941767,0.23639672854877247
0.07204042789497844,1.6913158214474375
0.9934207274217197,-0.09114054315369167
-0.011653961879377173,0.6552326103301522
-0.551220914634801,1.990045038571797
0.8956689465902432,1.0399293252882973
1.4767472372130772,1.7422767123030263
1.18387611785595,0.724796609644417
1.0714717728150358,1.6732258714990544
-1.476345275926599,1.2454629619728756
-0.882261909274165,-0.009899230382833385
1.2132357591185885,0.4306406075634636
-1.305985219857661,0.7271596567750878
-1.1753864114735717,1.9435200488574031
-1.418548454568477,1.0091884621136074
0.3420682386262639,1.9375377607625077
-0.09082896472619151,1.9116846980777604
-0.5061820819555396,1.1469500260337595
-0.6066984533833817,1.7978325917896087
1.1872476102469651,1.521396147606088
-0.32320445886544635,1.2984993304621362
0.9478439846164135,1.9011916092369627
0.7620392376567509,0.6871810171769284
0.8743702264710125,0.037774753247534015
1.2445339805377147,0.17296554788626572
0.8226356504038126,0.45448864631370617
0.58770800042709,1.5754651600967557
-0.2853852896053235,1.189255015553897
0.7160111736244037,-0.09701265966536661
-0.6024874170519587,1.8522781793503975
0.7827882785837277,1.002548162229981
0.9529024286512966,0.7425343159767623
-0.02735199803888877,1.7813469702779081
0.4268172842449145,1.4354517568039078
1.0293071267128977,-0.017004360783599903
1.4561590044089763,0.2238022754019776
-0.05379565894484872,0.8698306631748605
0.7663196636648353,-0.15374697674998888
0.8565620404877379,0.5457657872277775
0.41563293987961814,0.7308609907584502
1.262351673896573,1.4800943099046104
-0.7488007234192295,0.9379445804855933
-0.6246584045090586,1.1902406666333403
-0.1745886641566854,1.2592140737924202
-1.3063947291035292,0.5776533964184791
-0.17790540205769378,-0.05826688192272722
0.16906979859700444,0.0899717068904668
-1.018060285764643,1.8851253537688255
0.9505650676674606,1.6246353638051427
-0.743063408781806,-0.08399199869979525
-0.7966023716413964,1.752163879528983
-0.13190084405646396,0.17228777130233802
0.36867595583703894,1.987015045854761
-1.0965343358091508,0.3281331008117621
1.0798599880169752,1.0337299784413532
-0.15522334594136988,1.9380828429870005
-0.7827327269891032,-0.12342166519124306
0.5917202562217239,0.36663452218329967
0.1282479278449582,-0.17740912344702314
-0.4433562993094933,1.189613496690855
-0.3526484687443181,1.9392996052113187
-0.5027513939094703,1.3466411835838865
0.08573231723873054,0.831546312915477
0.6588929710440858,0.995156898703605
-0.06320511381388694,1.0016926620089357
0.6938114059477964,1.0053173769047132
-0.11624724946987741,0.36423981915102427
1.3041998114171953,0.25017571930190624
0.22875838831618367,1.4960407640515685
-0.5995531312707213,-0.11545683177883276
-0.5058674904743388,0.9968574545298949
-1.4078145372070372,0.23928134674444917
0.010333208702687946,0.5519918314330676
0.6077251432059083,-0.11722191555248324
-0.3872861900151441,0.1535694267776534
-1.045020456024804,0.41542641429874255
0.8514024689597242,-0.13720505623050266
-1.121734508280729,0.4478900052339487
-1.3079370943529232,0.7936468017684115
1.2209259561328114,1.2884435121532547
-0.911927211859964,0.17455764558616055
-0.047660549847757805,0.08803831637046888
-1.3022922042451337,0.8883645291713065
0.9758236358364645,0.36965500696878345
0.11849383708964156,0.8252019565206257
1.2746216981673593,1.722873745079403
0.03544525391364006,0.035144697774199846
1.0218456361971566,1.4031373059535261
-0.27853259314142553,0.6086161517230433
-1.0630122272139777,0.7097909953558139
1.4172255472953892,-0.13429193760514607
-1.10237377796615,1.3765469582443368
0.36396810138146973,1.7289510386817433
-1.2527828372292382,-0.0996902623189369
0.5914233724576876,-0.08088657779646934
0.4665640829307891,0.8894073425285933
0.23214618888238125,0.4125345364747976
-1.2372448514257235,1.6951967220720456
-1.2437194944270633,1.080696726775668
0.346436818744166,1.623953128743089
0.49560930752902754,1.533061292463566
0.49168666275706907,0.9826716913221176
-0.5980027305268985,-0.00353988766894478
1.280909192535757,0.20567419291326783
-1.2205538764732666,0.6355416068153059
-1.1409822202796087,-0.007058324298740676
-0.8327113915556791,1.894608853341558
-1.1887346060155775,1.497262239747222
-1.1160368833969208,1.8905308456090635
-1.3819516967668921,1.0014765693514507
-1.0247676918684696,-0.17079427000863498
-1.1747768975959967,1.9253060418100383
0.02272234952454455,1.5111939271156176
-0.7983106589754088,0.8008769079369562
-0.645516486460509,1.641338404908826
-1.4495590475752689,0.7800471373960614
-0.7019519622848194,-0.045357279892043134
-0.6846479782775605,0.43989618339154163
1.0527437833461608,1.3421681912196723
1.3701373685280616,1.0046694590641454
-0.07003575251957828,0.2885423984310627
-1.3947354378679844,1.6464722518573058
-0.14113145348722567,1.639488127122502
0.5182274196970007,1.9367496224982925
-1.4215849732870671,-0.14827763530736454
0.14949020628729182,1.44548285438252
-0.12439355578819988,1.3920065932582881
0.5131700636377539,0.8290225519177716
1.051366929059951,1.1108133248368686
0.6921093262549434,1.0592888296213505
-0.4748462207359274,0.655887613042647
-1.4549247995964212,1.7320008293750433
-0.12494370553719425,-0.0447366070482981
-0.10680104849433292,0.8386273177335721
-0.4043591545685554,1.7708669863039368
-1.0755762456864357,0.6725875454537562
-0.022030440325365053,1.6537632631026473
1.082700144566946,1.0741632018263523
-0.10357332091304339,0.7743211758524651
0.1616719961262958,1.37027330983677
-1.3668052275158151,1.3758348329773717
-1.0662815087241817,1.1771648301893
1.1592803522701494,0.10621676694600912
0.02434020176849261,1.6934913548091837
0.20216742281490863,0.0560777765382251
0.7632854384987033,1.8613435443158937
1.2265471504184586,0.12821544446973215
-1.433095588776971,1.9698324153574045
1.4707764222220074,1.7747526371094866
-0.24037346608454424,-0.14263873379277617
0.20315745014523268,1.343019865275418
-1.4625008613933284,0.8325858589814923
0.8651962394370964,0.8340198456975578
0.7288074560327464,0.7267317368614312
-1.1298604768532587,1.7004260118392058
-0.8297031763931035,0.2930066980137364
-1.1498642539592432,1.4571325290601558
-0.23183774006431146,0.2577621589041317
1.2053633856600738,0.17648546109389895
1.1493618351941235,0.41107507262260384
1.3844928923174051,0.4338599841145761
-0.4926618281718991,0.2826054129727825
-0.4084884693023332,1.3058780099617737
0.9875784012701585,1.4603343451702537
0.12362500804192833,0.05029149579626091
-0.4354981976445351,0.5865023682452162
0.1803991647619314,0.32568447914491166
0.5437437240199445,-0.19766292177266023
-0.3106799338967865,0.5097290658943001
1.1967635867898907,0.0007666701442526902
-0.10479973344870963,1.3393656230634832
-1.309540735747688,0.5926930912434678
-0.0006765230284027091,0.3703025615681293
1.417558133825768,1.049275060766202
-0.4572576851928427,1.1103541510964385
0.611889747496484,0.8821094503426938
0.9178469951452937,0.15388428102695717
-1.2362049156651116,-0.10697018351784199
-0.8491307068962144,1.0230038256015306
-0.47671081881283195,-0.12860061443329374
-1.0981981595899155,0.12034470356085075
0.57282186413192,0.5871986134603275
-0.3321668073056878,0.35520238192403003
0.6798173603178217,0.7317250854751196
-1.2343673858948065,1.1845753925656852
-0.6784353202174364,1.3153470662744555
0.08343228686881288,-0.09875999289185138
-0.6526368753434184,1.314418523206002
0.14419712381807215,1.5643729046711081
-1.3895165369223916,0.40729753263155793
0.42952976897315254,1.225242938774143
0.4518062309357236,0.1284330730701953
-0.41053754550318766,1.2008512850593973
0.2594499608358527,0.4363430523535807
0.8629182068224357,1.3505253842014602
0.04105358283029714,0.7194116032825608
1.407506583768999,1.920001326654843
1.1065119680772972,1.408015382407372
-0.9431219683893695,0.6010550731846436
-0.7492875644368951,1.7147811194246871
-1.1917180699563938,0.0346566134513345
-1.2427255179293728,1.7480715519645262
-0.8053271875113011,1.8791343221204155
-0.9855103714989955,-0.0625605287661718
0.997574427907578,0.3386528519742899
-1.0871418502490267,0.4988206086302363
-1.1081562251296426,1.0903448652380876
-0.6360294853710426,0.3970850585990365
-1.0092044242340703,0.8230886956316554
-1.022337753452795,0.5677269832892327
0.5680204290623108,1.2572003330432138
1.0499818155074978,-0.06448186153419966
-0.2313284586090334,0.5288383498892937
-0.7147832669332181,1.4010443096491885
-1.326436638990052,0.2880277772753675
0.4166949521588963,1.4616003836340887
1.3557667821806136,0.3977598050365663
-0.16033150097887128,0.6703020735243697
-1.0931396186217686,0.10296526250467997
-0.9535240980812082,0.13434646184413757
0.506986808499533,1.1986299617791834
0.8343270391528312,0.3131108646343856
-0.8862951745793685,1.8333185645686563
0.3714503794777655,0.4574753173869432
-1.1840459245469994,0.14421377987113343
0.9760954482964213,1.7712917425023071
-0.7303394059253083,1.0434450353774989
1.0846450831729415,-0.03640473784636153
-1.3699184800629385,1.3693594532108653
1.2226935263885972,1.0001609605475679
-1.1377141988783106,0.6007154882349643
-1.296485091974813,0.31016661368800696
-1.0195966064754345,0.8367489061122251
-0.637635907834286,1.1979417643420445
0.06487252326539861,0.41559382261004923
-0.7855124409362452,1.8927880517077045
-1.4456143026304484,1.3145720029309893
0.9265104595360945,1.7928577849604372
-1.032531807906961,1.726278191004532
-1.3969667136398225,1.3025652176064326
-0.17562217558178728,0.4682139213588485
1.198052078517506,0.36355648986193206
-0.6413654910004247,1.3739299783428107
-0.5629578872355001,-0.0189290116942486
-0.5374273095868305,0.8276666239559307
-0.4056503808719405,1.119937125655036
0.3226985743255999,1.020536719434405
0.0415494585554772,0.9028177027704922
-0.489790255766835,1.758838179680894
0.0662629481227981,0.02594680091992821
1.4251025279082565,1.7285339807987643
-1.257146966337598,1.5126926514581263
-1.4719723113511294,0.6662371676448962
0.1892955073182192,1.9531705267502317
-0.642185991204185,0.09309616794273723
-0.09884817633184717,0.8241839514636604
1.2503227590320312,1.8341257732910912
-0.5854202160022641,0.12006428814330578
0.15928322537448736,0.6827200421747213
-0.8219950139553529,1.7650629252106942
-0.5408106313702459,1.480142068455622
0.6303831515213876,1.3881053647528518
-0.701580365439918,0.4322624513386532
-0.4818665047470667,0.4629881411480958
-0.6582605455480689,-0.18876977022326222
1.1202013207419768,1.892338394097573
-1.1231127686958233,1.0114502904392544
-0.27934185276131585,0.011125876093505543
-0.9870700115096147,1.6307678227915108
0.47903549349348085,1.0044752840738074
0.034734771471191195,0.2512407334529974
1.1819744334972673,1.8331685535383742
-0.6517585349683508,0.5862020072156409
0.8572447178714944,1.7881304475867486
-0.8227945708900093,-0.07626396533634233
0.06879571012024366,0.06497520328051803
1.4188686289252725,1.0134429688606952
1.0946320694429703,1.3825699851001028
-0.5190078157357132,1.9726477870178185
-0.6587033616880693,0.5605160822512691
-1.4748188673726959,1.3380965207068358
0.6517806675836573,1.2520435984919593
0.11371880660880862,0.9129894511001788
-0.6430276778561683,0.14556184801065952
-1.2919825841216228,0.05220179755629578
0.9085132965191773,1.979689208704982
0.6491808744790748,1.3938537989354585
0.5207536741715932,0.20785274192392766
0.49832211500367873,0.7068369535178858
0.6847194426782295,0.46529155576493714
0.21619198406175166,1.3363640384203823
0.4308912649009575,0.0034302226671752145
0.09765670440368779,0.5102002373729266
1.267876393300416,1.1266421411294718
0.2454037979509116,1.3234185279555144
0.9357758726211189,0.7782073873952375
-0.3865999814301664,1.649817227740937
-0.12892491939508388,0.2448651360671552
-1.126604796502571,-0.15218376589834465
-0.033384087129479045,1.1271291948848743
1.2921746474579483,0.5770859797610446
0.5107739626491035,0.020548081550895714
1.2985998450446492,0.32686281200376127
-1.2675781552215577,0.3354993298589221
1.166607309137277,0.41622555294661995
0.34072755657443543,0.9634209243607543
1.0213278290119283,0.31486668858910455
-1.4416931873839827,1.2483245153116087
-1.3919716641145305,1.5860560367108665
1.4258796453651286,1.5115404184044219
0.8541875343058773,1.5299713035818456
0.18613543440521418,0.9220887522998162
-1.1848147887818954,1.8407697429844807
-0.9998170604651689,-0.13151714587068247
0.33878540694778936,0.5176641212396362
0.744121382166167,1.1824872441161107
-0.0450357578053171,0.12370096902514938
0.5400849220362192,1.4496750115095904
1.1831135374840631,-0.11828100823959645
0.1882905756959128,-0.060720007295634926
0.06259296227624,0.8779613444616057
1.0309270832579505,0.6876128816298963
0.16377123055655973,-0.13566426531721953
1.0159386460766506,-0.0794781033590593
-0.787379291450688,0.6904351810257514
-0.16673208378691262,1.4266004546154347
-0.06187462785709896,0.9191507316248666
0.3502316347431651,1.848414029209046
0.6450537864947665,0.40231671322659796
-0.7436358108952938,0.08342486426602569
-1.4852906441172788,0.18170757255364922
0.2192176768126035,-0.16056861890786917
1.4492049434742662,0.9797215764534577
1.4350206761745135,1.5564680004265636
-1.0551015545249507,1.5923272919167892
-0.47223838261425954,1.3566633164519037
-1.0643720865669728,1.0158259008114239
-1.3826390675216522,0.8903555714145366
0.7851795170704232,0.3833538952726276
0.9555408421818474,1.6971167490542698
-1.0508229454330213,1.791681653648024
0.09282040095826272,1.1080037136254086
-0.23576704876727916,0.7580000184198039
0.9285565287911912,0.09522815380070215
-0.12690038698333694,0.9386037756522871
-1.158622083568145,0.056525160537040375
-0.766501650352212,-0.1088579929200297
1.297126984591264,1.8061871385588406
-0.11051446249518815,1.9744739976462224
0.4328919192703775,1.0340782578582206
-0.6515960135937094,1.97866444982229
-0.7348011818916866,0.2519938051971785
-0.8718301367417394,1.156625121091682
0.29022008952028555,1.2321447664335656
0.38741636566922555,0.17050206759462683
-0.22620028660002722,0.6106496345696524
1.2725370241310028,1.605512745035333
-1.253749830363821,0.044942299240019634
-0.5913308083170452,-0.18762247695398457
0.8901338932228327,0.7306161507006808
1.340801947255704,0.5635765727896607
0.7070744110273379,1.7821489545101628
-0.4796885871557355,1.5923482840556151
-0.5794145756651754,1.4151683258609586
-1.0540530031746778,0.5549758286198774
1.4676061012645034,1.643991331294195
-1.1929107428046548,1.482685538407346
0.5099624807930758,1.4723557785381107
0.5994429807839694,1.2370091205796796
1.498624793414752,0.5047905398296268
-0.1785511610178352,1.8701972860438214
-1.084582002991047,0.6309263976286466
1.4464869694586109,1.6020617538317463
-0.09141590557826329,0.5464715755834257
-1.141328104625201,0.2649242836923098
-0.5890996025166305,0.8786122498133053
-1.0146910747515698,0.7366434375026525
-0.2147389971957019,1.7446984011984183
0.6959316775391473,1.3340614375481383
0.3200653263580939,1.393249704440352
0.852057286113471,1.9604354434257527
-0.00953847527492746,1.700094202392913
0.9778102252867815,0.3366335150412609
0.2352762942623694,1.1773602556184803
-1.2699543358163292,1.7781678129435392
0.6817560466558867,1.9004337682356465
-0.6812510851086958,1.8390108124699054
-0.9458028451577,0.49272203235555273
0.05895633585031956,1.6868662041076923
0.12622952154613465,1.9920777460207162
-0.9766018385911712,1.3808636544211028
1.0666284293019102,1.8189262936105377
-0.2715811558790131,1.2137101507122026
1.130207574628646,1.3315149982971153
-0.3553012440069223,0.7983275863879042
0.7194126240501695,0.5991314336615745
-1.4972037340099715,0.8750231032742808
1.0107580400257064,0.21450279638909941
0.1030851868369207,1.4386281944313095
-0.6417689662453641,0.23963659188962433
-1.4251197466889929,0.37551850804813186
1.2519133416394737,1.4724689428599818
-0.5820872509651037,1.3848804933908687
0.24380486169763316,0.579799054278979
-0.7382553777078523,0.11123298880270782
0.4444648379146836,1.6830535708232333
0.6878608597335685,1.442207082918888
-1.4757928229812085,1.5644711096527102
-0.2613407908170182,0.3629287990745978
0.44948658713887424,1.7181456306386607
0.7585733942213282,-0.01513683375886038
-0.8747296405153289,-0.07176087385930777
-0.17305559868282594,-0.0864192739062486
0.7984982116233921,1.6781919633724875
-1.044818489659602,1.7451078039301684
-0.6613675443520217,0.6532183652324421
-0.1514997779705114,0.8486127185051506
-0.16944261536152871,0.6411162597821907
0.8508432574793896,0.17357000453049548
0.7823420750377621,0.6326635988799931
-1.2937759055485245,-0.16247884491383505
0.07782878319212427,0.6972044305984133
1.140020485655985,-0.011551831481543678
-0.557315379793663,-0.19454329582132512
0.06403963441519345,0.6751552029488883
-0.8647511251701399,1.4846400259789927
-0.9347206336007334,0.46579711334615453
0.33709248097970845,1.4106187392018432
0.647365354237913,-0.06931407334377385
-0.08937669994749453,0.002548479504122153
0.6083223441180228,0.9643639884153883
0.5406930179911162,-0.18379850208798476
-0.5403201881543194,-0.17324861492033777
-1.3716781766983444,1.5594885153975337
-0.9957488871737362,1.8487150551847222
-0.07515798927997364,0.08946041011419503
-0.22456615874439168,1.2052516042736234
-0.43193879245696976,-0.03697031653925484
1.3469607988473062,0.3566255390346403
0.8478885609185145,0.46182763822003453
0.2989877097308573,1.1527043401969979
1.449598308154553,1.1142839149275798
-0.9727819517497119,0.8724114877027369
0.3478368693534324,1.977551084052499
0.9626479047134122,0.11358286081650809
0.08294572148109491,1.9672668435389562
-0.6490976228071336,1.0791676841512847
-0.10104457971129177,-0.12763501788322143
-0.4256072660389294,1.5838225700430766
-0.21248254906490383,1.460516957079973
-1.4931641557426367,1.9086564090100449
-0.25425713465727107,1.2504301622114997
0.2704022142415743,-0.17274311721696875
0.28589193310790684,0.47972975614666197
1.1372424420828802,1.9907624943478102
-0.5064908988901851,0.05955114590107441
0.09654096905295018,0.9738377523609436
-0.5140817546685994,1.14006797203949
0.7993906271256774,1.8254022863843906
0.16515538203051605,1.1000137710238245
0.3589292874668524,1.2690962238321868
1.486588923822847,0.9589995858126352
0.9430603678029708,1.5021428166074462
-0.43886372906375737,0.6084566699726737
-1.057436026761647,1.0184477907262433
1.2277395566106577,1.879986933510953
1.3767439766571652,1.8388256079864413
1.3540386882044837,1.6178492508205133
1.1104655091390727,-0.07017976914365001
-0.5030135210188034,0.9657687901248277
-1.3274651976846452,1.7846581332112972
0.9205359947365293,1.9399350707976601
0.6178312711145897,1.5736279904090165
0.5411038863121087,0.6358616398838415
0.1728261260748356,-0.024298715040197094
-0.934158007134865,1.907617960577712
-1.039506313164137,0.13918732587569443
-1.4156129586897683,0.2028734945305225
1.1206822749449352,-0.059564486014810014
-0.6511836475852086,0.934597249508448
-0.35241559752832363,1.1327411084244423
0.0107525249457181,0.23777080002760292
-0.9290797440209528,0.7022390206173625
1.0920607763191206,-0.16614567808334874
1.232527718559024,1.8974388092622603
-0.02651051518126768,1.0937612399191399
-0.8306486792944462,-0.18309177930789425
-0.003793853750582832,1.0207835431739691
1.056993883625024,1.5052025686324189
1.4970276451494113,-0.028761477529091695
-1.2502368932938817,0.410794867654721
-0.44996371329914187,1.9037550320098588
0.4531406035551564,1.1579604615721721
1.3880782225721027,0.8160068445720761
0.2171620764769071,0.3675131945977366
1.2187839531463176,0.055358391025740916
1.1167792478622318,1.8663240379957162
-1.0077934161936624,0.9087620473737066
0.12123918974684811,1.0674264168170315
0.7987624248528373,0.6640880556632842
0.1913857553766667,1.528531892661066
-0.0886178645986937,1.9201553467559738
-0.18801921256302045,1.4780831607278486
-1.3991904139275546,1.4419856732612837
-0.4182830378231923,1.563206202286161
-0.4125634629680952,-0.11065484052944419
-1.4089083519931254,1.4172952468278115
0.178383285840352,0.506221619088048
0.9748072857744856,1.4600125845841383
1.302560357109246,1.799821578334173
0.6328359549395182,1.1621772883459485
0.9180366219324552,1.0220880231059735
-0.20919422307519886,0.30610189775173563
-0.17200194430081295,1.2829151184638168
0.7760207051243011,0.1990513817199948
1.158588943758415,0.036245317755719375
0.36631411604579256,0.32105341131066595
-1.4236466880375833,0.5364754487553529
0.3909874739562047,1.099508922915301
0.15261716103970446,0.163295701533674
-0.5080437193093756,0.7746505796414291
1.312830867046813,1.5380388580298987
1.4009447376857214,1.3932198765481845
-1.1304508321801636,0.986947623247848
-0.04677414932684787,0.8945164012491051
0.3305105352631892,0.7684751248968371
0.9337391293394939,1.0029989857933637
-1.252964509452714,0.4670079034916486
-1.094423765865322,1.7720894117871742
-1.0303277407669293,1.7189828854581226
-1.3171068909254304,1.8091766344294757
0.7770165009516319,1.4873862049907713
-0.8790357183862147,0.3513662766665941
1.4980351771525982,0.7563117219132485
1.1933896619589666,0.40297066844337853
0.4292217567786869,1.0704968731334938
-0.24006482716150113,1.5651175698338706
-0.828556630106891,1.1363023881174508
-0.992216974209793,0.8447097289803014
1.1334000417455377,1.8676107451007977
-0.160661205624272,0.2868039502848084
1.3826036083641342,0.3127066198432576
1.165937375124063,1.0183569906982601
1.0113121799744182,0.7115533666255827
0.6862232525266769,1.8303334763505743
-0.6581294961536404,0.14369780180557984
-0.2490285473920213,0.05726910123810286
1.0153025418764008,0.8115961750015936
-0.37686182735367524,0.08448692034470262
0.5167615556784879,0.2626387648037528
-0.22053168636645326,0.4876764830201919
0.7283151747882046,0.4849707907230189
1.0077753746406763,0.5402589203015558
1.23000220446165,1.9044844651750108
0.5536201866096837,0.4435156331041083
-0.6128497522268631,0.7836974643756343
1.1175853521009627,1.6044104747621248
0.934797101083872,0.8684444872674408
1.4804731443220986,-0.12615870556362083
-0.6945671228380709,0.49191840372107637
-1.1165640167997024,1.5730198325733233
1.176385816710476,0.16978610417559714
1.4801854897721403,1.2401961446712721
-0.09619267744115256,1.5713587266573543
-0.7291418059999306,1.386312387134588
-1.285871978439824,1.1128908833453803
-0.10422551686639925,0.11908730061341949
0.01651325423819472,0.9465215333859058
-1.490919349172863,1.8011624597574734
-1.4553340524363925,0.44511631257313816
-1.2400446332160764,1.4597740651927056
0.4751884749192692,1.7754006325379597
-0.03388583524487254,0.4602192339767894
-0.12786383747761243,0.01644035728178403
-1.039434391355184,0.6184884223869955
-0.1686532000989891,1.9292009263898298
-0.3151060424615417,1.4611186114872157
-1.416116191981596,1.0021852963545832
0.9718559572593515,1.4092395915194145
0.46187263318875194,1.218360165827032
-0.05325086824094383,0.44461839498970707
0.08533496188565448,0.43585086019548197
0.09681192260710203,1.1853861090321904
-1.3737792964838955,0.27673569900623857
-0.8805482186829533,0.8168352363674929
0.4041158812074326,0.6021200050555082
-1.176228669079086,1.588796211803975
-0.5189696836380997,-0.18630363076031856
-0.49959967335462063,0.7025494988594021
1.477001472197622,1.824214708895352
0.47384953772637006,0.970678873004684
-0.40235646761156896,0.6112623660738346
-0.1408597590387557,1.587338175618169
-1.124989336113238,0.00727337937943906
1.165313544473931,1.9644515990515365
0.43811904399207835,0.5692200606986149
0.7058821911359225,0.9055663747931906
0.25208509895996123,-0.001232745679698749
-0.5252611162816206,1.3160920639033937
1.063091200602643,0.9684156672422084
-0.2847177484939494,1.4259426043824388
-1.2595386315975596,1.2570232883537082
0.22464320150807326,0.5998693535010686
-0.18503415400187273,1.9507703166749908
-0.8812148816956241,1.8217620798360519
1.3907667274844808,1.6944008315513497
-0.29321738377526985,-0.12455001933533065
1.122799909488862,1.9098084626866407
1.423347748615317,0.0008990181754962578
0.05396122021623162,1.0284210226678698
-0.047383963933363304,0.9685556185826747
-0.47149452183853446,1.0874452521085844
1.2517347636731007,1.6637728238911698
-1.0486595845367856,0.5152079798161473
0.40526628903777207,0.8020984223568886
-0.4139652630124695,0.30101231830564207
-0.9543894989295398,0.4826113444877744
0.6111950770196524,1.3549777029457475
0.8699102582726845,1.640229256995935
-0.7316562722175581,0.9387434573205056
-0.7487742109700489,0.9351355060742388
0.815963906229721,0.39038320053416037
0.901411270540458,0.6560455493333015
0.36898900951745883,-0.11389945370331998
0.7815281455902756,0.5088451325193026
-1.2853950391797895,1.4458310169494553
0.5531773021612123,-0.12967904123611917
-0.10530261440919775,1.6139041395701186
0.9927291820563697,1.5560338284376254
-1.235705439795138,0.9850592667112967
0.7424224386099629,1.4401336748990068
-0.5619481453209816,0.23784605711820583
-0.09706633790999719,0.006056973810290911
-0.4245437159285199,-0.16391949208731113
-1.0201853958362763,1.4017233359088352
1.353188661733034,1.9192807397892613
0.7251536424575429,1.9320615391265592
1.1032151404581114,0.415144649551807
1.0577102164883634,0.02182518465026409
-1.2409213343227177,1.6747080002621169
-0.9293994459001839,0.27828340454825146
1.4695462142950593,0.6270737500405237
-0.2813691965307412,1.2361631601432472
0.5199664176592123,0.12690565941924914
-1.3746967919203033,1.3266027562852178
-0.9770305057517552,0.5949167087243747
-0.8273003769691405,1.836668641953081
1.167479027603897,0.7634220348527301
1.2641118659124704,1.443469336988006
1.4475821374429731,0.7931141976823406
-0.6111959656772121,1.3728367843612959
0.22076805303072655,-0.027990373580369432
-0.08052520081205206,0.5620678503292018
-1.2509843094964397,1.331881582921688
-1.4709146801086577,0.12079557142118369
0.709347337747773,0.9962055681645579
-1.1192660793507896,1.7404930656128432
1.3484651018699148,0.08775943270569297
-1.3198490764596755,0.17555116893093264
-1.091871786561484,1.3891979533896206
1.1690907233948762,1.390838704528199
0.5453018530017424,0.19100494897171072
-1.1657082711606335,0.9747441457044992
-0.3663191332519382,1.8575752999166923
0.6302048606958488,0.1555859435922481
-0.6326459347486979,-0.15164893799182616
-0.359858469320933,1.757991066163575
0.6470357232531199,1.2588724124468293
1.257661980503853,0.5515691910180407
1.0238572836225033,0.19389877235995695
-1.299726812524333,1.177861873014705
0.29860377903928237,0.956334255539893
-0.6366436050915025,1.968220807879918
-1.0973314822800317,1.2534590712998335
-1.424589752548846,0.1338474255220778
1.1373024211772345,0.3209217480411856
0.37891939539140074,0.0280516543901633
0.8920596021100868,0.3023637075855882
0.4313203900351701,0.43866799536262563
-0.6287734461615704,0.7171859608779536
1.471800924128337,1.5000126439790604
-1.023135505648742,1.149072838541671
-0.27870714146335107,0.35267643111016306
-1.1263491858072632,1.4934118915940418
-0.08681221381840265,1.4147189029061493
0.02939048485415663,1.8386467663253059
0.595377493741374,0.6929305459575892
-0.4173741969820619,0.6743714892923027
0.3032046685672385,0.0396173445800162
-0.8976334155320571,1.3282129181117537
-1.3773480134181417,0.4845237870620775
0.525734236233915,0.8824786945089644
0.2683717725158181,1.531947915569272
-0.4230542857848243,0.355838136623058
0.30978809088327175,0.682493451156976
-0.763030446517049,0.9543885448367846
1.243372202370428,1.0136881303419458
0.7142178933843124,0.6243300372504801
-0.3925619756431802,1.757597206205542
-1.2788307335120452,0.4104036863174056
-0.20645883610654336,0.33199003342247463
-0.1281170343102136,0.9821921710004555
0.6381430154572847,1.2917335011287714
0.3890646373587727,1.0469014911099241
0.29711999116747734,1.7067065521003073
0.03790351940194725,1.1225436043751362
-0.7702003168502463,0.998946996394285
-1.186146998995757,1.5841127317315582
1.314978456220318,1.6270031218576202
-1.116627560156066,1.9545830886854632
1.4635476936660794,0.46209927471743156
-0.7673448725135246,0.7559196127032106
-0.32723603360256326,0.9207717879815138
1.3885375650118337,0.7284781844733728
-0.40868634908893187,1.0723013936938472
0.21754294554671882,0.08792121222409999
-1.270470845462442,1.489633278800722
1.009672653969755,1.8717600199555398
-1.4610361316981435,1.7223538429569742
-1.0312043600476781,1.1684956041462582
0.44149456721563984,-0.0618272549014077
-1.4004764130687166,0.17679813305340963
0.5218095517162369,1.623359149945885
0.07928173288429385,1.7865169567137196
0.8097066756397071,1.8084478881295334
-0.4233156644865248,1.420719621882077
-1.170926450432077,0.4426304231028238
-1.1669052154623651,-0.19965407332160356
-1.313160144806964,-0.18061220074421588
1.0067395332216984,-0.03361546942762467
-0.2564289973084637,0.6018351756604519
0.22394852557884892,0.6322109423578901
-0.7894136788972367,1.3175676704323789
0.8802920585896037,0.9048737448746382
0.6055378201285602,0.3572074112567268
-1.3493138639570001,1.5895898750486264
-1.0476530546604321,0.11274926542428404
0.9304095479342953,1.9996182269915301
1.1147270337612332,0.07612728058534313
-0.9760138653321224,1.230600349922064
0.43584146398336365,1.4313430823064315
0.8539937506275099,1.999893652213865
1.1984331540529305,0.08584905996434283
0.36306568997773425,0.01926532644523027
-0.25918352381561127,1.7896732656658971
1.0112601170690176,0.12767046685305672
-0.8504104220586145,1.147884849742308
0.6889337786709326,1.7123899550256507
0.43603377322631354,0.9665149479108921
0.4101081575839296,1.2650997466907956
1.2172055351879187,1.335252831365458
-0.1773952664681664,1.902044325891027
-1.2263963612165234,-0.055725507519574335
0.9255629174198776,1.0986277507739757
0.7233586946191917,1.9733391397425424
0.7863098530067951,1.8819290827155537
0.6107729645268973,1.1513075010337193
-1.4419810862288345,1.1599657398257275
-1.240578220799327,0.5331018726280154
1.442177591588115,0.3347480147132305
0.27183713186674807,1.0616408580118446
-0.4158209593277924,1.317428029074138
-0.10593212117184958,1.4563191339058614
-1.0714521559179144,1.3476370008830818
0.13283550109727393,1.417505299208721
1.2364359001975789,1.463675252525385
0.8692256281216029,0.9342136416134099
-0.222378376905483,0.32342574550748
-0.8088590613025692,1.5947067097495862
-0.7805524765790259,0.3619369376443396
-1.0159838620466939,0.277171437483227
0.12986182271451474,0.4785900093587588
0.36367609832295544,0.7905578978098777
0.9941948120926751,1.6288194606002937
0.213723369990114,0.8320872722468688
0.7661899715061864,1.0168104670142388
-0.8715783930346369,0.9569616296270151
1.074137416130342,1.19851278556397
-1.2616944658004705,1.4936090104297524
0.902408845000874,1.4621113504684398
-0.9819820095450706,1.4183135298874232
-0.7911988236648336,1.8588241343738836
0.42778205963721816,1.9598808632153124
-0.12758941036426408,1.9209717439601202
0.838888160773581,1.553474998658895
0.023839351771789863,0.42723962957927003
-0.3144309416558191,-0.1703329316293852
0.377284965096234,1.0259157059485904
0.6955247762123262,-0.14215628939124295
-1.148687527441124,1.807432885740379
0.133392308215865,1.4956228014442108
1.4136164503447617,1.9857742085873975
1.0506135680011357,0.7481587299538595
1.4782143570213084,1.6777376466437874
1.0993472926595236,0.3794003217913177
0.1845045724409906,-0.08277101721488726
-0.3406232788582586,1.1211278577744368
-0.34407014422395177,1.389284315937657
0.8535345457223205,-0.031491210545585235
0.45392107005011173,0.09778580321789054
0.7639045142437633,0.9007932593087833
-0.8366441004229841,1.8709532977592092
0.7494463366072335,0.8577173702762657
-0.21815549492842634,1.0660031171036515
-0.3072014254634887,0.9662875723499231
0.8144111838816577,1.372437394143833
1.1468789989318617,1.1558224582409358
-0.08088685775100646,0.8618727542220357
-1.4730644165827758,0.30528965376982237
-0.3069644458094176,0.28826297279112534
0.5234496926356593,1.2226602046009807
0.8883936339403222,0.5808869923673836
1.1695208157387675,1.018084800464518
-0.5534798144619496,0.22670894656537044
-0.4290860891809838,0.8280810482395071
0.5812034131154205,0.7298049319101096
0.005433979604350103,1.9485071211370208
-1.3910513038536023,0.049110869839852855
0.14989200216156595,0.8713436027046448
1.0025685582300352,0.33285296368254574
-0.6279425736309989,0.08484292352213918
-1.411707332153871,-0.014916233536334922
-0.7773482306113808,1.5151608911446317
1.4563469138192469,-0.17598666046918535
-1.0986261856169541,0.7459905774001996
-1.1188910971144483,1.563706994764636
1.03244251528628,0.9059368960729575
1.0488660212218353,0.8507421033625608
0.9000483351714106,0.629629162381107
-0.4556709287263976,0.9324623160359762
-1.4026195044625331,1.7886028395930464
0.09542191836139269,1.5039059760913702
0.7131695048295472,1.6006555624574133
-1.0190834862408331,1.0078116288773007
0.42370016059082594,1.7787113983414033
-1.031568352926349,0.7926522920720094
-0.39902818091897774,1.9639499279867734
-1.200316651088711,0.023005396448512072
0.16855940230721522,1.0019745902796582
0.7991303261526026,0.15993054407654655
0.990732203599904,0.44858249923801313
-0.06128341754071531,-0.11992571506318825
0.1398673034988951,1.2837454769148064
0.897736352506298,0.5240606245994597
1.2927479746882056,0.9542106612722361
-0.3164897783375562,0.4906416633715243
1.287096937387151,1.3819404872056371
-0.0498006775735802,1.2532669926117435
1.1289708238479554,0.9302038283240239
0.6710006933565511,-0.10267762825439847
-0.7455585862438421,0.2806420019017608
0.903615777571829,1.2228691002739545
-1.4322734962782897,1.2050328361856957
0.995883895236064,0.31089950361178326
0.660611365168053,1.0934698177666196
0.052922655843919086,0.48895973655108077
-0.4972693892795925,1.516589747649395
1.1936996723777065,0.31174945884196675
-1.2139288332256566,0.7806517405332882
-0.08342505027462765,1.977155835687051
-1.0110511011211134,1.5198696633450677
-1.0730520796641192,0.8398392877531531
-0.44067934570063994,1.871693950853248
-1.1273145698489864,0.47210484032481653
-1.3345648840911661,1.2109277195422987
-1.3495179679978804,0.40175470578526046
0.1719273377830426,0.43498532777524895
0.26581922138658576,-0.01422950358343833
-0.7126731412321352,1.959672981974616
1.1016871117526508,0.2442059704452137
-0.9013938948678386,0.7373687313714683
1.336036767265583,0.6582736937682707
-0.29068180899446183,1.5824055488691056
0.37646175087271017,1.735469152423349
-0.8361376833508387,1.4579243056392492
0.30137270868981547,-0.01663739431419492
-0.9903681263343878,0.9403811922528218
0.9924045918195419,0.23439248882669927
0.979797352822259,1.9409866439433452
-1.2233935364491435,1.64910240514705
0.3572368520730689,1.7050646419006745
0.6791769275008481,1.6940729628386624
-1.230637776210446,1.7976398944647989
0.3366181275037192,1.6697419429022293
0.3967611863494218,-0.06582244945966442
0.6103982579978782,1.8534656784939527
-0.5874793639584053,0.45560215079324046
0.4835866190198035,1.189991026967484
0.024876764226673842,1.3308636206751545
-1.011735635937728,-0.021564942025204537
0.1772402850413144,1.899200469956617
1.2780753857734295,1.151960341715918
0.42579024546885225,1.3635342520344422
1.3175220120939821,0.07393522306087208
0.2536197425635631,0.0731075171174389
-1.1277887749816213,1.849462761920518
0.5472160335335943,0.9440598938386524
-0.8979380598353406,-0.052146295527271624
0.3793252889544543,0.3470666602792695
1.3099808581660803,0.4833804110077224
1.1320871182044945,1.274752676144194
0.8001868501510057,0.4929570175005927
-0.8600832724458727,0.33716164199028426
0.7792741875728773,-0.0745336731609309
1.1062173644731836,1.7543831736358735
-0.6880949226120903,1.7859613777723344
-0.4019400850849937,0.63933866301781
-1.45057752252257,1.7616477312631549
0.4153338542575036,1.783070278019785
0.21426906234588694,1.469288838046629
1.3799152211765877,-0.03527704424205835
0.08151498622037412,1.6569456367369255
0.6142185526325772,0.6013316156291821
-0.36577671352608077,0.48657458665915393
-1.4858479074570214,0.4775796008657112
0.6475461531476396,1.5792454766076787
1.4107277589579565,0.07832515697450049
-0.7897871741820284,1.5569258005714255
-1.2170614059250047,1.047352757142913
0.19942764500693233,0.22210414969009867
1.003082545675476,1.3860783410735324
-0.476469753789869,1.196951084060155
-0.43091441698721034,0.4464321549150933
-0.0446064376839288,0.007465254317191139
-0.47736072463017676,1.701593570986592
-0.20398940324938164,0.5075881980766137
-1.1152776835574465,1.775921277868692
-1.353922653114041,1.0749234577620606
-1.1884876515646245,-0.05470576682974418
-0.13696185010299655,1.6325137788743895
-1.0935763994074081,1.8915938291632266
-0.8143528702553284,0.5237925333028963
-0.6460197283499316,1.5206357071995913
-0.5170121683684623,1.3460690887382565
0.3100128116630836,0.7385636315431605
0.3156994616646889,1.340032987959153
-0.7977341911761122,1.7522965896382703
1.3260288234202768,0.01592578731095115
-1.208287422671336,0.4900931811289558
0.2263656157686056,1.992695405260598
0.5717934069963175,1.146184201325012
-0.19147774395471306,-0.09519048382795754
-0.4923900751150614,0.4858784632435538
-1.3138193284675748,0.5961062897191087
-1.039091219927802,0.9257485940204926
-0.16602859039500206,1.112085868120708
-1.4258003391712035,1.3642864300370956
-1.0209711311555396,0.8053861574447023
0.18004441956891215,0.5491937241659324
-1.3834243241587274,1.4852413671891407
0.3914068258852268,-0.029672395796312173
-0.5640983891506217,-0.014082593861008907
1.1687196099376629,0.8425497380941336
-1.0256094290125048,1.9264841736043261
0.3117151910849132,0.3225757778752745
1.3964307418016149,0.37063405983445735
-0.10257716251173621,0.9185662712591733
-1.0694681208020018,0.9648757504549341
0.6705223823413267,-0.1497344108486387
-0.041300526574899354,-0.053562032603739096
1.1348822579033984,0.44108924606290484
-1.1894983794987324,0.3701597996932728
0.030316839621074454,0.08002310021598846
1.3832535946651023,1.6999039153951983
-0.9085173808222752,0.9459684935049602
1.2199816028431165,1.1628695541056973
-1.217919158338672,0.41977666021714605
-0.6158063446283388,0.4133158912864641
0.7182699455421275,0.04722510995665269
0.2196721534209094,1.795055172533523
-0.8914100137548874,1.6713016316768365
1.3254517471470582,1.0634732763574246
0.3991002246659998,0.015167800855327429
1.2726197665742873,-0.10214281384817683
-0.8963193637045794,1.637363152939724
-0.05684625520816988,1.7995454676051472
-0.16529243382841718,1.6124202497757232
1.2263199275071104,-0.012201723771836953
0.2152732551219514,0.35819554258068836
-0.6725777091800309,0.44210928317074333
0.3667582499735156,0.5595294943339764
-0.3694180031977201,1.82652908010886
-0.21333171228870595,1.8866631116347017
0.7267796696228341,1.7463587134174106
1.0015951925862767,0.838565045582107
1.3062771413337453,0.4465911913634632
-0.076637737085119,0.9950381069097751
-1.3598064447994427,0.07160868662364445
0.5226979063390154,1.8941189023665175
-1.2618007224431451,0.37500421083187613
-0.16641143770278366,0.004953515077738002
-0.5982657522418959,1.7488779184898906
-0.5690257045569895,-0.17054627527909433
-1.073307525610094,0.9282331843147633
1.3351887786360948,0.5238065260378966
0.7167315884101559,0.9245704444742235
0.14399067267198173,1.6668521729425163
1.478938583417238,0.8721596045789097
-1.4540756233263545,1.965048525747792
-0.38319174874669937,0.5844257085426179
1.0055890373402763,1.8047402840283173
-0.19831901039401512,1.7604335066434296
-0.5195600801504557,1.765652878722184
0.8067901893960414,1.3191950355158648
1.214759592686245,0.012635356536514653
-1.4010575315911997,1.593519234451973
-0.4107240840980988,1.125151390641943
0.8876361885583606,1.087069313983833
-0.7451484129485184,1.0513359045595578
-0.9046200805656446,1.6720386252506896
0.26305088908154417,0.737515364792592
-0.9698015516945627,1.7636419454064076
-1.1831495946822608,1.77746765519929
-0.391088098451982,0.265929007984725
-0.2349069480523598,1.5690088353144187
-1.0763711760444594,1.7991658186754658
1.1475577225682518,0.7076760853399284
0.3046423624044152,1.8810248542378798
-0.8078024007543767,1.6992345853373914
-1.0439686623599438,0.735624649873589
-0.912351538708024,0.7513017781015825
-0.2035453850817286,-0.08832203620171042
0.011233902977310528,1.540644092586777
0.37796411086342774,1.8251534712532662
1.2070997022413268,1.1146942491604137
0.5422734199933941,0.16287927436690047
-1.1535617884913185,1.9574508407189988
0.27700929719235834,1.2314131814356617
-0.7694169481782164,1.0960559910027539
0.729177257900469,0.24386694719939833
1.3801509923596638,1.2622154022567564
-1.4847324968022713,0.5349512202220772
-1.2006515675386131,0.47707511239228423
0.14790799377822772,1.3376717991895304
0.979071185544024,0.7903154938830508
-1.4093007229666281,1.2981043102380763
0.265065687058724,0.4200256917515361
-1.4910182587749616,0.4737411822749766
-1.0051641983436652,1.8909335145025519
-0.692394793425701,0.6422049339469069
-1.1539511365837951,0.6183627203004864
1.2304235217085102,0.18063645424492325
-1.2059797242190937,1.6165784317165115
-0.8292566905819089,1.0188632333098433
0.4824359535157545,0.2911101762673421
-0.5087057256122784,1.8619499642970252
0.16090890713336226,1.492395236241771
0.5405733569739644,1.2124379027209562
0.25261705670778234,0.20439149908621707
-0.21190017406613437,1.1562794233667124
1.1264159584837103,1.117834576217322
-0.52159674435229,1.4277873272662978
-0.507402804305531,1.8986786761335364
-0.9482370114664915,0.5158285217725991
0.00181077300760224,1.046609672512052
-1.2888023692689958,0.3095144662793619
1.2585353351950794,0.5245380380638927
-1.4666289217557191,1.2795475164797894
0.7858738620671248,0.6274643055258486
1.1241187402665562,0.2467821223562907
0.019870759080137468,0.17041228575832457
-0.8751964479009162,0.8433691939327723
-0.2702591158559724,-0.047104852334808184
-0.839230177862043,0.21323038951709478
0.12446687536251533,1.4689657042086566
-0.7625825707793692,1.8684199943393633
0.3611541155586506,1.8141056986105124
-0.3453593566922357,1.0344026332713454
-1.3415856577609189,1.7749636230038421
-0.80689671764182,-0.05492131480400328
0.40982423019110903,1.0105157855834754
-0.8755975189977946,1.8625343891758759
-0.14989597370318775,1.1726891910848518
-0.9256169164493695,1.3306493105435862
0.23114325640527378,1.491940616986154
0.9667655644773063,1.9859635881747704
0.3430750459893974,0.5726343768513402
-0.4437849057965322,1.3936290167899001
-0.8015380746035495,0.7212611555271362
-0.42278409316291055,1.0151016449255548
0.4955942349586331,1.2222616648145992
-0.9803480864458187,0.8923988566199148
1.1394679050676264,0.6727756012767525
-1.0601825890465766,1.9544460465881535
-0.3932397704229895,1.751904071447392
1.0868378923197968,1.3133950255014055
-1.199221260564092,0.6855247256839598
0.021118465888600557,1.7662441154517612
-0.23284785718016865,0.8995788479226567
1.0633330014277917,1.9119986596707912
-0.8703054853623211,1.645848920826896
1.0364514190939866,0.8567482775441617
0.15819567541141977,0.9014785395695515
-1.4383707941425234,0.8797071430758825
0.6576161053717895,0.9453507625656035
-1.2009864128374492,0.2601236608119909
-1.2157501898571461,1.041028794883251
1.1398817913659451,0.11183630993798327
1.0155213880215337,1.1006041815687413
-1.1032651456809837,0.09433675195752039
-0.19128524967954563,1.988039549695255
1.2534097091780465,1.2048286099801475
-1.4928408562912625,1.9412965200085959
1.2108537399925727,1.9829071308837005
-1.2068246435405654,1.3245417626521083
-1.388892616050127,0.28399163562833485
0.3341409329568328,0.17599489852153832
0.9651782294108755,1.6151692520409826
1.237466585073144,1.8988112377221291
-0.04923365629981813,1.7192234445894299
1.3334452098021,0.6287383579595094
0.3095057595677706,0.7116856806482483
-0.4891025709917427,0.560869052926517
-0.09532378073517656,1.2732187623775426
-0.9287230774522237,1.1090744401089982
1.2691174310931004,1.6570970772404134
0.02046025069137647,1.3405037578931438
0.34326246752378853,1.7047279685195775
-0.8156033021198131,1.4665578551792886
-0.9756899899297491,0.6734275929878746
-1.4739914134809908,1.3054063569337373
1.461939870955356,1.5911856556356145
-0.11112465073872957,1.971759056977392
0.42033058145323254,1.6793598481375769
0.4689917073200114,1.4058253114409787
-0.9484883710742241,0.5884923872103685
-1.487640752258777,0.9628319545419115
0.4932147564470226,1.5590045935366805
1.1555932268031164,0.7787227970784762
-0.42798651887611117,1.0841055007214888
0.13092477958653226,0.22122044843509237
-1.2973603156440174,0.786039587533468
-0.2408545264064006,1.4448603763926895
-0.5700420475302834,1.5262436585114592
1.2079541468119532,-0.12644022859630916
-1.2682573687321057,0.5752704248119453
-0.5243614536966233,0.6167595680350069
0.6431769036682402,-0.15749002221203645
-0.9310980463256349,-0.04702287631000923
-0.6718280742005206,1.0398296906462237
-0.03256090159091607,1.4466888692291624
-1.0983896873292653,0.7941826632818163
-1.3840986577467385,0.8427078344836083
-0.8970667089308821,1.269436053940382
0.5816219129070879,1.948264278577154
-0.3675463544700701,0.8626595620785837
-1.2121928430762865,0.2349246426581384
-1.2087345128446088,1.0056805536891824
0.8110286651694385,0.30342908020671827
-0.15635341167250894,0.9247001506606325
0.4515191710598008,-0.1050922310691978
1.0763411609941067,0.7044905003518374
-0.29200292450506393,0.1544091566957952
-0.5745907016086056,1.0520407712775712
0.3076766582039474,1.4698297736256334
1.296447402196943,0.7329062648424289
-0.01050156489631937,0.8015198371038765
-0.8859323441535091,1.20701467534877
-1.4421780950566974,1.1265136757475176
-0.03226112320670005,1.947856817894788
0.15321462492501858,0.15618228537445578
1.4021827802622537,0.07822973343260542
0.6689035735575106,1.5370365350973951
-0.7880054342755327,1.7962254963642899
-0.5644380808032409,0.5295981300152925
-0.8232966966174986,0.13749127003228928
-0.5813939017904829,1.6033136718151089
-0.7135031459653203,1.4732742461446429
-1.167656036878667,1.1913919844355658
-0.5815691481324403,0.38620635655106855
1.3121182335380706,0.5906187032536643
0.018302361553097724,0.8203767909777222
0.28707723034770316,1.866535558856561
1.0291629367177544,1.1625284608986162
-0.7354790882116622,0.3621243644719819
-0.3456200964942866,0.21528308845934735
-1.4942956482377328,0.5318998972232221
1.2839617999681483,1.2289596261586802
-0.1682332305480052,0.4374120998195116
-0.22763285874862804,1.9499073812541396
-0.015640731204686675,0.9106461911825547
-1.3310330630047678,1.1877895863466088
0.24802612942719504,0.0028119652325935274
0.6036656728669252,1.0004835593640924
-0.5733095788434962,-0.14496154698400285
1.0477482026598568,-0.03771185928913426
0.8243965712684305,1.5111522279621645
1.4580622130188323,1.6835322647053077
-0.6873449166147889,1.9262211287620052
0.5819504084557385,1.1870751660583005
1.258417107653798,1.2958791081195584
-0.6882630019823437,0.7177643923621175
-0.3703433792651869,1.9185075934573799
-0.3006385883397362,-0.01960855043981788
0.0329893623819153,1.131362960616034
0.7833843593764391,1.4013511238342797
-0.7373360940349093,0.20376255165195095
-1.4079011830472656,1.6818741154679442
1.0871414900353389,1.958847653399569
0.8800405970684189,0.7723912820024794
0.4401592062486013,0.35495154834483195
0.15278161368999843,0.24863484543879416
-1.179152029181901,1.8462364201672246
-1.1336970722321567,0.3857809727690768
0.06746224075792506,1.9783600876006975
-0.3576670061691043,1.2477031787532467
-1.0219135162803759,0.565714301128857
-0.5921289562728227,1.224879715385601
0.6166387575826082,0.4115262645251477
1.0557645117407635,1.8900793019408708
1.3526974485808467,1.1062147887049572
1.1351489513975803,1.3484206157661556
-0.6130702016000538,-0.11142832618909909
0.11079178007123769,-0.12362845052289113
0.04986637688584139,0.8151800165591543
0.7698831917039222,1.2992089387980337
-0.666836707836469,1.5622376085838432
-0.40384118815106307,0.6506876331008893
0.026619003378795192,1.8233034620218243
1.0432822394979309,1.3300575326934811
-0.809278661793278,0.5996776446025627
-0.753380975745908,0.3177335854578918
-1.43621956353694,1.8430472781967924
-0.6167393775758876,1.1582834074582762
0.016330479665023656,0.11722260522227806
-0.8250308708922671,1.6376669298411537
-0.18410377047382442,1.451594456793967
-0.021502729127305775,0.2610804841276271
0.4375654913517524,1.4078044223037238
-0.4097599088888828,0.9549477861867559
1.4032212114627498,1.2042254375813974
0.23341251693806364,0.29802451505642175
0.9039820094614188,1.0233691551522703
-0.30618481618286353,1.5220149618524552
-1.2693985284310365,0.3865598565496064
0.5016343887305257,1.0201518846153443
-0.47259923946583937,1.7903962451430173
1.1041321527735395,1.8485096217686119
0.43185677247442245,0.5956079425474468
-0.49504069624741076,0.45793005360871425
1.3004466984714034,1.4967983767831865
-0.3513383443607767,-0.11402674903314886
0.6696654212232636,0.34283903597832094
-0.42750709293555356,0.7731065246135638
-0.8507728405187789,1.325286305559328
-0.3632469050648619,1.359361712382584
-0.17597592058666156,1.021448230721727
-0.09508465326975069,1.6400110874792895
-0.2705590301268168,1.7092056560135773
-0.8510327396332203,1.941502818230316
-0.7579152570029761,0.7641719879075048
-0.6631920156927612,0.45961768300168077
0.8139360788692027,0.340567314029455
-0.1529164018873157,1.4766294835888794
0.6353464114143161,0.8472109252336206
-0.1509192574446101,0.7361977631861378
0.19197294091289785,-0.11454496021454359
-0.8989170329137367,1.7170620459250696
0.40780556495849263,0.9018191364400832
-0.5394522556240859,-0.08047277607824793
-1.4043537142647444,-0.06803022721884935
-0.32374420897995737,0.09400820273683008
-0.773633637242438,1.865228683385676
1.2201571945640945,1.1563898749849646
1.0551608036257956,0.12450516504975068
-0.44411728794239025,1.8512470127210763
1.2617593809564882,1.7151885549287356
-1.0639641309197565,0.6042794682167207
-0.08666463148880021,0.006149515358940066
0.7265240353070688,0.039974485755201794
0.28403582344430767,-0.04278523273653209
-0.3083559681525896,1.7600688886658133
0.3260797339704802,0.9309159446012623
1.0898729004950916,1.891890632894918
1.0243789439573092,0.8182373624135442
-1.420364836190089,1.3250675539478858
0.29669511744520016,0.5423297202591393
-1.4841067975022868,0.5732330562377352
-1.1978638989414538,1.0595681088822313
1.3421484009964901,1.1489320274002954
-0.7709165712542934,1.4632137844693054
-0.8437902963597654,0.8614945714094848
-0.9991499105579089,1.6041863484393826
-0.031214333865142496,0.08410832766037007
0.46806692342924716,1.434592066677791
-1.2686350767812897,1.1920045946664417
-1.2722255960664506,0.9250261597580025
0.19428192136335198,0.5484136548180145
0.29332833271492986,0.9868333862722751
-1.077095830991861,0.3732814912246188
-0.8040566135394214,0.3471616765120457
1.029664831915555,0.39260421490523195
0.1146157069381557,1.5469674370031858
-0.501422046136035,1.2760210244314845
0.5848671340889391,1.5122083824289605
0.3787894393597133,0.06608984136407758
0.48881380668490215,1.608530766570092
-0.023829391299336145,1.1137819324051839
0.346639395810475,1.7040517196285707
0.16983974213456765,0.6771955792445414
1.0561769163034755,0.03171560987365277
0.4964979012174573,0.5111842123710186
-1.486032090344444,0.20865664432833997
-1.3544246194433132,0.33152818236593656
-0.03791399913913285,1.9365628680331042
-0.16788315456797398,0.946798124204878
0.8720575948998555,0.6038884610084918
-1.3511428589870427,1.820929130098335
-1.049165349863605,0.2512160819727068
-0.8875311784727214,-0.03762539397185813
-1.0548414976016616,0.8773142191849765
-0.1908206858352739,-0.04792830395976505
-0.9722357779601501,1.2133470172677543
0.2852840124464633,1.6735808765661209
0.5440654113574617,0.503305263227174
0.13611146219685466,1.8291697476952151
-1.4688988954416808,1.769886655170117
0.6253575774774878,0.22737812688774456
-1.2818019496286905,1.947056880087492
-0.023100731784121642,0.6798639357863738
0.31522686930756905,0.3248374485988507
0.0375880953327794,1.8410373750313778
-0.20951059654324666,1.242503169722596
-0.8563516446561743,1.1593097394748284
0.2766261216574777,0.6594224437391365
0.685540210801749,1.4252741601737338
0.7635517688508635,0.10424756188152218
0.48861056429232974,1.8585228012947306
-0.32640949505421446,0.7092778503060291
-0.3467150606233198,1.6476424757858175
-0.5860597478428236,1.0584946981120325
1.1617083928855836,-0.18786184755484284
1.0774209334332614,1.0085153122321155
-1.037184293415549,0.49586511241768044
-1.3056095691625311,0.376754953149039
-0.5558646148654511,-0.13095971505179096
-0.78394240142788,1.739219605231282
0.19457154158984524,1.3166946533066544
0.4176491641395874,1.8586579002797083
0.5919081074697354,-0.03888130124891498
-1.0802620976195945,1.4875658674642929
-0.4981466892222899,1.2880734622130618
1.24049733594202,1.6687448002913936
0.38966451191326,0.9267194821878357
0.4491911977553369,1.3210729083910295
0.9166653775802565,0.6365094865738632
-0.6371669192963564,1.9526341693778677
-1.0922922649589053,1.4207742008700752
0.25420480947837554,1.015633776388406
-1.39821333311286,0.6747604374808045
-0.843090989962466,0.5640615773857205
-0.5810725858109262,1.9833931896831245
1.0098831510252673,1.284664718043184
0.5070717208343409,1.3204580639151469
0.7208930332334527,-0.014557409046534159
1.088599059775237,0.7352381250008209
0.549480517925057,1.7553847473126558
-0.8242387301737895,1.2759164523575315
0.5886298064450814,0.3509766524308379
-0.596208145288509,1.119550230459202
1.383866720060266,0.5851493517279189
0.5977905491128768,1.9827063867497368
-0.7257922770343267,0.32380558392057174
-0.4629794426211953,0.1422300900368021
-0.8249976809786017,0.6194135428809548
-1.2645267586256241,1.3240321547408158
0.10862410797821198,0.8747469269462504
1.4205491345072438,1.0073757890048576
1.1239090369489841,0.33834111699925634
0.7814900155290361,1.5457363352712485
1.0539428967991435,1.9172983259140326
0.4057565491627091,1.3354266936968036
-1.1619585241197363,1.3772673113504608
0.16879240645429094,0.6651288417968544
0.8592973318478525,1.322763644893316
-0.6057648714897909,1.303849228660051
-0.9229991871735322,1.716491087668592
0.8868776049191927,0.7970121619461141
0.6072544447829236,0.520348607483661
0.7763908484769928,0.8783661684731245
-1.086740013376772,-0.08655933584788512
-0.3408352250664626,1.864434383817409
0.5243926315815268,0.15087952302450247
-1.0593798900353173,1.84339960654156
-1.090357991252981,1.406346610464048
-0.9448986488831876,1.6333608676767288
-0.8601394541780267,1.6479510228599588
-1.239666756708297,0.4268680104472253
0.7390615126901432,0.05621473128623661
0.5479330082481355,1.280826574527128
1.4906057419631833,1.4450455570046006
0.8518558889953063,0.34236233853301606
-1.2101190870803948,1.9875196044412895
-1.4277604558739816,0.4229411995100006
1.1046566475926913,1.4791760633624813
1.348504723464813,-0.010880253083194263
-0.17504930004820274,1.1938156043691435
-1.3531300991407407,0.7792539610989697
-1.2471465825712644,1.9547751137645892
-0.3835855804732067,0.09857273131222477
-0.20418276004797775,1.4805887955234869
1.4484383496863216,1.6496832772113625
-0.8051579719335873,1.1648891348808996
0.8420228408457229,1.512345754062534
-1.2603845411737027,0.6670970951986019
0.8807719071586355,0.3676584786351888
0.7354740540514211,0.6866907924206913
-0.007507758720757041,1.9675070028798538
-0.17534879740624065,0.7174824447783088
0.4196052996082873,1.5045279195618475
-1.398430628682599,1.3780723245933173
0.40553166179200373,1.0963113154173525
-0.029414953063210625,0.9425220180472416
-0.9948715311560404,1.2776406662467499
0.034989674069821675,0.17177517512447016
-1.2637036745857535,0.6687029725091755
0.26324336830829087,0.9134260826627534
-0.028341005256753204,0.26465882624576087
0.2617615327024312,-0.10432365952619249
0.7397309541314172,0.5485703461112674
-0.16419761063189098,0.8850695175567431
0.412596406319341,0.36021277214057795
-0.8221473688653711,0.3994126004639765
-0.012483657731949593,0.46965258642360214
-1.161648759956465,0.15105331440225273
-0.36245135538493845,0.7493710382818146
0.4511925695035781,0.9578247609518333
-0.8414707824328497,0.4837605405073912
1.4869537228566516,1.8879110185839354
1.0215679803713287,0.19269203829292347
0.0016718935554296266,1.2924580378660009
-0.2938202779147969,1.1116435591949518
-0.157426089984241,0.5059832899073493
-0.7196238145877012,1.9169262157842024
0.14737373375012197,0.7082349998319464
-1.1140392198089706,1.003335639806519
-0.03525605341780036,1.936143131435742
-0.024446002903932618,1.2680278502106976
-1.186669618529691,0.7815860375880213
-0.25658808243118236,0.783290213808808
-0.9294487578759065,0.7609682764256003
-0.6598340832946179,1.9345824985694826
-0.7860087589815278,0.05127448404011531
0.4732122498254081,1.7308483908659351
1.232026340160198,1.6154960697678917
-0.1868836423727227,0.4887362218647567
0.7073595371794861,1.5986959771556004
-1.1904019085917001,1.5772163298030304
0.6369055813842293,0.10074158009439427
0.8364647408236969,0.890064319568775
-1.3232933128367739,1.4833678810425397
-0.8476000858828477,1.3856087858703638
1.1852852852438773,1.6733383306594205
-0.8681991891829464,0.8298694846488204
-0.9806345029473622,1.5810341309924756
-0.9663197764167046,1.9831056131644684
0.22092085257392857,-0.16236005451160687
-1.21413478887005,0.6722328729261193
0.2389918031538829,1.4318096784641205
-0.981536323548931,0.7928685755101115
-0.9642886221474973,1.113511399990116
0.07769131172097543,1.0317243426668161
-1.3441122010524358,1.4905693626345646
-0.6004412536480798,1.5605798154868493
0.7534127766100411,1.2815177045510342
0.9350274956601048,0.2529045673065628
-0.8009114770949061,0.9000488530682733
-0.9194476190615204,0.01555394713184266
0.7105382199116264,1.8942019975583249
0.07998241486347268,0.11472542572015126
0.9459045531168302,1.6074951284178731
1.4655883194031616,1.6024929594920512
0.7874547619450096,1.7019628202880788
-0.9733409214666031,1.5268123640053717
-0.7937722356950508,0.8278680533213063
0.4769806844587263,0.6210934918391009
1.4871235417275042,0.2337033033430524
-0.4090802628181436,-0.025109901185227573
-1.081456809906662,1.4865097912166179
-0.7263940528819155,0.26355631012563685
-0.0872849235428188,1.1596017818810955
0.985957079314316,1.8481609654997964
-0.008546383346048625,1.2911374911564817
0.38403823916730895,0.5599766818086813
-0.99702135176975,1.1485825032454544
0.17627842779695513,1.5853294378461544
-1.4996110217797431,0.9479418597861478
0.9161520278400821,1.8896936921320446
-0.2856304125248059,1.4049145109377617
-0.14659568761338915,0.9785191389397134
1.1199635827612862,0.12155895069571421
0.20092653880663414,1.5427146033127737
-0.6336040116399361,1.5891576125147773
1.1973468585020712,0.9077158273288835
0.09829723358867515,0.5056186639506037
1.0961319529684896,-0.10640324687561666
0.5669237916821537,0.564814301568102
-0.964851516635188,1.9892329288375128
-0.8858660752429222,1.8199658779851215
-0.13253299886667746,1.129878989091239
-0.15682210827261156,1.9455978589914855
-0.8319406925306027,0.8532107979320613
-0.7495409420453458,0.3710033692876193
0.039443841064758844,1.4240269214439367
-0.8175154140747278,0.4983677431491315
-0.16698715939270659,1.8420296215975667
-0.3712135317995662,1.5625051727184969
-0.6475970041967258,0.14345777933295922
0.502973780314921,0.5384193832881476
-1.4863735681126826,1.767831350037674
-0.08461614762073233,-0.08758092970376512
0.7428491623751645,1.1465759489990452
1.366610923600752,1.5867130495546984
-1.411919889923022,0.8729766314720859
-1.358609520478708,-0.17998500312195662
0.5445669917779927,1.1115284602600397
0.06469589421327537,0.9929000853755674
-0.6071058196888939,1.251051670587669
1.0545050883385505,0.3436972841329234
-0.06408173391373628,0.8454246263200342
-1.2417837956341033,1.5398816657194885
0.5896108122887069,0.5690071920012394
0.8760710901199587,1.1014622351032572
0.5412893529014151,1.3398203486496842
-1.1243295149926749,0.06581041375139063
-1.2047665521171786,0.2791414807206543
1.3392908425285874,1.0531268907957545
1.4509279048050376,0.6878721904113636
3.738582676771074e-07,1.1837615709955795
1.4128993326907873,0.3037621463185482
-0.33853935386062517,1.4822478472778857
-0.5260473722689532,0.4303158436519878
0.03915650268424975,1.559666782208233
0.9003339953682246,-0.0008599067586832487
-0.7131719166093675,1.5016971562898498
-0.5089888498776607,1.3706141330387558
1.018934144966217,1.0722135410775973
0.060677593472797664,1.3922127013578256
-1.0621695097612225,-0.07082993395828463
-1.3130352727058816,-0.189366949460113
-0.5671994276007071,1.8658743154204547
-1.475257549423475,0.3360379372381784
-0.2168128801378495,-0.002354308785923437
1.4938530058313098,1.2548321345021398
-0.04041057863659603,1.9373778803144728
0.9520973254722076,1.560141608903433
-0.5130740167152407,1.6744083786436
1.3551419395911397,0.15209656921352932
-1.3504204959439676,0.8237178984419871
-0.3262583184528378,0.057845312772538626
1.2806834632158237,0.8588524571385083
-0.768170583305392,1.3692152785710086
1.0807187087509353,0.9343680869337196
0.5693585670716446,0.2982030661906784
0.984393399874965,0.6881765500144521
-0.8374489032270109,1.267794646210881
0.0862242602233243,0.7027800062448806
0.7794684223718988,0.2158977732658754
0.3089161731465091,1.4962540335576617
0.2485446758961114,0.6830409397584989
0.39253107830305733,0.4490113695868339
0.6390883451217189,1.6763142632604793
-1.130913261952588,0.7164578266115795
-1.4242628066512624,-0.16095585106803326
-0.9933742172636735,0.38798346613602647
-0.10978265443643576,0.014664868321988628
0.751259691886911,0.04757317847239734
0.4786402112602426,0.07650974672871769
0.4799386287741878,0.8671806249228102
-1.389776038277692,-0.14389414430327807
0.7467368282211675,1.0066944445857557
1.1342178820126612,0.6386054033590338
0.46230729664743064,-0.05155183425161153
0.9308396060444886,0.344363407435412
0.47233314402492743,0.9813503126735683
-0.21500110945936113,1.6770186584135154
0.46319418928019074,0.8489418687460448
1.4596905395322075,1.0375054964078678
0.5671358259003574,1.6093339602573367
1.3544035512743302,1.7017417454055939
1.2507101456405634,1.484461292604138
-0.6653997178304205,-0.14998045018922695
-0.5123245774237394,0.8764045232074535
-0.21229292723075321,0.6187275786246784
1.2414130792063567,1.8154409714894866
-0.8416190017796774,0.8947316886546617
1.3473345562341752,0.2816701155529188
0.48987536462736303,1.240964626147055
0.6287769377265979,0.2278762415147772
-0.7814930857123179,1.7163733231941727
1.1505927436252978,0.5509399637833099
0.8296106565405443,-0.02492547487991112
1.0642261960216848,-0.1607576184369087
-0.9433711215949936,1.2077390442571996
0.12578308182087783,1.3980638865043786
0.7081226399964544,1.280724022946872
0.8048249140220598,1.3008823744224143
-0.9522527677700017,1.5516547440128226
-0.12356536950849639,1.7735406707396244
-0.10989154587925754,0.980269752929648
0.6447251016552196,1.197081942991059
-0.603009535074643,0.49464758012879645
0.9470742603156515,0.09445377484931039
1.0837473114845038,1.4587817738699895
-1.094044758177935,0.1834022902210234
0.80323755469075,0.3522794114471413
0.7059113086399278,1.4098513614275665
1.103724805268314,1.3117619313849036
-0.43045723116049506,1.3560081182300707
-1.0343122439287307,1.1461605053613741
-0.5726958151070051,0.7873701339920305
-0.6781326640915551,-0.13389526574795785
1.1122206675413047,-0.09182050826313172
0.9396976585694383,1.3121263163717471
-0.4333575229476976,0.4260874970476533
0.6480242442168329,1.781074690081884
-0.07848875165061298,1.810337320508746
-1.38094383021274,0.5002554815709137
-0.1717090092251572,1.5987992918358271
0.3607435367340801,-0.05604839861327465
1.0725974943417387,0.9890691617763214
0.9284827987789734,1.1594624212091045
0.054704032708507544,0.45503752517826884
-1.4916737287398971,0.8162216316522641
-0.08942270580464884,1.5068408914063496
-1.4673361234607638,0.05747602150238468
-0.22482531773634706,0.39208201732780373
-1.077615657660743,0.6541378817425343
0.9083565366303361,0.2011298760410457
-0.18813598668939324,0.4236838116689507
-1.496613936839455,0.9314460229743953
0.04313264075462042,1.6216385582566324
0.2064570935076575,-0.13066790766671177
-0.45609782996687676,1.4789238294336753
-1.175932004205782,0.8414498631866976
0.7461826827362352,0.15285855300313322
-1.056273975182588,1.6509397917598476
0.770552008406193,-0.10462664043602678
-0.02915440861435359,-0.016816101821940016
0.9573818629004052,1.1634409924034121
-0.37395879186122993,0.5019770459032
0.8820928913064141,0.4766337525417665
-0.7539548260015315,0.39819236735464886
-1.0414520396240596,0.8880038319375474
1.3428055884269354,1.0957193906498226
-0.6968829062053687,1.9213071164205504
-0.4684899286898234,1.2026684279735729
-0.47551552670171615,0.10988368755557726
-0.7743030512885987,1.7511643794476306
-0.3859785980267083,0.916340616196724
0.40734961550042303,1.3811988499092118
-0.3089849177479782,0.6474965012622402
-0.5315354145658724,1.856185843232341
1.3202325787678637,0.5010606042127259
0.42421521991116906,0.18485453367262655
0.43146329257981986,0.5546068871838541
1.0361305689238463,-0.17851077106681185
0.44350655950414963,1.4158946413557676
0.8209286342767999,0.9598820885565069
-1.4443831330121473,1.2842750134775431
0.050482768774999354,0.032067873042570444
-0.3977684320407835,1.3133577986931715
0.7950409526598712,-0.12222951807410197
-0.13962859410104622,1.3801498544126738
1.1087399381090721,1.8065193091724974
0.10084508405523063,0.13136378984671188
-0.9258489145603473,1.3708718473848116
0.21664294882051038,1.361159651130504
1.1455723102670108,0.5781294195751239
-0.18747935082689215,0.46761290527451344
0.27169170700882295,1.1455729067122147
-1.1715791916646476,0.23849635545690323
0.27597718453175424,1.3717370435358427
0.9072102631528676,1.802440930864688
0.0717228586919807,0.7205084322708109
0.4136163359326628,1.5949873373602217
-0.8957783689781443,0.8963624380484547
0.9571793767036816,1.0154759612042175
1.1995228097766524,1.447425879891325
0.6691788010250455,1.8569106734966614
0.09732800658278551,0.7358738874989006
-0.804887359768916,1.027096220744439
-0.45844226725853066,1.7227987925528507
-0.22045706746241556,0.6197500943773242
1.4726714080186447,1.5678865069133647
-0.5023343706693773,0.3644791450819254
-0.7043207463410511,0.6540272312559448
-0.24136491279971573,1.9411757858556749
-0.11773948394510758,0.014406553434106989
-1.4961459477547603,0.4144115380732321
0.6626805576903272,1.9704946371734342
0.4584066315532742,1.9136984469014309
0.603507892338198,0.136572036607305
1.3731734507386508,1.4937966885817588
1.4541630748388794,0.2156652245175245
0.05135603012531664,0.0324510693487548
0.3036421507934759,1.7217443258530796
-0.8865005173932768,0.7907726852903181
-0.9096793849728239,0.8223210287583993
-0.2828538588128242,1.864698251069454
0.06668095094938353,0.7985825977333807
-0.35324460593001183,0.950078327083413
-0.33588174988634245,0.8597829664779175
1.0394279244018678,1.1003648456855863
-0.5950821534042261,1.2044932264394121
-0.3273895319927276,1.4411171139740897
-1.468197999990438,0.08178123112365454
-0.5877230904505126,-0.05184974615255372
-0.5658072800965264,-0.056819695310880464
-0.4213866627542071,0.8732349072718479
0.05954687242510559,1.1933955754298295
-0.7738728592753266,0.9651984551343331
-0.4601410446138874,-0.19995440518220617
0.8440005597703455,0.37180326883168985
-0.000551407576078633,0.9978706858781923
1.2129129961676028,-0.18677618330650994
-1.4409962781538523,1.895715559427907
-1.2871811927840275,1.7233635481330896
1.4703751300012242,0.08148458805180808
-0.3492229471305752,1.4706261687675442
-0.29936475712683785,1.0187917082669429
0.5523789990991808,1.390535772428251
1.477964208059087,1.5209431788049796
-1.3176750244071922,0.16021656870254053
-1.2161080326654292,-0.017858713085527583
-0.8893121781227554,1.2667962369937347
0.5640835087320477,-0.06833981273565917
0.12756669756603944,1.0449563181235315
0.16496453661964683,1.199715352353935
0.9522919998396313,1.4707208040918296
0.9722456889366677,0.9630263102349252
0.2428017506108593,0.6808307860937577
0.11204492164032187,1.0087595420946343
0.7781356651465567,0.05005737604974497
0.7967350983569594,0.3836813525610257
0.9920289603354213,1.4231334163822835
0.10198945340654175,0.13505011023606955
0.6815425241295099,1.0265861941275125
-0.26640529496235343,1.0950769163365535
0.9635825499326027,0.08613119507053418
-0.711014573021349,1.4043263408091435
0.6153934727203443,-0.07916089426092161
-0.4719673030195939,1.4253889299643687
1.3374929135498008,1.0084475369517543
0.19606776998738962,0.33311109357145813
-0.6897932681780161,0.8871560570697405
0.34691111885181103,1.2035877942063744
-0.7379900805121524,0.3556816141776659
0.47219199840010617,-0.0662411710560489
-0.6622198663124997,1.3054854642595957
0.6525540713762346,1.416579349924385
-1.4833601346957987,1.2908412758285477
0.8356842417071677,0.313029788023326
0.19862714362310818,0.7038708412596972
-1.2127365202293154,0.10832666315285688
0.6939617536445657,0.36381061636108386
-0.2177129702036984,0.1947436306570121
-1.4369548658346774,0.943558089608338
0.6272488813370298,0.22295636969255017
0.5988448378837616,0.8315876742904418
0.7285215394155964,0.021273330525406947
0.22044462459125258,-0.010500677669876973
-1.3302630207441177,0.7826183207667374
-0.13645044357874325,-0.047405760322661666
0.4438864583430777,0.8249720491258843
0.7676237746264727,1.2254463978788839
0.08749188262646035,-0.16725482576180378
-0.3543317303201281,0.677119088256807
-0.9364977400299354,0.7122052232746654
0.9046444436983192,-0.15677007181859504
-0.7515459410558064,0.2299898670705528
-0.19471798133298002,1.5954363111391077
-1.1613174082662008,-0.16335317664287669
0.640199828683079,-0.029452953096532314
1.3850501489434395,1.1226565184760795
-1.4112131933243581,1.016419426786396
1.0285030086561555,1.7377050581418454
0.012239274117230803,0.13982131085465704
-0.9782485208649526,1.6856503695593665
0.2930474143861428,1.2319022414312695
-0.08437124741517055,-0.07484698142648033
-1.3468939348162587,0.510083908374888
-0.4335676152134329,-0.03607051951017043
-1.1516244953792711,1.257329772547287
-0.569711758767355,0.34473867130116925
0.21222757848660767,0.5577891633829695
-1.1253031756038083,1.5793825143137048
1.1539368328588542,0.4375984662382851
-0.4570966532882217,1.919744727405028
1.121192120475433,0.22549738794148616
0.5798323547440978,0.13347553797695877
1.0245862375314165,0.5197296931438717
-0.9235797483511005,0.5581841206567779
-0.6445642284591,0.9510867074415137
0.4991043397932191,1.1622710221024084
0.1358676970941226,1.2278805191250686
0.2676329602477421,0.7230644072918615
-0.1182980504024771,1.2224528028087318
0.045730720886467235,1.254329168200576
0.032067612214501606,1.7452639168112136
0.5249385970112521,-0.10287749760241748
0.17592155853121882,1.4400910345943976
0.02877128630170378,1.5674862282637056
0.0670006462979551,1.6519526156610502
0.7767617402338036,1.5334881205819593
-1.0152225598716234,0.31839023453842946
0.29595019445823967,0.4194749176437556
-1.3100633106816266,0.763975896431174
-1.447285366990636,1.2101399898120058
1.067169763266873,0.5449846538925163
-0.5957709437056411,0.6324295453716915
-0.7238359093786628,0.7617139299731639
-1.080392603882896,1.8759122000908703
1.3257543157350447,1.5894269642982672
1.428710477089136,1.6249992490540668
-0.5304013348615941,0.3368012444014133
0.0057557011932598545,0.15541297632045997
0.32349589758892705,0.25309514926795007
0.8784766241186164,1.8338704477199201
-0.4150339052985701,1.210566181821044
-1.4305378965730482,-0.0513791039836293
0.5774570718150662,0.725545172514444
-0.20970464764283658,1.7832977839521407
0.19818796760444002,1.8452035172031438
1.2086461040319554,1.6415026973191411
-0.17331683159038902,0.49341930666601125
-0.07199532672240494,0.028505925857497366
0.7570072753758637,1.506515641631199
-0.9479128459166164,0.9009150996036464
0.1871684144573007,0.9778523101060388
0.10491568577568389,1.6306173741206176
-0.9263958153883012,-0.026331644496489587
0.1765177231650108,0.9635890283226769
-1.1183496087762959,1.2291608665551872
0.7915981492890296,0.5127263300534379
-1.0773875213879438,-0.04365627306759079
0.702189147371592,1.5082691991884243
-0.38260678435881057,1.9242217156522463
-0.761492804201624,0.33786362366700545
-0.8401120231194535,1.1993142002898927
-0.9467162185160001,0.1657035276924756
-0.6969608085093251,0.9239719358130631
1.121608860143458,0.27780543001293106
0.6214812634562352,-0.016515456146213553
1.3217456785887283,1.131589847732447
0.006682465705104335,-0.006512020212229602
-0.778213178443072,-0.07529557180399547
-1.3730805748664319,1.9192373037015977
0.7012094721638369,0.6261456883572551
0.6230203682811828,0.21168048283930951
-1.0518509685537092,1.6078973549395368
-1.2465935466092652,1.1862207843020762
0.12353562831143439,0.15747157435778064
0.32852229256875587,-0.007315624752640498
0.6108362160241114,1.8007568995419179
0.06852694155057892,0.9933347054834598
-0.3986177996871445,0.7899756842383281
-0.4688998398331219,0.6115927842601814
-1.3652689775888587,0.5784430963905327
0.5890431626006003,1.4052220187115463
-0.6090044810832684,0.11669011670957202
0.6265128691297019,1.5191550846340696
0.9260003581604845,0.39763631788293535
-1.0048908931819986,0.017265772787739442
0.6423113594403049,0.7784048027358326
1.4384996178761247,1.076434878514074
-1.4702070900610404,0.5188692180785401
1.192548158715236,0.6174819366099131
1.2980958519257846,1.262474621882975
-0.8339208192312921,-0.12255378010134307
-0.2645650961638053,1.397093503585374
0.46685615481504117,0.7629245272992693
0.0682283182957244,-0.10956334565086319
0.4336810844557526,1.7245687778614742
-0.6120662055290187,0.832436760561903
-0.8554574287008244,0.04466040568816415
0.3284066162343766,-0.07235603527026777
-0.11705075917976404,0.8120559745128799
-0.5248671080824162,0.1488814962654133
-1.4426154261748312,1.2514029736550396
-1.157254630568743,0.02743039711971862
1.1624603118323265,1.0764494038893389
0.5365032562385226,1.9881619668736141
-0.37520909115871515,0.1647975157936577
-0.5253487472459248,0.8129906709505998
0.1965998625688492,1.7680972542220232
0.5354550129152016,0.10676052382926482
0.7074393882587238,1.611774708440633
0.1307891385559634,1.6026865047582401
-1.3254418520702718,0.15700883630861845
0.43650750981542874,0.9119303727407364
1.2297190269958862,0.6490225436675823
0.5089044796574989,1.9816773983402507
-0.70719806443251,0.014731600363930258
0.5547418123151533,0.5576009121013428
-0.39641198022528634,-0.1888454927658607
-1.1889978390427876,0.6338306531574165
1.2461968479430228,0.9604040684233561
-0.8675828519035584,0.5206006200018598
-0.6028351337370432,0.9976112786429663
-1.3299221737889586,0.309030612974834
-1.1481271375229811,0.8812721261254628
0.23995094503676206,1.3617135535249416
0.3113966949960012,0.49961096834516955
-0.26073714572780315,0.8741757072480809
1.2738361417320854,0.8746765550465583
-0.48794508127552616,-0.017805852391459098
-1.4632670887872103,-0.05616627559099299
0.24967934714057627,0.4646901049661692
1.123091344228036,1.5899098150644524
-0.9051023594069688,1.4480584135657122
1.289903532791532,0.8555296906223069
0.15014443463215077,1.8768174166749405
-0.3819025442593569,1.3265676484210516
-0.5731251134797756,0.891711287500514
-0.3124428301376301,-0.11637746065646239
-1.0017132253666612,1.4321051690086786
0.3061945956331835,0.29558517201028306
-1.3039463057736371,0.9847460730500572
0.5399046352150791,0.4255162136945409
0.39445606035861625,1.0969966405317604
-0.5308125264076997,0.758421373623495
0.19496767507488855,0.6232502381737126
0.8004281357649594,1.6328581928130563
1.4319321651529835,1.0779477286685604
0.5380488834680941,0.2342100599850736
-0.9785662157823912,0.48569832370985017
1.1471340163934571,0.402648922819602
-1.0719266698977263,1.2793388792210785
0.6557195618135059,0.7394745942196412
-0.3656619113359083,1.4467858854978886
1.4159361948800147,0.2058891835843814
-0.5856133841915085,1.4950804613859572
-1.1095739453737408,0.4381433920721111
-1.1952729320932187,1.0812317525572845
-0.042884574459570945,1.0656338603533038
-0.9558914443232318,0.7001362750023559
0.2756998651421778,1.0907573902987555
-0.771929729577228,0.3062898564678492
0.7618113403568514,0.821722005951877
0.11800458368083122,1.7833507347682127
-1.4545263745826364,0.6924324850111987
1.0956895013693506,1.111294946121368
-0.4426534615650799,1.8213147771506681
0.6998225675217578,1.104961130606967
-1.296002785315627,0.13738818004109232
0.14069916945727057,1.0426556966040976
1.1853887913693084,0.29333632730104475
0.7185919440080388,1.1094399971029176
1.1921821674080149,0.03062633826300737
0.17255912995561284,0.12566210565440433
0.42970109632723386,1.8729043758139616
-1.0955218769777388,1.8262606369503593
-0.15832140254330662,0.3576837156643687
-1.3026189814654483,1.4871005536124897
0.06584172098563545,0.9911322238081375
-1.0744004123456374,-0.010640525756859393
1.2438655655075643,1.5826051458926802
1.3311537475869555,0.7609210306190617
1.2937921579431384,0.27533176336592624
0.3275101468658077,0.9943792614789451
-0.7962706527773464,1.7090857162170467
0.11720591253164203,0.12850717779077503
0.04918578967123888,1.3751144312860761
0.48508874536332636,1.873295257535452
1.2267629371688908,1.3560639244481678
1.1076269518404915,0.3653305211901345
-0.5828074750236991,1.2497325581007548
0.2256335366436213,-0.11737036563139282
0.12318723373742868,0.8399589048762688
-0.5492510220862858,1.92982738901826
1.1069800535743273,1.9618864654468313
-0.1197902573243601,0.26278664254658995
0.4456580609862155,1.2972558760658257
-0.4220371351269434,1.8290108862882135
-0.26840895519398966,1.7641926109705701
-1.424881109471748,0.0036420850363035606
1.247943632627341,0.18365044383723123
1.1802767475782554,1.6203967909605321
-0.44671389586535026,1.5274435553084729
-0.028701390954896544,0.7506542798386859
0.04666854339860471,-0.08229019649657779
-0.6282598575062773,1.1302992700529537
-0.9791671004204311,0.7095038222459187
-0.16454970584564954,1.775792327001822
1.3349084350625384,1.6418940864856326
-0.3215537975724003,1.4156035159554963
-0.420018370104545,-0.175286459869946
0.7725781508875684,1.12782671677131
-1.3816749292834853,0.5427227782705446
0.272326500420192,-0.057786055092635846
-0.9901832881240689,1.758319196416875
0.5802392611326166,0.9667468983429772
1.3993476329932828,1.0629929366941346
1.1799890372402118,0.8916109363804714
-0.8127079709680092,-0.032687476855873976
-0.14747173358164445,-0.06579979189350224
-0.8267136980383366,1.0280733101295503
0.7459960835882908,0.7854880387698324
-0.15479228069719841,1.9669081745185288
1.3452578128725592,1.9160642823940963
-1.236967188555459,-0.061087692100186386
-0.9573654186085111,0.3812393340622274
0.30112923119535795,0.29583750835688194
-0.6904112763531598,0.5108445086811619
-0.018416355922079575,0.861974058721952
1.0345333160939605,1.2926983247650712
-0.764456621013871,0.7574551188300542
0.3352187479661406,0.015615499691114088
-1.476693036006091,0.06340235627677776
0.984668392452031,1.5811253460873982
0.8147945470550493,-0.1566494921873271
-0.8356174770652812,1.4773156416707363
-0.6145634138754663,0.6081557771005328
-1.0996078133664557,0.2829377360301168
0.9842207959287488,1.0917317068950407
-0.43576805234963034,1.8357166453594462
1.1443585093988875,0.7779703377622553
-0.47864558822890424,0.749154949459869
0.8370977569571378,0.16350392285668358
0.757253010061842,0.22888104103658885
0.32214201655083907,0.9876304790148438
0.7751768645749526,0.19925182989505857
1.3344623527414003,0.23880428456824743
0.1792505867497045,-0.02135722732206638
-0.8814705517457547,-0.1348843016048979
1.1864665882171446,1.1100462095908747
-1.0727177760073188,0.009049319152963364
-0.3535696466862044,0.42650388979228643
1.1020434774316419,1.1481567093376948
-0.0029045402828224987,1.5235648545378102
-0.2778065389618145,0.2994402574406008
0.27487097203945154,0.197252190775975
1.2718093870048102,1.188287671548038
-0.24424295408376784,1.8672974829537552
1.3446950381591316,0.7820946186378206
-0.8203728852962097,1.363195081107977
0.7204059954915887,0.29666307277396087
-0.5691162516130504,0.5714527691537206
1.1514299243369646,0.867922911703914
-0.07437822707057307,1.5945063770512709
1.201948212672888,0.5513913598059412
0.45293702234700217,-0.1738642134526392
1.3533653901202074,-0.1554878074217515
-0.13549415626104455,1.1639412627592438
0.5689479691727257,1.9771149246102324
-0.02703898381578007,1.3583659848101928
0.97100709831731,0.5950875526534827
0.19155855458301985,1.0359416158856016
1.4702946472958232,0.3252004432677536
-0.17765145202141497,1.951998681278819
0.35207285783320774,1.4235419066703863
-0.050884973123923816,1.679793147648411
-1.3221334351804432,0.8483473570134601
1.4881722423436758,1.8227656164496906
0.6197988173002402,1.400802191992644
0.7271151450428905,0.39059123843649396
0.7448106838188533,-0.19889917736382132
-0.8385692526944135,-0.12122082911232764
-1.159175389989549,1.6980673798563548
1.430308799065343,1.1614961721796824
0.8745031982737825,1.394423864829986
0.6511365659286539,0.2850920980661053
-1.031054352909119,1.5142215627997226
-0.7281140917101103,1.6527795312210545
0.7741572634184828,1.0304830364287991
0.10116297636027527,-0.08234347907179129
-1.2328116238585283,-0.03121165285821617
-0.04215812773424066,0.8520016117727549
0.9151811834391967,1.4371022941230078
0.5031080322975576,0.48779440134793167
1.3490951414513304,0.4976848981791409
-0.9072752594422372,1.7608903250388732
0.246484833027532,1.2710960846916943
0.19305961584404718,0.29186385644565077
-1.4403707464465494,0.5531538824038298
-0.39683020388125523,0.35927631003768495
-0.7234193009611412,0.47252530317200875
1.2700548075004603,1.662424568075054
0.22134090631552406,0.5880628481217485
-0.7085922444759063,1.8239886156186327
0.871261276086043,1.395517942357253
1.2401215691225502,0.691300265653978
-0.40653859295750494,1.0335247305681747
1.3839019532774843,0.8213199986311392
0.0026240332126401533,0.25904099252970125
0.9402149735453107,1.1344234804849551
-1.3433701333596006,1.629548861976445
1.0723967531051728,1.613306878019103
1.3204018504488655,1.301990333388464
-0.08200977874928017,1.6660285079703303
-0.8235513117723338,1.828704358188712
-1.2524325300560692,0.8685936693004024
-1.4164751044755346,1.0524413532079429
-0.20550518658815564,0.8072079288133891
0.27613518706974327,1.7345078033373995
0.1877511634615563,0.8715303669024306
0.9753242492138767,0.8863222484419258
0.2693815419288561,0.42399623717556795
1.151221639097813,0.8117905532887113
0.8250280594736834,0.9150151253141519
0.1769942528286368,1.4771743148669507
-1.2656688305809611,0.37366459676061486
-0.5234886437158839,-0.1882635473557417
0.8015671628617369,-0.11563203985654108
-0.4520086851406935,0.6216856188261073
-0.5617033948596213,1.7943622421661283
1.2884528785913076,0.3222033652223805
-0.8663069730967402,0.69214938100159
0.6883444464618522,0.831809491343906
-1.0568775992576396,1.9473158438481402
-1.0821480823230334,1.6119699550559456
-0.630672941872618,1.1202545793118004
-0.9115761433023466,1.1573132995385924
0.21793308499242503,1.8139827820709395
-0.5021774198537701,1.1052128401290526
-0.5819784475357654,1.214153104970879
-0.2144307609844598,1.3138376730112438
0.7501817843427041,0.053203925218861026
0.20735859974055182,0.020694569731747825
-1.3066008772163966,1.1429859094771493
-0.801842840720403,0.622757750545005
0.9538113072730825,0.5065452612549066
-1.4817523247256763,1.3486170831544049
-0.95049740424966,0.9250944262545562
0.041829319839054024,0.8004468078040956
1.068473008216734,1.6641918524042318
1.3857546101175489,0.9704709498131132
-0.10463210703933723,0.29160736148488553
-0.5451784311674108,0.7184808896519239
-0.5801329967969953,1.2118686391852862
0.6907472329223712,0.2984167444882567
0.6223706586430895,0.23544954209304508
-0.10068262023472774,1.7881461481642982
-1.3776416711722947,1.390033825751089
-1.1775189720490207,0.8864022579478843
-0.06558489339997542,0.6134657566604818
0.15695932930360668,0.7865998994261321
-1.107068335828594,-0.04962395016744431
0.3044787504610087,1.1420224705558795
0.5616807124875796,1.1207127305270328
0.4770376520087942,0.3119858540304607
1.0162704442229242,0.9710338999916643
-0.2515120094339942,0.28929450136283646
0.6546152728526304,0.8336110684095848
-0.9549613291749215,1.636077221031138
0.3648360685467358,-0.041191221503062425
0.6631247587568003,1.5816967846298986
1.4015093966976115,0.8969909759543513
1.119312129277004,0.8769489205775873
-0.15584584877793062,1.3803830434681956
1.0638277007435035,-0.04678718356166425
-0.13814899170691985,1.1739697761087031
1.0616288538548613,0.6472059781927335
-0.7778565334321457,0.07794640242584616
0.15865053686963249,1.3658944294561701
-0.8768969800537769,0.7823804268008581
-1.21159083364229,1.6607441239940943
0.9549093024797268,-0.08073641223570292
0.936135665267321,1.6067919344383812
-1.112309416568516,0.3737966576332162
-0.862735836422947,1.3650850495781497
-0.3556910566196001,-0.0014106695949429315
0.9355506217160792,0.02422041022305088
-0.3651796027761647,0.00014909018391232043
-0.2999174503740978,1.8650422259661668
-0.8036449711185568,0.9448483896110453
-1.019800708938945,1.4057210180205504
0.12069063955558024,0.763212947573068
0.07006319919123438,0.6402948335371923
-0.6543396095648368,1.9250455978193612
1.35930230470992,1.837908857195017
-0.6813669336969563,0.8450829129972894
-0.11228848704319927,0.9156133611583586
-0.6135539468566966,1.9176974294141023
-0.3153587797660704,0.39558496702728135
0.6983121503597909,-0.16804654878920794
-0.31918465876645286,0.05331365991468512
0.2797543773173967,1.1517349720213703
-1.302329127041968,1.8705457933407537
0.09795035262152041,0.2541171687117124
0.47345573470193036,1.4247333816208332
0.23799063812163945,-0.16315672227758066
-1.481048363796403,0.2532278778686438
-0.8734441453777976,1.9340031543802645
-0.6320624454374937,0.4730876966736072
-0.8256207862786042,1.1778106117488083
-0.8621329195738129,1.6574355460634607
1.4536590599801045,0.8552069325177372
1.471236495951489,0.1955936349501634
0.33787071662368184,0.17743030726662556
0.3749573252236973,0.23523267715189727
-0.17225438658674674,1.5869365108136502
1.400405796545261,1.7272989318493228
0.13690633293982168,0.5597309333961786
-0.025749116507302716,-0.11693569574918355
1.0912507470296844,1.6994412861569366
0.43841559603367886,1.5682949332386087
0.8842477125753336,1.6876513574174279
1.4279947290285957,0.2216159385841514
-0.9297520335051932,0.2551185356652476
1.4738895860159738,0.3477627181927591
0.8010040111820138,1.2392403249925361
-0.2006159543759669,1.5013453914919506
0.1557668979140705,0.7447027580601193
0.6880442084821308,0.6122322375201281
0.24188718125382613,0.4014833874495441
-0.8934774158867916,0.40643803757559854
1.0597916176796849,0.6218340971512695
-1.0175164199981626,0.21923675103425372
0.6777176747623623,-0.176853724859828
0.5714917058924738,0.7015999192459528
-1.0613318572267316,1.6932063713797565
0.685050954780976,-0.10206381591876272
1.0825725644132511,0.9092049182844757
0.25760613035014535,1.1254416554712614
-0.8828043177088953,0.625400647862991
-1.20259343173093,0.8497374872716021
-0.6689518982788236,1.6107133002764924
-0.9563789411803708,1.3488218967918653
0.5750444137262689,1.9279090434024828
-0.5295643874247362,1.4110988730526295
-1.163890716946361,1.6023952941072581
1.0043252629114847,1.5088654929158902
-0.8450402168914384,0.05700484444601134
-1.3767100128676666,0.07229349681259645
-0.5674268552890409,1.6617311719570425
-0.8556448581026445,0.6420862377354837
0.6561343208938295,0.29885515954704905
0.8274767570321866,1.1619133487285709
1.2697605052270795,0.2264431763844817
0.7229221906463432,0.6957850435381527
-1.1348968061564675,0.36234882175794975
-0.5237213264689349,0.5378498282014079
0.9098909325866447,-0.15581859075092336
-0.016781319289352226,1.8779404162505455
0.9829430771962535,0.19776686826989892
1.3958560253691292,0.7599569869031986
0.9149450333620806,0.0032125857069430774
-1.2449820405056888,0.8646089787263596
0.634769460364311,1.3357651003627766
-1.3579783522408746,-0.03611349761321497
-1.1713650253942054,1.7732714118841253
0.8036127098456007,1.5315555129443728
0.572631276219369,1.402714151198557
-0.41561666134220987,1.1038112408061151
1.4756095276277237,0.6131854139190287
1.257569567618682,0.44568423886051917
-0.4679232851281745,-0.1601198669508294
-0.059779500400842345,0.8510818897232006
-0.05428717815039974,0.46503704733510104
1.0382450558800356,-0.13299460844029412
0.8627153703281834,0.468437218119301
1.4715928194831163,1.7972641946215444
1.098416640809579,1.2552046474169558
1.4094718838238824,0.9415707383304739
0.32090613259900325,-0.1585705746091069
0.9248011064676378,0.6685427222383027
-1.09090350402854,1.4241034711502067
0.9902634045404239,0.6160405810998735
1.3014673632850928,1.2149002338362271
-1.0299732702145674,1.5640028350214172
-0.36696433275053364,1.8299607193905223
0.6282880062902576,0.5831879616161377
0.5511602138644016,0.12240858462112081
-1.345335794668894,1.9224674875376067
0.7672180109800677,0.10498059272982779
1.0386312070152828,1.625499952141152
1.0039107671181267,-0.105770995374523
0.8070975608580637,1.7336915398574881
-1.3159173067644612,1.7010722766602453
-1.3290900029412123,0.9945542283042725
-1.3465637487581281,0.5974411256113143
0.7871900300511707,1.9898686533364562
-1.164508503157916,1.5846459079138822
0.9619635934849118,0.22060764655237136
0.6243545750368411,1.8136024841026661
0.9327013120615191,1.3409760818835181
1.0124302102354323,1.4270108789507048
-0.46060061438154887,0.038088516163382075
0.07136825523425783,0.25939145940225283
0.03516979893172101,1.8825504999631415
-0.8849684981238125,0.8148094488789526
0.16814369825783126,0.1414730171115634
-0.414413216391635,0.24724671033310497
0.7541125096930381,0.30396677753147566
-1.4348610187856068,0.52303795380313
-0.6164050632712339,1.956668333787068
1.0265102436442848,0.0020125360973439754
1.2554931707635442,1.4889170944414316
1.4885514404729987,0.5138312679658881
-1.0615208961645388,1.397315056504039
-0.531973599403885,1.459445432629686
-0.11870325692755213,0.8788747945022226
1.3575571588095423,-0.05082441406153326
1.1706868893259017,1.0692688886861996
1.4086028944412012,1.1990565111497442
-1.46697951154082,1.6420678527083377
-1.3018280134925724,1.6038642425812475
-1.14624084211612,0.10953977160542211
-0.3259581047750484,0.9830163672052403
1.479684838365079,0.8651588663299328
0.6065113066738164,0.7186799286353551
0.9268326553352839,1.8530577532449046
-1.1984687934452172,1.2789808074960254
-0.18697735654198144,1.6968864653590126
0.5091825059945267,-0.026091174762850222
-0.5104167090778615,1.3525127644611763
-0.8639355415767276,0.461184157822412
-0.5458130645039214,-0.1531221333547347
0.5983020981880767,1.5637555674492944
-1.069042323738102,0.7434799840787059
-0.3188811717870943,1.2779688458857867
0.7311117698043361,0.10561984257334034
0.5050612781565524,-6.626584473920505e-05
1.1965849677356166,1.4053535745518662
-0.8485090662885241,0.41781352216609896
0.5136230986946724,0.5851865137241661
0.9897156977559374,1.2617778873285013
-0.030147564022395157,1.4568227190880711
-0.038465453761374224,1.2631787433424295
-0.9941889546893238,1.2696683771391988
-1.0045608912029396,1.7084709490455752
0.834746027925295,0.9512722713462254
0.04871913260299543,-0.08458901829693669
0.4387346690995604,0.6996050480808562
-0.34257385459834055,1.4710319806035566
-1.0036824183007305,1.0286385754252099
0.5722646744111524,1.0662716258199079
0.5503405583214405,0.04627278717030775
0.9991986489791609,0.8612201339738597
1.39885469231801,0.2102693003934346
-0.3350134383347143,1.5533512396392144
-0.05823539310633197,1.5813402482282521
-0.27277797495056677,0.8168628693706061
-0.6169827557861255,0.37074268456330256
0.025631724326550254,-0.053959778462913166
1.3230458845285642,0.6309778459913731
-0.9361049056396051,1.8049119528467894
0.3781370879224968,0.42746000918907684
-0.11934084731139127,0.8973509809306437
0.6462362172083429,1.4559469153880449
-1.1150226468607876,0.011833619023213643
1.434057787233049,1.170017552410623
0.39799835210474344,0.10054551327873762
-1.051669670006536,0.4503523558551757
0.9888989658754248,-0.09798347354281509
-1.3589925056087584,0.031094378779453286
0.49994497342745214,0.13475122788178434
-0.4248409032609233,0.30738903316639204
-0.06732923975940186,-0.03872561475227823
-1.1156895291505857,0.47875111901182305
1.1885272515708891,0.9546224844702234
-0.036906126525289684,1.7184381918893823
-0.675448085570127,1.6229339172770254
-1.084913328012398,0.4975621018070137
-0.12119851690162675,0.11074325086826736
0.5697410452372766,0.39731956742391544
0.606144459386166,0.7454597429363858
-0.7663658657864316,0.5288934973093662
-0.5576893980694801,0.6178877691359388
-1.400321589114636,1.3685372176149964
0.014216714087600835,0.983202946290592
0.6240340541026015,-0.15631871756054144
0.8962890732952302,0.3785442406453576
0.8096599748488744,-0.1197802818651016
-0.11366159334142445,0.28698786190643366
1.3979048120502564,0.029517390906190988
-0.6387646753414877,1.707563616903453
1.3293192274054988,1.7533620502676244
-0.9751243893540731,1.0991931147376732
-0.43386907821468434,0.10221817725346843
-0.7413665536094247,1.9722040591741468
-0.4352695517265235,-0.07755494921624576
-1.2073253487049571,0.9038749522063616
0.6660107652819187,-0.08144580587596835
1.4859384373737186,0.09208802456509985
-0.7076869534775116,1.803250650005827
-1.3353248623089768,1.5486655907854425
-1.245368359673793,1.600094342240596
-0.3841971916854985,-0.16539102321474292
-0.5244580468465833,0.3777841013417253
-0.47889339930809416,1.441640291713827
-0.4841195302989223,1.7785501094683702
-1.0628601353337646,1.528190351426062
1.2904341750399668,-0.1978522094326172
-0.7976034335985976,1.300537578225785
0.9197870752116564,1.2377404664047986
0.13258443805000542,0.5368520939729751
1.1705529837325543,0.2027248347063545
-1.459757727497564,0.10269922769919493
-0.5696001452035659,0.9333052238766533
-0.870260258923907,1.7379419983283086
-0.47393993625139075,0.877680973336717
-1.228028593173748,1.6034804074428155
1.474384327756141,0.3122656088821865
1.4996679600531229,0.6834264855086281
-0.00679559436451771,0.6046503976822435
0.06655025115934499,0.20032012862560583
-0.4036328885023279,1.9052528475407808
-0.13437022989676128,0.30961891738723074
-0.12020291043843523,1.5850630182824035
-0.8279863401088043,1.894770654088122
-0.2551062875249064,-0.19806902541174115
0.9107745989784704,1.2769061897061689
0.5048278529754882,0.803357808698224
0.820145461117018,0.6520655252383343
0.9213656895608162,1.7696754220770046
0.23944148298988388,-0.03431938529589998
1.1986562897844455,1.1820024808837815
0.803901935899693,0.5813756606662641
-1.3112151401512804,0.9402543520090125
0.9110573873355245,1.4089297652735442
-1.24623703270614,1.0179093757928306
1.1903672354506165,0.5280480516863306
-0.4491417975778216,1.54940781304055
0.7604309099409723,0.7801547996450768
0.755939894126322,1.9133122174127208
0.7005282409933273,1.4203272099466562
-0.7437554457002689,0.89136162463025
-1.3335565672714331,1.5105617024014286
-0.45967500266525674,0.8373150810533769
-0.9656482923073151,0.5918705517519347
0.9473973185325861,1.5309855927305884
0.1383816715060402,1.009386660372761
0.5003784524386283,0.8164641167625522
0.6312586231579127,1.0562095402216456
1.0711258588581654,-0.04237176920743985
-0.8080276190369946,-0.16033428328981222
1.3458237536085855,0.4457880538892825
-1.1574681850924526,0.435356133730932
-1.2778857339354803,0.4353897884646359
0.7301802074167281,0.9766925343340285
-1.0103820140778241,0.2218496310609115
0.026933802531063478,0.6854221955894109
0.6733775581301416,1.2464741963068284
-1.2055982376731547,1.6766897238475997
0.49720568313664026,0.30696562585489034
-1.3248050016204864,0.15768161817309545
1.4462503283994161,1.0825784506730145
1.36477935726804,1.5791135698128147
-0.6494004582220351,1.1547207541318762
-1.0746354930534743,1.7841442433893047
-1.2175525210369615,1.6489579938478316
-0.4133435774580174,-0.19056828368520223
0.5842151439757846,0.7651897552881297
-0.3354937215514524,1.4625224625725395
-0.4644467837889201,0.6531398570975369
0.22833383642069327,1.590057125632961
1.440742995418459,0.9482308886066033
-0.39281144952663616,0.27615719741598194
-1.4232230039559655,0.9903142007575352
-0.34172895568985107,1.3762453774890506
-0.055888002248278834,1.077602131563145
1.000297768744113,0.4743556423804352
0.7847814734858289,1.7192813388733221
-0.6693163260086129,1.4267183354858834
0.7716779193199557,0.18442981240609185
0.7315683428504567,1.993673430882281
-0.5567219573409807,0.12446982076619223
-0.8408377897418883,1.3014827174605645
-0.22335016384263873,0.27263808199815526
1.2060534933427873,1.2672981157520198
1.4630289425767304,1.1196720548845998
0.7712249375668687,1.13110368041608
0.23026124754506805,0.561248289013575
1.0274279729659672,0.6036160032594782
1.2340577443981302,0.04572888903965802
1.1846311978114694,1.2127621849188788
-1.1035462889137682,-0.1908192760764696
1.0612318090515873,1.3868867487733822
0.28183688176159283,1.157116895305218
-0.3714185942916006,1.6266299334129555
-1.498968365210564,0.9011695840556171
-1.4592149003830661,0.8814791790374632
-0.650195724381203,1.8591296499160463
0.12391247789574678,0.24611517046845272
0.758381243895156,1.1931823367375516
-0.47704033259130907,-0.05526784803232984
-0.257822235198335,1.3614925939493652
-1.1415275180328466,1.477807053245526
-0.24975050992980607,0.11876303807283073
0.6000411766577955,0.6442973631271933
-0.4910884142354843,1.285455061500838
0.4603697710121344,1.7216497152731034
0.9489495441862408,0.5037005171148432
1.4483509347915984,0.7133186463025198
0.3523531792671897,1.0054129960666611
0.8694812155860481,0.06710724931289591
0.8481795891262838,1.2945387215086577
0.057749946854317,0.22790273827631086
1.0770122505527997,0.7108332523440621
0.25986740423586463,1.3348129368989743
-0.7632779260081579,0.36124740341404077
0.6377967551595365,0.2769099632073053
1.2175788802664749,1.4555910454258487
0.29353173620389184,0.32312132051819525
-0.3729314394599439,1.9585910876359318
-0.736904612636669,0.010976908188657597
0.5490922632538351,-0.048034500035862265
-0.1399054213309645,1.8197463216280718
-1.3765535489402636,1.3822708440611393
-0.7842448169860516,0.030485040035089145
0.6843923913576804,1.9944902690890787
0.9687510064094513,0.6478883984690906
-0.8497822911607745,0.42502956815837317
-0.2668239185488297,0.850408693019256
1.3076681253271758,1.6387522016743001
1.2368266487045596,0.2999548116954378
-1.3945523047172588,0.46325213341601695
-0.028983841702398427,0.9433001347075358
-1.2336978633420808,0.4313569439066584
0.31149100092000315,0.40312635404819114
1.004779169670278,0.7770074054026899
-0.6778276086240705,0.45164726911262404
-0.03271608585441177,-0.1791920433117331
-0.7152121194656567,0.12666773626938643
1.0390612420645282,1.5742653470525096
-0.5368556266274891,0.5757369990297907
-1.0410601222674591,0.23271641896786333
-0.821647582968595,-0.12024125936643104
-0.6188647833296532,1.2030926528751738
0.4843117403984438,-0.006823128981946369
1.3805484912601655,0.6488038397169529
0.4150105449750465,1.0619611517161822
-0.5067512080034859,0.957544500976526
-0.2499386511685433,0.2859887819362433
-0.9978188075168881,0.7059455936524415
-0.4511694468576546,1.0816538323274099
-0.7924791060098542,0.6077767553836404
1.3621053724873118,1.429057656738761
-1.4518376608374155,1.3764026317215483
-0.5728000928670862,0.5334246258655209
-0.6354420620003012,1.4377446482460123
-0.8904504848147983,0.03599573219393862
-0.456701072629385,1.9079400393046646
-0.8579107706098651,1.1159458520703762
-0.5723613280864306,1.1084104471577436
0.8076484539851609,0.9966424021285072
0.18355541046004875,0.9169448559935902
-0.09413597587973044,1.7242140012109006
-0.5124495692822214,0.016222010257312625
-0.8071842993524581,0.4577084366307396
-0.11690275785015447,1.4545380659005223
1.4446461464485627,1.2405186492316482
-0.23014656034328818,1.8886633581519867
-0.09174589179146952,-0.19330218497534754
-1.2020841423119721,1.690075113018101
-0.9878306289480748,1.7442480071444766
1.2732553638190423,0.6657127460420311
0.34148347792429945,0.8229767704330049
1.0648046940422238,0.8040535046933073
-0.4341231667267256,1.4423675619108745
-0.3989504356295772,1.5879050548720397
0.7079777554176103,0.23672496496327777
-0.04833966280109725,1.1325322810593765
-1.04721631631063,-0.199086497421901
0.03314565799756064,1.8313612164462996
0.267198941846182,0.44256753809624944
0.2745734303789473,1.5182331574302137
0.22190362657255047,0.9758397597793276
0.2696196624841365,0.43930886900803506
-0.6042843225074521,1.512034356798267
1.0137634777132591,0.9567036960976134
-0.39170704655680555,1.4096204985551812
-0.047951239088993125,0.8040887166799375
-0.3382101874842387,1.1789405650196243
-1.2476248937293157,0.9140753134882365
-0.07206688900034575,1.301928284852936
-0.8147694445114859,0.8526988346420259
0.5746521773504951,1.1449867201920252
1.3669041766006353,1.128956256300515
0.321337891379859,0.23455844393685216
-1.1368296883277977,0.12178123422510728
-1.4792447664742492,1.2111334467343224
-0.22421970001740732,1.6096448981902258
0.06178833360310132,0.9679620244060032
1.3163838244633332,1.9432346285930036
0.9194541382853578,1.0060714288001105
0.944460552206773,-0.04618602624652221
1.0510128598915722,0.25548270611772705
-1.038337179523966,1.115226227622199
1.4354159920767389,0.32590576426744705
-1.3871864167811403,1.62822846461325
0.09263004194781121,1.596797936864546
-1.1985312272249877,0.6725141166531363
1.0520915477175659,0.4036425457734722
-0.8501084845206281,1.8894800727034398
1.2524952172683101,0.7048626350210971
1.3882399864790305,1.1454333463526756
0.484644345031485,0.44008560639983124
-1.1389410709731278,0.21984515124101772
-1.1408656879859604,1.6978736229877434
0.9871539094131458,-0.1183808016791633
-0.11755794428439525,0.9045527011444392
-0.3528813890694986,1.1219805418227737
0.31332468211837616,1.934412930485849
-0.33067965749096806,-0.1760977098494186
-0.36839581801436116,1.992425263230859
0.6089309598035122,0.18311465918716924
-0.22122142789741694,0.09104790871460877
0.3024417241162638,0.6683365487439976
1.4952304549092768,1.9593457910852077
0.37137725303695723,1.5983408055628814
-1.2680312825046418,1.5163074924438458
-0.5563733012400468,1.4277690688542257
-1.3437178489115469,1.8057999964970362
0.749968330446324,1.2145467942978447
-1.461449650978147,0.13898388399180522
1.4082630481318352,0.6151423768347686
0.380747357036622,1.1437490950134297
1.28417163805163,1.8249136781120032
0.471191034182908,0.6371669195167691
-1.350776773771257,0.07206361410432444
0.596317078551273,0.6147363965197381
-0.7794400872411008,0.9352307730458009
0.10992706696767618,1.0101954692288724
0.9585889417064419,-0.16467484476097413
0.12173877557539114,0.32756856475555657
0.4611841056644954,0.3762695414028679
0.587445339845682,1.414460348646226
-0.8722324411836999,1.8543183216908312
-1.1136460171275355,1.6384449667503982
-0.011236792373708226,0.4136386712488494
-0.25243262550301093,1.1764095049758758
0.881150244442777,0.972601466366988
-0.6021967575945453,-0.10493842998202024
1.1820581847384442,1.3243650385281298
0.058099752320743825,0.6073518105488365
-0.6082993152817269,1.690557834190032
-0.1228484553157767,1.5404720159719625
0.6581000073912566,1.0730557944949783
-1.1855596901844676,0.5623061141279628
0.67956709279777,0.12313224438554904
1.1120662045103509,1.9777339748674916
-0.6013268284095068,1.820427926653896
0.7626296876555783,0.3540324409616112
0.350874981226565,0.2606197614187704
-0.7270141983015423,-0.059744731130980666
0.12848585329434714,1.69902034485719
-0.8435546498819366,-0.09574806320684864
-0.0903787350245917,0.5678014102229301
-0.9675570625902132,0.669417748718687
-1.4377915215905757,0.914653511602433
-0.7416275506302805,1.8609591766657634
1.3691762515270858,0.9003249981726702
0.10073073211646055,0.54694893853045
0.7650427474100785,0.6590681367361026
0.03679889403877956,0.7965677536923972
0.25341399218892535,0.7835673750278749
-1.2452360594702812,1.9634039944708375
-0.31034866943962314,0.3524917430767959
-0.3959466769947457,-0.005146265999870947
-0.1533627662003112,1.7111447402577737
1.3337039557366057,1.6482923650181807
-1.1837033523122034,0.2810269135219681
-1.1352685342336453,0.5046288793673901
1.060353895156526,1.5510875955019239
-1.1942320100270325,1.6317838366423305
-0.22107361238365075,0.1674064106763848
0.8166816446021401,1.4609831675252574
1.4545784645072346,0.18772606347863507
0.2053229414785651,1.0900400823671175
0.7516251165811649,1.6683830702882663
1.4215983219465467,1.286356518458834
0.27917342005239965,1.0657639728901058
1.3387311381416898,0.7973561407084329
-1.119363936454135,1.2307481202601074
-0.29530038708268314,0.017655895535188842
-0.3003437092796897,0.32954129456918063
0.545768387012564,0.7223682046846336
1.4375095944447405,1.5445146835523402
-0.4064163624818322,1.3950758102840917
-0.12591062775360018,1.601164420177001
0.2884631114321068,1.3042127053473416
-0.49903245238648797,1.635539618422814
-0.8608424470910888,0.41890913400198576
1.015198421963015,0.4841525435897263
0.6026110687124513,1.007152013208625
0.12794788613611008,1.6954398425864006
0.341278706365316,0.5461405990976449
1.0812396508829658,1.5470282861095508
-0.25855324939192226,0.671454835512048
0.7970402954667133,1.0810008908242124
-0.42977881475416746,0.033935649769042925
-0.7938608116120338,1.296055817987996
0.7694400109341242,1.4037421376577504
0.7811079613386052,1.464113881888372
1.1154803748309385,0.4693432492041408
-0.9197459247894404,1.787301155785586
-0.8773169499287846,-0.060031916203247215
1.1015381271684,0.69638928965301
-1.3923354725191166,1.1205661052131701
-0.6838561097309301,0.08070241796125849
1.2712612161714807,-0.050103367519451214
-1.1323842264704234,0.799228042144664
1.0073713980942278,0.76462270162589
0.3342471942831253,1.7503286536683034
0.5288071161390877,-0.19113815625875313
-0.2929732171777055,1.748983647103073
-0.3159283931736869,0.8369594662367073
1.221422238705339,0.6244923129143909
-0.8568140859742475,0.5306085370021487
0.8635639145837395,1.9741076557663224
0.12098994726425882,1.4288401866330613
0.8334426083576982,1.139057024266287
0.6594106896294081,1.3676940048804265
-1.1366509364095907,1.994080165606286
-0.13674680265784334,0.9306220549489361
1.1428916069953785,1.5354230645165214
-0.7021738039698033,1.047526614591085
0.6834020664911837,1.6549760999620085
1.1950760567933436,1.6335013705717856
0.5147132975162712,1.548526410148732
-1.4094929999249008,0.7629929514310376
-0.4595579562029106,0.2151148221027231
0.3358134861956774,0.23305519688076914
-1.127600639335654,1.2441523675983523
-0.58828784024108,1.1760237635741464
0.4448100699234794,1.0919321304371192
-0.7765288255377716,1.7361157740600914
1.0172792169019487,0.35216738672107023
0.4992193875190223,1.7958249758806326
-0.41627704367780405,-0.023726006506383956
-0.5385035590585322,-0.14130900459254536
0.5980868783907454,1.933228500161645
1.330397521411573,1.6174972201632076
-1.2198679192551751,1.9839343937539857
0.7925995286847547,0.9729639873573712
-1.3477084988397583,1.0834913070941752
-0.8853134342137561,1.5205033856867707
0.8305266560057207,1.3968261594973825
-1.1959916203800423,-0.14324179068861928
1.2322104426979776,0.052709074653266075
1.4400681393115953,1.9464985596150506
-1.0697148616955932,1.6962623910265888
0.6211043127344018,0.8674012915088409
-0.4643007522003999,1.5519178647500989
-0.6184468230783714,0.5912651195497429
-0.20734996645478665,-0.046503791315524345
1.200970851491264,1.3867699318406
-1.256610813972598,1.3118971799085004
0.7146977489327626,1.6665518215467898
-0.7786832424612978,1.8830659471646831
0.8303406549939387,1.2663345832548771
0.009310720748253676,1.6344773735055682
0.5508200283732347,0.557020441201701
-1.4713458587737758,1.5312406418177753
-0.05719313710147511,1.7069078017404802
1.3514858731668733,0.47794026183154154
-0.31493616149921877,0.35916847037420824
1.318564668383642,1.4729559436299682
-0.5903086624055454,0.9111571370045572
0.9610589857851473,0.28990002516399443
1.0466260258415763,0.1962002329905197
0.7556619679781114,0.6137336870345549
-1.2388740702634127,1.3544229335536995
-0.7242800818537696,1.4302305552616825
-0.3475575443074024,1.6920169159158005
-0.9064904894886833,0.3772765267287637
-0.8954740427073047,1.4834713580661505
0.3751094186331656,0.6935223498177392
-0.4549358778219954,1.5526339215339315
0.22416923380774745,-0.08747289115251891
-0.5871528074096107,0.11348720093522197
-1.1019378558828858,1.348084682956056
-1.105610320236432,1.9437036684773215
1.38112827383034,1.3603896883172397
-1.233066904361858,-0.12950006320011537
-0.3034851260088882,-0.1858170680570174
-1.498185556995365,1.9575410168361163
0.7047487812030582,1.8038028348481243
0.22669018416697506,1.3268924476286446
0.2899945582743153,0.7214074417138419
-1.2657515493417275,1.4554523322228554
-0.565211608221261,1.9864460332718659
1.343793438522363,0.17399926029702917
0.6757467642708015,1.5698170876015325
-0.9512377142345456,-0.1190485559641197
-0.2295145697066454,1.0173435539982805
0.8308225083436263,-0.05432283980505956
-0.7252776800667471,0.001531138417709882
-0.43059431539267035,1.3194524572905912
0.6651066976000495,-0.0493236553335418
1.270261228544041,0.1788374548827747
0.4567540460251789,1.9986462514857795
-1.2016796585111185,0.8573644026066645
0.49109008730929493,0.6436639700001499
-1.0168027831143487,1.224663724227512
-0.11591496596694206,0.4980705889740403
-0.789030361838232,1.2494868779360935
0.45076287258851777,0.6742183247485978
-0.6258835519673063,0.6450827545244153
-0.29718535315279526,0.8985011769556588
-1.1401215219667433,0.6547865235740644
1.1889319235577949,0.8239127077362225
-1.43397600701775,1.7269208254950439
0.27240437364464043,1.1361003942185963
1.1562615576581874,0.5370731327077891
-0.6245949803920117,0.40248285608982975
0.38527753820857136,1.0813462615166425
0.8931803733280659,1.684574677740883
-1.1844572267673363,1.0710832086766655
0.6676823238012526,0.14897544004092445
0.9903851256072844,1.2656766594348485
-1.4855365557473672,0.1358088725465344
-0.5352419845459462,0.45876019984296884
-0.8282661177850912,-0.12732149835994575
-1.4948686879285733,0.7154202083360099
-0.1375077606699069,0.6820408762672434
-1.4950619875897802,0.3487999062038442
-0.10807196012360776,1.646405898788881
0.2609445083139721,1.3422810736285704
0.14125738407100696,0.6002650949766404
0.8137430000282184,0.7544835884150185
-1.2644564788540422,0.9487425027408454
-0.5391248496278893,0.5825417161009421
1.1274465049226823,0.8268147904332108
0.7788731029137574,0.268791798046054
-0.1928297744382308,1.3641542952328234
1.4989533071611278,1.337980843786349
1.2597738645107004,0.5263858945462874
-0.5997759625255474,1.5219159710831451
-0.1622161819370891,-0.1237250858187718
-1.2907554840039606,0.4348469064173793
-0.9968324103776467,1.8749901735955719
-0.037482250350013846,-0.017250694794475746
-0.6867311554863873,0.7301071328487809
0.8849778177212801,0.2607968774791817
-1.332675075366217,0.8692250698702224
1.1152448614139336,1.3623886589412797
1.2526646189010284,1.1690168812601294
1.2425463811872226,0.09385385557657067
-0.6681324904394306,0.43377849754187964
-1.4144814140618986,0.3929733034203667
-0.8771763307990371,1.8109634936728776
-1.1786571040007403,1.0303802999824923
-1.0479432584943367,0.6862029644379992
0.6194821049604413,-0.15190906762456569
1.0311542055994463,1.060244219316402
-0.9568554197086199,0.48544220053726933
0.0899774832508835,0.6533819861630723
1.3721475678819823,0.20606383213550528
-0.9252707747287484,1.5107402528905294
-1.2569291065178172,0.9023193874441235
-1.4255866269101856,0.9688483876562273
-1.1504681011143665,1.0212067059861487
-1.0333173392087804,0.7343281189267572
0.3129003093024729,-0.043121165690550134
-0.9187754396865739,1.9013920741937207
0.3515169666824409,0.5681411004594674
1.3184031659452522,0.1352753109408043
-1.152796876802435,-0.046354954138900534
-0.3203712932109657,0.02935509211117679
1.1560965873114606,1.3438474662197584
0.24774159150273123,1.9514623811225988
-0.4610310098648369,1.2601062384230577
0.3959044850347093,1.5171290837845395
1.4590483404754102,1.4391029959377313
-0.319716722459116,1.5178528635806516
1.0790791260695776,0.8338231284233903
1.4268231491888255,0.570428279008742
0.6131636250730628,-0.15109443454448565
-1.0717813421797544,1.9196158462602264
1.223538225405318,0.92998526551504
-0.22185134293856423,1.7421291585685803
1.45137316919126,0.19546345107825858
0.9885231345726453,1.1183372885815643
-0.4582074660207054,1.4225200846427055
0.9334834103531464,1.2461679877741945
0.5909650502008112,1.187377771791986
-1.427010090887143,0.9271052663215711
-0.5547975573940284,1.3962240682918057
-1.407050502513458,0.3161278089272587
1.4348741767957773,1.4100372170731916
0.35798842278163057,0.07364529797579678
1.0720904030382505,0.6573305121553121
-0.35206698247727597,0.3165611136085788
1.4974710345129534,0.017362198191517936
0.7856621323728574,0.20163366004448113
0.5892294105089855,-0.06511287300596466
0.42020292252663904,1.310370705671571
0.09843415194853256,1.1809912869574464
0.3739114571409201,0.829566433364797
-0.2418219008077711,1.8980047831204405
1.2490499173002938,1.133147631934859
-0.2391878309384876,0.9496337408210158
-0.05234865625563678,0.6759541430268006
1.3213838124983739,1.7467545387815118
0.10324032287452334,0.693945986102009
1.2311561693446191,1.1148467476313668
1.1281749852263911,1.1075478634067326
-1.2718826608853548,0.27747805112986457
-1.295009370917203,1.5252172621098519
-1.0356914766601717,1.2772961834797822
-0.07933639245362412,1.4136055253828774
-1.032820298079054,1.7210032342717465
-0.38628944833713774,1.1538125272764554
1.408985425057557,-0.03713824310972169
-0.714021464414572,1.8437245877644355
1.0174826030309578,0.13600253515139266
-0.4674597673245211,1.6858515691413885
0.41610067141416174,1.0291798397690197
1.3028100862495613,0.13249394933610398
-1.4016249444095095,0.5585883185505447
0.472945202138622,1.3148811833834098
0.8054017750321316,0.29614383659621263
-1.3229610680302282,1.9310256630548743
-0.7852440934500932,0.39361483835575833
1.4790521431132442,-0.09566826629872707
1.1452846715849296,0.255918776332446
1.182642792027519,0.6062666126605096
-0.8665164410055346,0.013387543845547467
0.06347733681429357,0.5326500979415381
-1.3242591085330278,1.0387007848267527
1.3037890242799737,-0.14167748299796099
-0.26484600140847014,1.7347846299778071
-1.1396117360987916,0.894257138443729
-0.7889535628489192,1.5660026424631643
0.18146400978098276,1.5065442483572742
-1.1769067591332618,0.09994172761022957
0.5222484735009778,0.3639217633171718
0.7775788781238093,1.5146621578057748
1.3456601124778307,0.4243613179176115
1.142317045128069,1.5237852438046338
1.3696444202776878,0.14851473368587698
0.04431342311768849,1.9123179122362435
-0.24478518705453145,1.8496668311221665
0.865668178325607,0.8756044610708094
-1.0509997496571704,0.6616562517717808
-0.9621912356426633,1.6801619030974286
0.004820883908868812,1.8454211582462536
-0.7276870890393778,1.2043941992036633
-0.38820374512487144,0.976081733728259
1.4264557684936228,1.5978145059593813
-1.152196214194816,0.5644700032304777
-0.707725690185761,-0.0075841679314436194
0.7631252932011097,1.2493279106799604
-1.3182438383626676,0.646283634744508
-0.17386105492901294,1.92261321896798
-1.1567558329929757,-0.019545311926942532
-0.6478884639779113,0.6707803225929458
-1.0207559210408204,0.08212066149501218
-0.6115234861650996,1.8848679754758064
-0.5469995135338384,1.1688073701980235
-0.5501389792952021,0.7871278190214468
-1.4531024055731294,1.066789818757576
0.7426507714959043,0.09126455582799486
0.4684714747615091,0.00034449014736587236
-0.23339566179578974,1.5781079216556442
-1.2674164079414487,0.4922265180778284
1.3776871757236675,0.6851210343851211
1.2251800923357763,1.8903910265646153
-1.3389038902666286,0.07906784237069575
-0.248062739956451,0.6079258980023672
-0.5908500622583421,1.6097362875135257
0.3257483344466934,1.9553235870522057
0.042024808279077064,-0.10735861198608214
0.579095108254136,0.704365884584339
0.3159090707925889,0.9286516238026035
-0.34010216837507534,1.4895509595087166
0.5173460732485102,1.8106190332269148
-0.7994580780674196,-0.10794351462547629
0.5779431618468842,1.6086865095577723
0.5701415253467061,1.5440681101716258
-0.6303256257034273,1.766112269071343
-0.6173280826404601,1.1285745739057826
1.3775843084922608,0.8089409784128212
-0.5912111991340363,1.457919073201179
0.9788063869876935,0.9713320699386692
-0.9595252802399932,0.15893686447897126
-0.9043376397183138,1.3150955304312832
0.21638358256863044,0.45953733860728524
-0.949952175331664,1.3208226097179592
-0.5280139598428731,0.08046848634542159
1.4058391995191069,1.5245412475137485
-0.05648351076270375,1.7740296191465919
1.391779336469503,0.5864020011832036
-1.3319830905115935,-0.17374615140809455
0.5704405832338537,1.351515541195042
0.983987872385037,0.7358908547427718
0.5277130711168745,1.322559249228918
0.21251151135517699,1.2081755786462893
-1.00216424153838,1.6608104263673928
-0.02128194651744164,1.6184453722768817
0.14559194842108747,1.5129823860348437
-0.4242663446403494,1.7684216129310717
1.1509033736132435,0.03259190325660388
-0.8021999841772364,0.6969311488787262
-1.1697606915131034,0.46986808274497754
0.9968536697842736,1.0882200652946632
-0.8354635609669838,1.6718812808808052
-0.4211005441193503,1.7367971701886435
0.5927041010054066,0.060736468259337595
0.5968033357469644,0.827322803036622
-0.06627424807837423,1.7196103274556744
-0.9525564824241898,1.6863936911902575
0.034297590168619774,1.0169592352303638
-1.3400531354208827,0.9562027083242668
-0.5506403294339803,1.568391083486882
0.3982611246580601,0.2535488297687928
-0.4998311149186001,1.0070602517866516
-1.360619114490169,-0.0297597369102294
-0.022676346960514016,0.7415683547444791
-0.364567106936581,1.1504565597631404
0.7337193049305828,1.8425592729717721
1.4304928460601238,0.8726537161096668
0.9800737836955511,1.2954523205965578
1.178372130473973,1.389826648150065
1.062082134647361,0.9935835274458764
-1.4050344802923636,1.4475919111194626
-0.6228305241699247,1.6676063996684796
-0.6050400386617923,1.67804765751232
-1.0242458601515703,-0.08519429069287109
0.9378234582717768,1.022268584973859
1.0452377652876037,1.6170892750516155
0.10366147960898164,0.7166037075211316
-0.774064511724868,1.7103857584517073
0.7527184546683587,1.1643875834756248
-1.4150764750676639,0.398401273866746
0.6770844278435773,1.63138309659303
-0.48305154578990805,0.4798832228636895
-0.26339686279296437,0.023982686203008002
0.5301225454615182,1.4048530630410716
-1.1233626958796668,1.7445283371763933
-1.3520698274122733,0.5668779461215236
0.14785381232627692,0.541837324221023
0.43644541564197414,0.19749825217369205
0.24687675294374234,1.2214490969572493
-1.0952339993426088,1.8468240140705838
1.4523650226890066,0.3765271237997048
0.47166734390719545,0.9804489383165964
-0.49696939626794645,0.9474360456807702
1.326543697254893,1.78031116076552
0.4104747507600066,-0.0655256835674107
-1.0885068868254957,1.202825883410951
0.6840708664204245,-0.09309198947079497
-0.08822156649999036,1.4987572309972064
-0.37626704148030865,1.813357577875699
0.02787187407604197,0.2733097582332515
-1.3175015221517983,0.7717857950882634
-1.2622951568814227,-0.026727203906901337
-0.10138047846744547,1.918000206956474
-0.30765830437374797,0.7457344929101664
1.3276053075039793,1.1106298214844812
1.0167950010003186,0.09352815255163222
0.9681254851143066,0.6272112075499012
-1.3168890556506376,1.0170474896721344
-1.4510734267197,1.530739424841457
-1.2985912852398738,1.1927807367298366
-0.32768855779633754,1.6191145499560586
-0.5740449388918911,0.9893176094408416
0.5240292610775925,1.311173593389469
0.505904832430284,0.7623043567326875
-0.2873993365979495,1.3229613174838082
-0.6645780423330883,0.1639123172087193
-1.2648339475552621,1.422285667424168
-1.3604144512364154,0.7181691343736192
-0.5883289951611974,1.6616359968941439
-1.0441633596592446,0.8807689528883633
-1.1018527993483085,1.3413986927944677
-0.24342956890394873,-0.05110972155322227
0.19335587333735615,1.3291841412586674
-0.0842001037987421,1.6049667396040577
-1.378743021410438,0.26146110356010677
-0.6219835945599081,1.5375959930209684
-1.127007299124438,1.6014245239839071
-0.6556584253714219,1.1044072847047253
-0.4110683350522415,0.8695516277544224
-0.8318388697714995,1.351190748601567
0.14525756715209526,1.1445624290514393
0.9365623488902908,-0.12785741288681773
-0.292752908615626,0.9372287045799625
0.904413587596383,1.785034400318368
1.483725829672189,-0.1146868572798526
0.9948800833044924,1.3828525761214416
-0.2259648295565304,1.7890129010108504
0.24462094209350704,1.4133284244993838
-0.7909960471406844,0.9348549081856456
-1.3547898224846522,-0.19636400247267896
0.6027419590475636,0.428837877819717
-1.2228252485822064,0.40658178053858524
0.6274246834374932,0.30673622435494835
0.40464593176931274,1.504903752179289
-0.7400641747423123,0.47469260513752115
-1.268700037471961,1.7102033480833345
-0.03764626273475291,1.2311393188304738
-1.441392987270172,0.6459178060368296
1.0147633306705117,0.12903402065094943
1.0955305745350215,1.4697520262534018
0.17437916703089762,1.9364023209929304
1.3160271859245496,1.3842451030429015
-0.27647307624542994,0.894489750726005
-0.4370112765144989,1.9785485298790941
1.1907436434817504,0.6673098645480409
1.4030986660236069,1.1419547374008217
-0.5148773891101697,1.0626455088963844
0.053247205746699056,0.89015556155064
1.4554461398403644,0.44848797538564683
0.9089689018059874,0.8000754231382929
-1.4032202340241038,-0.1000213199478
0.777618408779043,1.8551872615610454
0.2824001745181661,1.9007464398994716
-0.16581412593657663,0.5024575050070283
-1.412596775984979,0.2795640921155228
0.6524459026660856,1.5748370403206708
0.2893873765362276,-0.1347636871331212
0.656007333335233,0.12495023724910381
-0.7599871968300245,0.6176207495665582
-0.5906563066666621,0.1861738802213026
-1.2861968330840945,1.4298584639296597
1.3436751026621296,1.1293399489914047
1.216370583273494,-0.13636674541555616
-0.5705543708529404,0.41353608436523764
-0.5775244607716382,1.3806140774641262
1.2670397548775396,1.6173371035713706
-0.3283885683512995,0.16618875671846184
1.3659190121896003,0.09052993395286968
0.15507525174811532,0.1380735742953489
0.08681823184129112,0.08132367447830646
1.297419303464458,0.38710529405351507
1.132276157466027,-0.10824682931154467
-0.25060511299015453,1.9205369926312528
0.33767380891434984,1.3302425952675447
1.2846029925257634,1.5378979489831262
1.1052962149941559,1.067878966625338
0.22751128152679057,0.09078513673551764
-0.2950822230286001,1.4499115872060657
-1.1215267049608317,0.8742645485920986
1.0301164226959214,1.343416834267775
0.6812520398862905,1.0200807202762892
-1.2802810453272258,1.3072747765442068
-0.37789093796208517,1.5768675575204614
-0.6216178854517694,0.7243365419503274
0.32024871910407215,1.554550456646249
0.9853079131313125,0.3874283231019278
0.29946510513639124,-0.0698404931124384
1.1608103335729427,0.5649955969635199
-0.9764870641107518,0.48102708252422305
0.7033055154023069,0.9133336139562382
1.042878651546339,1.161599361502312
-1.3007757678047158,0.1950854407461748
-0.5301612289792861,1.1737339155208264
1.4458106970342168,0.1016408763968919
0.649405859832175,1.245213435421548
-0.2747051327570953,1.0783769996117658
-0.49833794831069866,0.16306540080755816
0.748452461546183,-0.07433475238874349
0.6445328714879617,0.46165508924625825
-1.0473826587107764,0.15288355396911657
0.3855833498667267,0.8028088259976238
0.008769386721700467,1.7028715165730213
0.40381809034741245,0.0464915592692558
0.8494439863244683,1.667299783702667
-1.1553845207759526,-0.14120211445931605
-1.4470004302264918,1.7692796836360678
0.9792141879723553,0.9370833523639088
0.0029708023071362,0.6813933597741075
1.4672971430904918,0.04050685922532013
0.10034230406488831,0.19325225891511805
-0.5968708326481733,1.2413263901203346
0.1604028668184614,0.8409780680398706
1.0594754107618125,-0.19161688004202143
0.6098593888620636,1.264908551788729
-0.35585769012838475,1.902226029865118
0.6587599504742627,0.7392326249649417
0.9242689597822249,0.8259336423394044
-1.2315803130974607,0.8266361182006914
0.7523400036114847,1.0630793507905156
-1.2698844827967806,1.5216712160367738
-1.2092859459623138,1.4114284397637777
-0.9889673541501156,0.9823456502107613
-0.7299597805848196,0.5399821519337649
-0.2013203482441992,0.001146648169273845
-1.3843249848359174,0.4309838382028193
-0.07268219756657168,1.6631968077086488
1.1114576880465954,1.289046467377477
-1.3995923424539616,1.5397200080455904
0.857671818848484,1.743335758637058
-1.1688699503799778,1.9134139808293444
0.10260617438314945,0.08857048839953857
0.15448951671668487,0.24414857902483278
0.840564203397177,1.272798077624015
1.3251766048291018,0.09561478223512804
1.0283562471687469,1.175079031311408
1.2674096459373452,1.5495334625231514
1.3179198640320982,1.3496159036699162
-0.1999537474843458,1.5345225013790011
0.4533924845662507,1.5411346748015486
-0.8192317708124568,1.8443412184755268
0.9850391813676294,1.1559218442923016
0.1665907055189657,1.5336725873139136
0.4339853595923573,1.362037720617967
0.17782913913318876,0.5391657389674025
0.4966964513342653,1.8958841571271112
1.2361010452463388,0.7153691760727472
0.7837030530484945,0.9315670909851352
1.1879542649795773,1.0706631528218935
0.652043481964709,-0.15924128316686323
1.025580524506748,1.616488776818721
-1.357288523462728,1.5659190742183602
0.5624924551496733,0.7719659115513609
-1.27592892298031,0.7714925247840758
-0.6464612892255239,-0.12996597115185823
-1.3795308217593736,0.3326972148507403
1.4760195045529407,1.7183781369914843
-1.0860731133081525,0.6140307339112365
0.4410658081964096,0.04288126352125746
-0.3921941726445217,0.17753212499262955
-0.6061031066493885,1.4293826794979394
1.0809351771157134,1.5852624279390433
-0.2850616915965105,0.7390521890974329
0.6186468525689892,1.3311826311022512
0.6657447357570732,0.011344513483500102
0.10667813201580811,0.5272452305589488
0.9663265560286178,0.006551225248151771
-0.3511722823443528,0.3468874162222623
0.3984214216109714,0.5201044551110221
-0.17947014578227827,0.7006144887810206
-1.4440144545983888,0.7771508081114351
-0.8582452028575895,0.8061558026618321
-1.4551283847944676,-0.13591827782452598
0.9382626405370971,-0.09882821280371465
0.21596775324471884,1.0517282895304454
0.8797191389287153,1.9062503349079176
0.3472349597487905,-0.10149931412185792
-1.2080086240246826,0.01383378220574119
-0.6055407070294442,0.48968850188721696
-0.8997991523325826,0.915836573468257
-1.1281407296281734,1.753871256508935
-1.2795300660113238,1.9912582510077617
-0.49427525858012755,0.18378898683991007
0.317820155021316,1.64550610263102
0.9414868981338698,-0.03451152648522257
-1.406933467159676,0.1297207188463334
1.4818038278970929,1.3047674189403362
1.266751374115921,0.538979421562787
0.47154192397229755,1.750601018494517
0.33543769154843917,0.649849213774311
0.08923243416234783,0.8197799094955769
-0.2555797172943548,0.11885586836517809
0.41906909018925886,0.3017877162666402
0.2674092707613338,0.5160525636711122
-0.2945784916424632,1.3063574488158272
-0.5897845967580471,-0.07664444957371866
0.521484915027612,1.2263341369404746
1.145989318865599,0.21046157568320384
-0.3240620300189039,0.9291784221076176
-0.9152859161149636,0.7994939676394293
-0.23768802737741046,0.2233833930631582
-0.167157679836476,-0.0005210354783051208
-0.1863195009747045,0.8006386265697985
-0.0754970762323488,1.1407155296434235
-0.0977614655440282,1.9689447869321774
0.6633770877161509,0.28221036432077795
-0.5482121145035237,0.7509465819542571
-1.166414840974226,0.55544551198346
0.43971866517000313,0.38737194068748054
-0.19648022888166183,-0.022303430221379178
-1.1755503514993526,0.22394076246765637
-0.019969992803079428,1.491269470929502
1.4850210622782223,0.5519110504938194
-0.1842538502222517,-0.059317780161188965
0.4234718094786505,0.6028246630629905
-0.6348126030123913,1.4654841003186296
-0.6644132037428694,1.447806178312619
0.9452562710399279,0.543545826491884
1.0062202670305291,-0.07363873834600632
0.8894885852901795,1.836522984319504
-1.2356356321681883,0.9179151556103398
1.1722303753555146,1.9705464295584718
-1.2180723293758113,1.3800047051839994
0.7123158582157134,0.6069858669185162
-0.6399795751934003,0.5727101152397458
-0.9495457137095575,0.11148218008691757
1.113029546982641,0.8049340477011206
-1.3779073036609966,1.5725895131014158
1.2391912471354423,1.8593327351185158
-0.7544399572634725,1.5872404141258534
1.2451049019175437,0.6519910237676558
1.3511687194618056,1.4005687508692266
0.7538044007596345,1.9346893470970585
-1.3853757106950695,1.2419132086123774
-0.7182967055242306,1.866187951822641
-1.2776678401927224,1.6811203516635476
0.0306876780829326,0.7442780238756896
-1.3146833059964602,0.8759937985658544
0.4222125517309969,-0.12598984229626792
-0.15008106002179744,0.3780313645212953
0.12516289282365656,0.29932299758388436
0.850427304684322,1.8834604997330058
-1.3994357616050046,1.695530056323669
-0.04864427574687524,0.9853843618975848
-0.907129529643357,1.4214655820202553
0.5393060839112431,1.4607751175507389
1.076547734851764,0.18141713073717314
0.4391130536943222,-0.17886397048698238
0.808754109332384,0.04971446887649009
-1.0162511420130032,1.4808355785592668
-1.4385850762714325,0.04120053745390134
0.20473302348128297,0.9787766834603284
-1.0185537895280528,0.5890949946242567
0.7350153106801636,1.1342784477834271
1.1293095952592864,0.1986266758950927
0.7361769027575638,0.7705086272765618
-1.2877654103886462,-0.03204606576372579
1.492057904371035,1.5367366809450722
0.4857023434390906,0.22453932812579414
0.9596029680998059,0.5925889291006845
1.4433710193161082,1.465763436589753
-0.5636030211202748,0.7661419047374576
0.4762176585998932,0.13553761661798297
0.8449457823937339,0.6015754618958138
0.20841990762491824,-0.07119349900800034
-1.2891787236818728,1.9883744145547426
0.9517833407919416,0.5052915963209963
0.0221280097416221,-0.0043176079228427755
0.8898251137452511,1.3832738764703136
-1.1466793158612298,0.6383305568363418
0.1842096736565122,1.0951740516716186
0.6122550996146776,0.594504974276838
-0.3773375592610033,1.2733910377248987
-0.9682466536475263,0.943838997095152
0.7240249240168222,1.3093756821037728
0.15088318390780886,1.068438710070389
0.1166814182994158,1.2754530970511377
-0.7577486637004713,1.8086342552873516
0.10528977782359794,0.11832470219714791
-0.9614009601262774,0.958410000287113
1.4549551924821813,1.1530427834840993
0.3866350511511878,0.884582807163967
0.56587514785857,0.44688621228558106
1.1185816671783808,1.5184876002351677
-1.3823734142066073,1.8327924798625916
0.4753116961686974,0.20673200319465662
1.3207577586720172,-0.06369327584835435
0.9190830060996498,0.021718121657945594
-0.6536407949809335,1.3649965054713162
-0.735866158878281,-0.0003180270200482116
-0.24385191400340345,0.9280402174070648
0.7546843124295419,1.3666851129127888
-0.5414359963873809,1.6613138080261398
1.4134723738714845,0.7773329678265182
0.6760244509864481,0.6755063945725122
-1.0082272988635328,1.7172120612814945
-0.4411358995028647,1.9840268299906587
-0.009896054670579302,0.829762649055577
1.3211304141600264,1.6213410848013674
1.4169931667357076,-0.15125880082023205
0.3127834180979776,0.38075510011768726
-0.7916673415132209,0.49906250193225105
-0.34728230799344595,0.5050752434927757
-1.0068323916650055,1.1127251820008341
1.0276897961757485,0.6717559649475178
-0.2814733734448347,0.922803070948707
-0.1614018780102071,0.5133827605376424
-0.17673575140044928,1.740811755414758
1.0532986481707316,1.6058267962754658
-0.2189793851322146,1.3106032599766124
0.30207113938442154,0.8348822771211337
0.4137073244487368,0.21745698840215538
-1.3296323607655218,1.5649014373518777
1.0659115595386552,0.08274868608708946
-0.054487260856371345,0.23722561698147837
0.10530662456573836,1.3089639137458997
0.3446551331941228,1.7589172214821576
-1.208443533924096,0.6345956747728758
0.776615550223184,1.9420864421623836
0.4454922834146675,0.9269354247220225
-1.08192037185625,1.4485586501532202
-1.1580913524619492,1.599832878611888
-1.0279774041576726,1.6009285344497632
-0.6268050017862776,1.7502994963017842
1.2168656203305108,1.467417976651997
-0.42211761101916023,0.9553024187697383
0.32680169463988795,0.5488479385492495
-1.1797657573658558,0.8935664962462504
-0.18330493551096128,1.2067092795601173
-0.387447508551368,-0.18851197380220036
-0.5651168679096688,1.798921384842577
-0.20443138602117017,1.9992459388665138
-0.3636845266701154,0.9396824676130515
0.29055416624983343,1.561819672553129
-0.7012069535095324,0.911411214156846
-0.3980587306356358,1.7305378296727683
-0.2221053000561346,0.27856812262214736
-0.6979477208718827,0.08363258613863117
1.4329829602894009,0.4708821593682139
0.44278265516878057,1.240081519804051
-0.010434529682332494,0.05467605559392197
-1.108210531627269,0.45226312001714347
-0.5521234794096257,-0.0879579408835437
-0.01960904551254239,0.3790960591340367
-1.4804574181761885,1.088684949944875
0.7926598873287438,0.6379520862534955
-1.4059245850575215,1.752698536272818
0.5678842416033616,-0.08803419602304681
-0.6603314256081245,1.8013761402968484
0.8266368968629099,0.15399157459868906
-0.7729614000903937,0.34172168350689164
0.642844654811658,1.2446210721754607
0.6046844092353592,1.223855084224729
-0.7328801763647346,0.06395633030524955
-0.7057860392591815,1.2965196013233464
-0.1372687605238374,1.2693526474642411
-0.6577962045956522,1.4273842012373168
0.22159643218984382,0.9298067986255723
-1.0632348983839046,-0.09636475151652715
-1.2288328613559516,0.49405415703653305
-0.21548954354273997,1.8524183261473806
0.2556898032238495,0.7882384568236394
-0.42815506846414797,0.953954966740578
-0.2239211503473002,1.0128542330228572
-0.21148917506349596,1.4033267287591533
0.03374686000798599,0.9241453704585185
0.1191787592039324,1.5829291202582096
0.8116808338789427,0.05417514108327903
-0.7973727220753639,0.8998207419939317
-0.6997244693152935,0.5025828752681427
0.7683339365177919,-0.003107562016093801
1.0991931565283064,0.7404547250248557
-1.0976482864934056,0.31388629309872434
-0.6018855837854845,1.5011216048881693
1.1330447271569817,1.9403133144049265
-0.48614007381813695,0.2315898159575711
-0.6008977241051935,0.008744041876189323
-0.702554981131476,0.47111657803707024
0.8999612628960838,1.9759939330454246
-1.3522500888168152,0.012442225562276782
0.7946296193102658,-0.03565096661017647
-1.2286390139221899,1.7008156615840986
-0.5781491999178194,0.34313963746520953
-0.18917880830728295,1.4382806273586244
0.08034451864331649,0.15021916921520906
0.12297711879890794,1.5472943029552093
-0.624984648943911,-0.11199525221372769
-0.6951549363382437,1.9451420217369948
0.44088752741415527,0.08984996638559795
0.12633880923930585,0.04929635055380788
-0.44760298689925904,1.2633499638852692
-0.7718483810193122,1.5250199564822784
0.6319399081283348,0.27976291536330666
0.8422761694352272,1.0129875329660267
0.5152824736677846,1.9082837709731135
0.5830390609173088,0.842821175720758
1.2240819772778035,0.6955427535843857
-0.8173480691044647,0.18953423112159484
0.8058514277165401,1.9735587284813663
0.7707190763153213,0.1780523066112646
-0.3361835273861904,1.6648263036919448
1.4245336510568865,0.358433111408387
-0.2548965105765304,0.9613328876404488
-1.336974732048262,-0.16927801781695145
0.6358088909082591,0.0819194763923411
-0.9423539039801138,-0.09544164146185859
-1.4482371040342439,0.48165868285849706
0.39039820714052276,0.9790563682097384
0.22507532135397268,1.3529345146196987
0.12206688262987875,0.07089278049357162
-0.8043707954839997,0.12117478692891909
-0.4188393712478429,0.46059118397274207
1.234502463885585,0.3220254027281288
-1.4259895609686895,0.2505774384865859
-0.45328899241894227,1.6600496544605468
-0.044364135809115135,1.7771094380522052
0.38017153907660983,0.9556571382046577
-0.1837219858887722,1.4688655862545223
-0.2681112024042478,1.979316467651102
0.35476052948818415,1.9290067196145564
1.241385988538025,1.7630825719599317
-0.7726083592222189,1.9009636415169069
0.34763236065119063,1.1535854406956685
-1.4646595125305466,0.6847276726741387
-0.6469898795209499,0.44758464537604575
-0.5542281096449686,1.181428026105739
0.21500969498611244,0.7295829908565403
1.4823321235244866,1.457651266839679
-1.4266859702190073,0.22857144620838793
-0.2866589385764866,1.723685082500787
0.4817069861867447,1.8874558553436136
-0.9147933107253603,1.6583391817264854
1.2528008075698662,0.8057871867850319
-0.45239193059557103,0.33093633277813767
-1.3406711800826845,0.5169872153956483
-0.7498703487619027,0.9200200679042538
0.9120698010272172,0.5529447607976596
0.8968035170147424,1.8323172603013884
0.13559669021356768,0.47578350634352645
-0.20893049125851615,1.2015698284308907
1.1545457892306041,-0.044604747711289444
-1.3627967381547301,1.5402233718252827
0.969910104271055,0.07964404709706085
-1.0702860524878042,0.9595747318859902
-0.7388830353477509,1.1410815307131514
1.215854571785247,0.3816101347478608
-0.38927208166840144,0.20817007602096316
-0.8268039878032037,0.3883288351002217
0.07464749413527372,0.7014947733326673
-1.4190966260177387,0.8411868618802423
-0.4664281102806629,0.9780909922403156
1.4390410446544823,1.1056950897691467
1.370466510162987,0.10272358108555962
-1.09069786414778,1.024830169380198
0.12932758013598344,0.471383910123
-0.3234199386915413,1.317007806620906
0.613421895389048,0.3864207620447703
0.6910631100448255,-0.185110143001295
0.43785410262552515,1.616896366586279
0.9071660821989656,0.9862693203443709
1.477289617885671,0.7242109120497
0.4709652640724187,0.6265187668164434
0.9482814769358976,1.0124070075093152
-0.17344713369988085,1.5270334687301237
-0.4994484699888593,1.996747707775439
-0.09348441195196155,-0.013379168581707013
-0.5042215443632521,1.0322443511685324
-1.4222197029088908,0.7207579789522354
0.629158775648186,1.2701376019316961
-1.0290639086370128,0.6689814006549348
0.15167428693188523,1.0462798291522293
1.4420492087905332,1.5771547551974123
0.022409938112688987,1.6889266004790717
1.3021863206182007,1.651247003626669
0.9583789651568582,1.7121737055255546
-0.5231021630468784,1.124920417312545
1.118091797127669,1.9862475089057228
-0.5529108599063026,-0.19244901991861116
0.2571192575008121,0.51524035266668
0.7592382863663731,1.1851766180675014
-0.7169379197913122,-0.16961016085728406
-0.8130778796012401,1.8558008163338868
1.2221335486712892,0.029234651919413518
1.2388022962116407,1.3555250780040637
-0.9492744350641691,0.799273637131594
-0.1639487041919938,1.7896811753110133
-0.6845380073480817,1.4438687735360582
1.3911680003253606,0.0853166965222309
-0.018019508700195974,0.3660786826700248
1.1993585408435878,1.8201739302468518
-1.3906829733034667,0.5096733823630215
0.13313241448688773,1.652077426904696
0.6232917314725621,0.6191311533532557
-1.123822522858656,0.741052473092715
-1.1226522779753147,1.4210465204980198
0.255265136012472,0.9393365209893636
0.08705883330514697,-0.14659173673780837
-1.2971211196016381,0.10661992620606864
-1.29547050825157,1.9763941859477663
1.2789357204046734,0.441872623554946
-1.4289731281589653,1.228561939315787
0.784384307576464,1.9536261565456507
0.3816028663145059,1.5356841536226136
-0.014835524669295719,0.537364532212371
0.7128079983803186,0.533813677679279
-1.2456533990579808,-0.18349322749918465
1.1124117353622003,1.4138241404884864
1.0006955441960903,1.9683903037617287
0.48395132276076414,1.4131503229308977
0.7532007561026841,1.5055936933176102
1.0349020203818355,-0.16658596724682695
-0.9602335861309065,-0.07330309116997422
-0.08621949434847997,0.8709963124658293
1.0567787682312924,0.8660551524044564
1.362315523882859,0.4791121603742227
-0.23276545617083544,1.985026343104278
-0.28902405882385573,0.0742010213677905
-1.1293110115152425,1.3711223865873887
-0.5757612004999761,0.39233481240615736
1.4243596323849301,0.026424858810460278
0.8815248630259673,0.1804939749347399
-0.9105164000387499,0.18159004964609832
0.18553092917089176,0.7072215531470503
1.0758967228977272,0.05452311166728302
1.387137393275566,1.1768177393261887
1.3874558333343225,0.0056459792596830205
-1.1116952566043712,1.8933596548251617
1.4663845532236133,0.3990321503290846
0.9856661645982472,0.5868095851121369
0.21166386562969608,0.20927764460158144
1.1715732021280432,0.7134511003535484
-0.9166049642139389,1.804604116950929
-0.7080792252012864,0.14448740382208858
-0.4888182736925917,0.15114803520150172
1.0420958820309165,0.852447259005511
-0.9415567898646069,0.06884177236033479
1.365843545634399,1.7312088675106139
-0.5867470076830724,1.9235717055644297
0.17081413456840044,1.0360848778408347
1.1447213019190383,1.079646253863984
-0.49592858704098886,0.058344469654994624
0.40085124209051126,1.6996323720146589
1.279330056952686,0.29054892732295134
1.2638617618649484,0.3573340039156753
-1.0287402322789525,0.7838879646047745
1.026818473635375,0.04577992705353942
1.033989448627683,1.0686588546296187
-0.6572251718282017,1.8219077415295806
0.8234397067720773,1.4185729101194284
0.6334979540372294,0.5220173891126156
1.3726751996865234,-0.18186627158789734
-0.10158296560018165,0.47411616627403325
-0.2482624220471381,0.13325078369372517
-1.4796784998992207,1.4695578150705755
-1.241620777286771,1.72717669285977
-0.06948174378968242,1.74136867157331
-0.7394356510670926,0.7765635814660692
-1.0419608734030534,0.41733989627705487
1.4503283289511613,0.0504793081531158
1.131675697120361,1.6361414433007606
0.9659210971089149,1.2293616753616616
-1.1205326083878122,1.9232249097294998
0.3710505444524701,1.1668014279989076
-1.2384289781820275,1.5292431911684852
-0.7859952696186125,1.2107946651681147
1.4942023164118794,0.42979862442125644
0.7214535515699358,0.30868676227231756
-1.4310182159520028,1.4372470896912959
1.0479218053426478,0.9109739434012378
1.3414411428446371,0.009661572701098242
-0.7793557857747146,0.6901826705802891
0.9230932617163679,1.940584956962019
-0.34133820512953283,0.640537182132078
1.1424994704367624,0.18505738004205058
-1.0216266552532576,0.6537884560148459
-0.039716008350923815,0.8016883693426902
1.0058006742662906,0.9587262171226294
1.2468122605748446,0.16989025108002576
-1.2601622570255813,1.8961975963837305
0.35537665179657085,1.376963274525318
0.3381427280791809,1.1755982801568359
1.438088685603847,1.6358393365478765
1.2076021977471454,0.4891193469751652
-0.9832567517620538,0.946867515117594
0.5284583174135467,0.8226075810732767
-0.2767974285351531,0.39872599931316816
1.4615873714678367,1.6016553510947598
-1.2766927785252828,1.7826125277211897
-0.5960387744926081,0.32657726130164216
1.0331027561956785,1.507018728935114
-0.7549030112878494,1.1365831928259178
-0.24558537444043682,0.4045483826838339
1.3030731499108272,0.5662109886750151
-0.40475987119857026,-0.13700409161549798
-1.0347034229985856,0.11636680262479288
-1.2745186173018015,0.7668342632237422
1.1865240076800188,1.6388729321287365
-0.6568842975754456,-0.18453308716470013
1.4334385766179545,0.1715514567622402
0.9554755040462721,1.0588413836274466
0.512997334859512,-0.07607580284579529
1.0786166803914128,0.17937843877522397
-1.190035748387754,1.2240616559515203
-0.14191406574644816,1.6505048032916185
0.07418496669943808,1.6274726933526422
-1.3988678584154763,0.05157946157488108
-0.9318493435385856,1.6440720302804754
0.8169171223138729,1.8853581067179588
0.5799744957398536,1.352272696871784
-0.23100201666530085,1.2893426649589652
-0.7958564729505663,0.5972489395471077
1.2632607993351002,0.8465974095046362
1.462678092108431,1.3872673330640424
0.04343099988705523,0.9361251875765033
0.1459130193629825,0.7702525956700355
0.8315706680283035,1.935219217057773
-1.0880391318752345,0.6614615255948089
-1.4577507566905128,1.1188160075433602
-0.6769000139921517,-0.1267808040113541
0.07801381652239314,1.9523737183509982
-1.242482422906833,1.3630733564800754
-1.1146830105264396,1.2738778290074944
-0.5585795787983319,1.4899492903037643
0.9963653813698574,-0.044086919815261666
-0.7762736821068985,0.3352760665126063
1.0981124786067724,0.5749035450895714
-0.7100627953575607,1.8695564066400723
0.9437375175374392,-0.07024308436695839
0.5311348571619274,0.7515009863972126
1.3060529543030066,1.9055472009081174
1.4875388216175205,0.5119058329296946
-0.647153162031093,1.8160472375081838
0.4370916253364787,0.10124111329333008
-0.3036976423637585,0.5140829220115268
-1.2310536731311577,0.06678884223068615
-0.1216179053312394,1.3581905830002465
0.989698804945693,1.2151085676498279
-0.5199332071436202,-0.14394821132735386
-0.8937570951130692,1.0849470991949903
0.8909519406961515,0.5325236705326788
0.16252702069625746,-0.10519346732489794
1.322138831106849,-0.12416722784356171
-1.383628584643913,1.2661852641966305
1.2635630173444894,1.3202499194956796
0.15958152661702796,0.46385778009101225
-0.14428314789903451,0.4967050268081951
1.2773395893969282,1.7908678977194932
1.3326060437785214,1.2367351161353775
-0.5146945935278331,0.659946490246188
1.1989075808600207,0.9991644143457099
-0.025983986282247518,1.3419604945342216
1.1857425092934881,0.509447770901172
-0.8171045126109989,1.2810955126468453
0.6030455572408324,1.6702216730188377
-1.411037806433896,0.3516124692282145
-0.2586055271148755,0.6793608808526728
0.8380152770563418,0.26520730410455995
-0.10213029382282834,0.9081932409578009
-0.5072500410010606,1.8546222611912107
0.827246824604086,1.1348783477397353
1.2960163381915755,1.9510204761045509
1.2064369039773015,0.7557683698349538
-0.02358895995245569,1.2091631239654965
0.6115340445914876,0.8498674218220195
0.7593420857357183,0.3967627032961764
-0.8346505608336376,1.6837331357429708
1.4983137781433604,0.10348485649373024
0.3726328266560177,-0.06934046445654535
0.41931377444854956,1.111009526233809
0.10561817600609347,0.04190629648356545
1.3238422068054474,0.08656752751076785
0.5620631500663729,0.9117656947368042
1.4093176940759449,0.1092512219704343
-1.0024966762894039,1.0617832052867808
0.7177013692454657,-0.08018300269630346
-1.0042009370515501,1.256542661491946
-1.0793853529456467,0.12925304607730825
0.29981816028109853,0.5265449744988235
-0.27536286654479847,0.15477879430382857
-1.180330243333307,0.05479458525646791
0.7028517127157912,1.9448692551994677
1.3582800275377065,0.5645031258570365
-1.15971641523504,1.7986976776221828
-0.967151842170134,1.7175853004756405
0.1597317117253252,-0.07091194826469455
0.09715520500487784,-0.050538247903828826
-1.428731982081844,0.2989904435313092
1.4360212879289165,0.8030597456042141
0.737025347089002,0.6099000102425995
1.2167854966073355,0.12199382436610084
-1.3959518056847597,1.6289466945208313
1.1027049815840466,1.3902102628241113
-0.37083437830812915,-0.06768236687472223
0.3937218966411171,0.5735151370980618
-1.1103107957132552,1.6888521871620883
-0.8590827226318235,1.0192482214010643
0.7373727649470032,1.0771653041898939
0.21729218516336335,0.4583127156664292
0.9100451557975404,1.9634872982908658
-1.3858505325415467,0.43561557464257633
0.23392124381913781,1.0998026121301525
-1.3340989637201817,0.040039781082689796
1.3580087784843746,0.9999138453553136
-0.19742857713690887,1.5481909043368856
1.0183973561301043,-0.039544907419711034
-0.08142367470227407,0.5836380127070384
0.9428306170337857,0.3491106750287712
0.08657181902316013,1.81941518431692
-1.1912213990276925,1.2489664393190265
-0.06714215989464156,1.3317781732466307
1.4299481922811519,-0.14885185925741878
1.1366660374449196,1.749288408733132
0.6720839460662997,-0.18165441292020493
-1.034623789780413,-0.12896615607898748
0.07657157731609976,0.943074209177259
0.05613695195314827,0.9646261151112829
0.7090524022848927,1.0274928014147358
-1.3575806550961176,0.09824042389142773
-0.4266556790247227,0.508054577846559
0.6435260915923999,0.8752903463340804
-0.7582524187829315,1.8937703862653803
-0.2914357497140836,0.9816571227277395
0.3826660828004489,1.4034831466573239
-0.06844717198865369,1.5170725046586264
0.9766165509767117,0.4345179866245708
-0.31714062194605486,0.6991597793318567
-0.7669076639405594,1.3759864434145657
1.2741316639793947,1.6530828147809296
-0.42075745766307326,1.7563991117122204
0.3296484181582988,0.23356025238956535
0.6297658117807128,1.9895885900235128
-1.3733083684383098,-0.03372294418090149
0.9331564489101933,0.266542536632467
-1.252051083696996,0.9570746120359976
-1.2764972804893904,0.7073020230896183
-1.4780087599432572,-0.08101382356351669
-0.43257570856690153,0.2398036310644443
-1.3514660110290222,0.04035461628984233
-1.1607512120133183,1.3297140312927072
-1.084316554511697,1.7007241949762677
1.3189827653962327,0.7157370044773577
-1.4167000556492233,0.9231682174655804
0.3628056828612769,-0.02741194977504191
0.8045838080304946,1.1087939606098784
0.3532764911150639,0.16048112029725708
1.472263190246327,0.1618196938491876
-1.0811023763731855,1.8105769381069192
1.0668379475012069,1.0227374634144408
0.5589000858974686,1.7127618218215814
0.015880126057768784,1.3557162638469262
1.1036006076622606,0.5312903304909122
0.8607733586985655,1.5858484567728974
-1.4794289332198522,0.2166809088495263
1.2291997847745115,0.19346693545667398
0.4132806167647738,-0.10855140822863694
1.1430883741728595,1.454710665186721
1.1268455445494086,1.3163382166408735
-0.8404746994170396,1.1542149815711347
0.9591712137161128,1.3509087017212587
1.359644418118581,1.5075680501525461
-1.2794077875139143,1.048523546402198
0.7236692778408913,0.1517046262086465
1.224688098299115,1.8727944633407863
-0.8850174495238355,-0.19731410398272187
-0.7211424027345694,-0.08318504480656143
1.432515661495839,1.4994019020380809
1.44782841835577,1.0665866016043584
0.12032980394165738,1.6913766573607143
-0.9983921986108761,-0.06615840222028066
1.058631822345884,0.23243429611123878
0.4251744362254142,1.1439454667586633
-0.0017789527008535977,-0.16836516136099838
-0.9578627924214539,1.7429335807321358
0.7680478139554885,0.23032917494655492
-0.3541266442356228,1.6753467470009984
0.9077319847189775,0.5539838271423307
0.9801540223052152,0.30483504594511285
-0.8118072422287412,0.25442513484460844
-1.2666510001602735,0.08251991876234088
-1.457178329183405,0.19117238758563976
1.1265084573116773,0.5379000560967047
0.2140201156566881,1.818441165839123
0.10805782247554996,1.2628456490161344
0.9342068494958853,0.5674970045583905
-1.3485176303997504,1.7602003550076555
0.09184852090816831,1.0717712722685744
-0.41991768835976995,1.289839848161486
-1.294067342717365,1.6257001755869795
-0.7621143999123713,0.44938620564264226
-0.6396824535646899,0.5406399728939517
-1.1724744435106433,1.174897383211689
0.18492679568382875,1.5591835554869726
1.099596856304795,0.09804676235991705
-0.009911756877128308,1.9188568099894596
0.5718383061471108,1.627764644305659
-0.45178791346717073,0.7971205609141276
-0.9668682815111824,1.5728814381477496
-0.39743620069191743,0.9770098264007039
0.3975611164328374,1.9035485316194907
1.37238667222588,-0.1642041394059212
-0.6742101190572941,0.26819947313440573
-1.2857104500963656,1.2831850265805012
0.7377865394614251,1.6417565329974715
0.01393266824788908,1.358838518759991
-1.1542564888058657,0.9579194431430798
1.416680660804814,1.6293542998325539
-0.0136173116386471,0.3192680910025591
-0.631571613489434,0.8767949657475078
-0.6346749320750411,1.7292489739188006
0.6543264012024737,-0.06124704910003875
-0.7598535857743935,0.07757155266455801
0.6280344271742893,0.7475778180335666
1.351883055118419,-0.191389831327153
-1.327744464357755,0.30439920360237444
-1.3601978810015136,1.1369538603449145
-1.0135290523863714,1.5531696139153486
-1.4499910490019567,0.12783604644326885
0.9393147388741503,0.6142570321700629
0.6904809770290186,0.365607561970069
-1.042955274853203,1.02949719584805
-0.18993689171615347,1.2653967122637946
0.8708540889349035,1.3463347187918555
0.9006738640771905,0.61721602523649
0.6622689185609416,1.1024883561063037
1.2117119599567703,0.48007357680924206
-0.9886937137841643,-0.0419836430693937
0.8787842122436644,0.5929481451625813
1.0261510778641503,1.4573552936423693
-1.1314384474399346,0.5760731091306497
-0.1032812304215267,0.9098218530957225
1.0051714411148072,1.8306925365309035
0.09135003747083936,1.5388562512300594
-0.28180199209663725,0.5967572374369077
-1.238312077789534,-0.00713323625855819
-0.08010238674467551,0.1937814459428674
1.152450900474609,1.4715185309890602
1.3171516132766161,1.2098536748181414
-0.7955800313707708,1.7527957724166434
0.2984906877832101,1.8967362392859777
0.0936619629087656,1.8111826762596828
-0.9206774919214501,0.07928361764411601
0.9647722656924529,0.14974683248116033
0.9183281102402732,0.7530418788547415
0.9744410952322293,0.16776945112937658
1.1487693542962472,0.754311109918409
-1.1518153566862344,1.653346623011708
0.40890932959824466,1.9757033763791083
0.34035124907368997,1.0609915629236308
0.25847903317717513,0.49650613590630704
0.25084242423131187,0.2820148663903729
-0.30920505737537796,1.5372798912256802
-1.49024283282961,0.8829980571431781
1.203179978799592,1.5647197088649878
1.4650077319765704,1.9665731370485184
-0.3021996602705326,0.4508513313471458
1.3464294833558377,1.3733761490022511
0.6972404850056622,1.3980893378787944
-0.8783542481116882,0.27243463068970486
0.696383365338002,0.8083741655089189
-0.361679176741335,1.349905615705265
1.4531246638331536,0.28756563963304105
-1.4392518699449264,0.22764108788424497
-0.5266930606142115,1.7910456660805625
0.09492937325420314,-0.12406423521621816
-0.7339097605842262,-0.19272102902577726
0.619005503970004,1.4529033049485152
0.49191810446254225,1.5700218517713815
-1.038872885223522,0.4008088029788896
-0.37242119451406897,0.43892832989522806
-0.8459231444070534,1.720632642977231
0.6039781828995965,1.451111639727183
0.09045052213339488,1.3719826562358923
-0.3374543117275679,0.42244562799103175
0.7226693829843378,1.0479792607804292
-0.6205657772394997,1.0738539621403507
0.9733369297293541,0.04402893916689554
0.0909487171570611,0.007181671780535054
0.8533151705480515,1.8009974357169545
-0.7068681951757965,1.334392226820368
-1.2259645704853708,1.1539201852274548
-1.1086382968123927,1.0264821984838555
-0.5137461887874697,1.856375650792237
1.261028623364302,0.6625498496499056
-0.8594762912843953,1.2620857566953825
-0.702998063295748,1.8846238303680616
1.3950786066336223,1.6660761357057325
1.0931824318571266,0.9059857521194981
-0.23091615852457514,0.2516831764929414
0.46262986710275245,1.4964689443770949
0.6932429391947208,1.537490948268536
1.3383191040903455,0.07772840187403213
-1.4773616282203168,-0.018701456076809675
-1.2002622595722299,0.29703995084627044
-1.0157646756912477,1.7339949563050172
-0.87772726318998,0.1544275591555167
1.0316853069623155,1.2303909299566063
0.8367618094833404,1.4721055896238255
-1.1250259855063625,1.476121049233586
0.013402782120023105,1.478749366201194
1.2189366981751588,0.9995143519793812
0.9558795248164893,0.046177014580444514
0.4687717463991117,1.9959700794618256
1.4637444223793281,0.41689014867613766
0.4903729977451239,1.2236259266647946
1.0859956922387868,-0.019011658268925896
-0.6737324793533789,0.6020407780812955
1.176023711300887,0.12533193772365042
0.1794612999818015,0.03953562550447143
-1.0380591314753018,1.041581935141156
0.9999165178235012,0.1993911999083815
1.2499094901315377,1.474637858812057
-0.3996169845613895,0.7888852745143546
0.17975410734760144,1.2343478925332132
-1.2591986514553917,0.16066581038870165
1.2466248137047038,1.5733296835105353
-1.0932012900618104,1.8489810874334893
-0.887921664784716,1.7115282473506288
1.410987492596918,0.6225766663796404
-0.5051724023412943,1.673970991374316
0.2132992615549727,1.5128192799489628
0.7393758534179282,0.051054785661697744
-1.436562216477397,0.2671454995966141
-0.26976075180092596,-0.06845695422695935
-0.34700769932915465,1.814623451281767
-0.5837496986201949,0.40503416964156275
1.3786106894178083,1.2505615604957512
-0.9812742024807035,1.7279037218901125
-0.9041647274984903,0.8881209150023799
-0.3328210517363299,0.651682274374296
1.0860935796554303,1.570741688603067
-1.2547909645799078,0.8191658203593066
-0.744135190677034,0.02260036964223211
-0.33682342180384084,1.7371664529822712
0.5209403129582997,0.5233255217779305
1.4740329405643928,0.5563379706471276
-0.8212018116078428,1.9286380812745858
0.20103497238223778,1.5086485763434023
-0.4216795409605878,1.8983875486226613
-0.49182772783162676,1.8783655852255847
1.1297590616062423,0.7377797345054249
0.6575715818252803,-0.18142340451844188
-1.0700871846181224,0.7775354705962294
-1.3594878226852045,0.026978805100906555
-1.458879332027587,0.23593626234734938
0.24111989938408618,1.915302706004305
-0.6949269371801383,0.08437827022386996
-1.4217104883801897,1.3835207751059082
1.2306572425934785,0.8530338070769876
0.5694135375819225,0.7462015451232908
1.0450152169672804,0.43938160348754046
0.4081136450620606,0.24692342693677233
0.6235265105038983,-0.1827717009101028
-0.23425897906309134,1.1909860041782576
-1.3516378962241324,1.4430400998909445
0.8192057352143021,1.1681406677694919
1.3494101493729662,1.1043371596444649
-0.9891698199286206,0.633443889057894
0.07617678950702356,0.26771250951616066
-0.2838192040811416,0.4995728819979271
-0.7648287590586402,1.6258175626584381
-0.36130259156792865,-0.08591405691122243
0.01601992467214952,0.3897535282263627
-0.0031297613636303012,1.7321750114288899
0.28729743493750526,0.940834553502714
0.8756966646868767,0.3544250226530133
0.9684067959607656,1.7472502508378889
-0.5928017226822162,1.9063348051797273
1.453328069948224,0.4942992815195783
-1.2434798577404638,1.033809232231571
-1.1340435888859344,1.5778279108854676
-1.0404378596258432,1.8144399704267282
1.1897523072802025,1.2431669580250873
-1.1744903417215125,1.441514132988094
-0.378377752475308,1.4700691921384095
-0.6575625733197908,0.893858127133907
1.17962010450871,0.584100771997454
-0.935891679718778,0.06920465733704245
1.3908223296967686,1.7106730507638404
0.7382493600554847,1.8214845579410912
-1.0398850994826638,1.011844538780871
-0.14547159057688952,-0.14290802689180193
-0.8323661611780255,0.4634269105796241
-0.5756122707479927,0.48813784846843383
1.394985423034222,0.4149789055356247
-1.1464604635635463,0.5212903812336158
1.329199802207436,1.6611886023623108
1.0368958331512759,1.2906272771421197
0.5788664195881439,0.9114634421326895
-1.460021264364757,0.2674517225072875
-0.029897149948956647,1.1795909038299295
-0.8964582191603556,0.9390028871670391
-0.9060377671254749,-0.0401216426693016
1.0104305819196044,0.829217570594778
-1.1852788378552923,1.5078859966647686
1.4915062261734073,-0.07847912303558582
-0.15551360870343656,1.2852866370470424
-0.13120453710649516,0.7371997101781864
-0.03302818146455144,1.556530377288231
-1.1730252015734317,1.1357081270096874
0.46084266644629235,-0.14450304227210528
0.44807596836155406,1.742774107072636
0.13772323875367753,0.2719953920700073
0.9877783739822199,1.083052747306215
1.0907354946768382,0.7010226979880603
0.20696740628725108,0.42477252634260226
-0.19421957887679886,-0.02547392527831671
-0.6829016681832463,0.7275882884460274
0.38225844285922417,1.5864269328587763
-0.6312134158512162,0.22904977903590595
1.0271558573633333,1.4672263822954743
0.8161885012603198,1.4170642854745075
0.49493585272664764,0.4138781020418419
-0.46683765422611856,1.7667626559795158
-1.3033843385775494,0.08636591027183693
-1.4516111334219342,1.5147492649242116
-1.0483864901970765,0.3595192810809285
0.5154618194278009,0.2741194868778562
-0.2001241547488446,1.3288742592167488
1.209975366949914,0.7160322728795327
-0.13897908634289302,1.7249412678442464
-0.1483716998914424,1.9446994424749378
-0.4780998284220366,1.5836257472699673
-1.481297133549931,0.287244490124302
-1.1030302114127468,-0.12578608782116912
-0.3999391948837894,1.8622359619724704
-1.3671902895438919,0.4558340708682756
0.09890209504091896,1.7225756266018137
0.17035751227870222,0.8548929221987969
-0.1477208517732429,1.9921246262517867
-0.47353513073417663,0.2659954212903455
-1.0557142587964083,1.3878566609698884
-0.45383612261163897,0.8890715611121163
-0.8390558476611423,1.53023975636074
-0.8785502552388864,1.9461710867127648
-0.8739505469868476,0.30780052252277107
-1.2480934410152373,0.19421947239313853
-0.3050297103872046,0.38438489604445897
0.5118348960740144,1.3415637435560042
-0.8994835577353746,0.2748389001894521
0.4206002631011483,0.2538063625593385
-0.10394186300056751,1.2209997633997793
1.393169076107542,1.8235757850225378
1.0777535533216316,-0.13243646897348585
0.6673135885767518,1.098072284179655
-0.7088318957254284,0.010745230059763494
1.2181116694982883,0.6302967338061503
1.2462131628828121,0.4534069692823193
-0.051193749863780225,0.7190206768934126
0.802934260479967,1.5587663382609867
-0.23238363537911488,-0.1947293298190748
0.8774733386142204,0.7997637283542121
0.4067057350709882,1.7264736863932981
0.006541967808205484,0.6789437646067245
0.646510701448884,1.500901893239297
-0.543283625968682,0.5981855454855678
1.4903346219064697,0.3563462243017412
0.2402365239643416,0.6944988339355496
-0.2917748637500961,0.2920778169905757
0.5331261249915746,0.07508505028989004
-1.1425078831667306,0.431843379060968
-0.6962859583487675,-0.08379129535176802
-1.4897375051026318,1.3384650005710648
0.14711986313320802,0.4012863956331471
1.13698055168331,1.2296581062457204
0.3658492450981594,0.8080317007503115
0.47787391440440263,1.7318151954367167
1.054411795498654,1.6926482275295065
-0.6034269479054283,1.8222811957894984
0.567415851057469,0.3450117662192948
-1.4604094520061328,-0.11020469579925629
1.1648561428861854,0.6456134168072729
1.2136449618315202,0.6604354014451772
0.42540055524948794,1.6205478146496037
0.5298812057328819,1.8186039098872435
-0.4903996882013997,0.9378082266814061
-1.2393807588361725,1.3796033785700306
0.5316061154930565,0.27006894607317417
-0.23827231457177156,1.6866695060235406
-0.9607454593150513,1.292870771352446
-0.2131945489897651,0.2897035396415022
-0.37803110316672583,0.7657390744595143
0.6897667670299863,0.2828288763014108
1.0204587549653148,1.1165555431498781
-0.8111365619765919,1.1071724360153308
-0.9077192908233492,-0.1635429348289573
0.057106660137489884,1.5786008063690253
1.455022011654195,0.12208393945503138
-0.19613223693230708,-0.19228140215384157
0.7667590487273928,1.3286360179293395
0.0011404896175282175,1.2583190669289062
1.0816431530276356,0.2444567628008103
-0.3899164482222588,0.3533287189447695
-1.410467782455638,-0.022883795383745714
-0.584066366578706,0.8925532073523144
-0.26556885603234126,0.21392308144149885
1.3506791290208868,0.4811252574482742
-0.2157034941821212,0.9203880348025324
0.5020972949242242,1.8600165223946485
-1.0172452272899288,1.4684700842839387
-0.4762078304250026,1.5807434293861793
0.3040779780842682,0.7140683060115878
-0.3415832557418279,0.29268502574799343
0.16680544834916544,0.3663353242317933
-0.7943958527963537,0.1341390024189545
-1.0766284785027835,0.303238639591666
-1.4390137528497604,0.4968571386782484
1.1075362827540856,0.9200099379340378
0.23854851352280204,1.066360742163311
-0.8796487619201359,0.3104780602021004
-1.2545213201101597,0.27089732250101617
-1.417895168670929,0.40678619190151916
0.8794072678087375,1.3785615521473573
-0.10849563435885057,1.4221213164922515
0.8531564798565197,1.5743170292323718
0.8459142567606124,1.9949759587309337
0.6822319847387712,0.6362967308065348
-0.37607949022862663,0.8055960093935424
-1.323730866367824,0.0038054382353774063
0.0005754392182550916,1.1171154783574753
0.3831019556234678,1.1507269084867884
-0.6760049197461873,0.8603446635868681
0.36160619406915173,0.11163592330490252
-0.918537129287212,0.4792472511369918
-0.971704624794085,0.023853808774128127
0.13438344381282175,1.8015981069962945
-0.0012340974254954062,1.6508122701167076
-0.4081379895728383,1.042297059507812
-0.7555617659880591,1.0569786463466218
0.4923142432167249,1.6959405578160687
0.18582698038551948,0.21300151208587836
-1.4400382881027167,1.1790399783318934
0.03814072828374915,0.36984673775844584
0.5808194487928713,1.025241471146717
-0.9541181960489017,0.01979750069539002
-1.3926676070302844,1.0543115854987246
1.4730703026164718,1.052708098143261
-0.3938749626393281,0.7409213053571138
-1.3562178177508362,1.1432750970554433
-0.9155337358324461,0.3403858482589746
1.1384455942924196,1.9736367773620678
-0.7996385366412055,0.2489003516465818
0.9780085788739372,1.1156755423707458
1.2124234310564925,0.4883763121900801
-0.5091597644505281,1.2178941556073692
1.402400006272285,-0.16905579183766603
0.5164409009788824,0.2598682509416616
0.821346196448431,0.983687636027422
-0.9191750928823587,0.10795929827164497
1.1596022735909206,1.9388299703889247
-1.3648593442902874,1.661916861363437
1.172689787465643,1.846146593613949
0.5325366129043823,0.11059039444492397
0.1320831376336815,0.25790530757973595
-1.3806491062997879,0.758816824346924
0.3142403757020902,1.3877153543238405
0.38041518857902057,1.8971517683535886
0.5784764757495591,0.25051210594158435
-0.9873411549628213,1.0223769125092514
-1.0583021472535674,0.2564396963087052
-0.35182388503065476,0.5762689017025759
0.04849542082300573,0.7451668838001544
0.3007149651757375,1.6789084009594861
1.2957680678709744,0.2803601377608426
-1.06678156032988,1.655300027747587
0.2962925437281778,0.5291977177648799
0.12901280007939153,0.22594305503314538
1.3343426443387094,0.20143965315677892
-0.9994093261558086,1.3538864332120486
-1.1399782251935686,1.2456634851470234
-0.486982712533818,1.8609848457425404
0.036290135662217615,1.5460469832342043
1.0999867114103004,1.4670422472867013
1.2943318078328296,-0.04076958898710556
-0.14586136671083594,1.2203632153498059
0.7298771409606482,1.2969914770703506
-1.1316574939219795,0.8572496952104733
-1.1349831883257515,1.8137241251102922
0.3250631938190116,1.336194122796422
-1.0271494055993942,0.601001125068916
0.4473700918063579,0.42958537119326196
1.183224594233212,1.895278777001219
-0.7177669990012077,0.18398310170351395
0.46722680990020615,1.3374006966357166
0.674366350797575,1.2310085776790556
0.15394087896809383,1.250704478236524
-0.1939495033209715,1.1856572472833486
0.5751708274678529,1.1457884857132545
0.42483357561014845,1.0982543513721796
0.6337756730061406,1.9540970542681764
1.2826550294226418,0.0855340484773876
-0.5228465042760014,1.8284876120234659
1.4444825984388583,0.01875108897861802
1.2380150696892311,1.2953247616540824
-0.559381976674405,0.2389589140960916
-0.8101551852882964,1.5973987573798147
0.3313269351789172,0.5917785460034302
1.3677220775096108,1.7509011928653004
-0.37286130198104916,1.4356973359565044
1.2596708350468524,1.2637806901729876
-0.05932758221371581,1.8875926364258901
-0.3688563284445505,0.5908217986429933
0.11158663363802468,0.2213915839162175
-0.04331401312934968,1.770559990633372
-0.24494401776685226,1.2417116016637115
-0.30985446315846454,0.570198378925431
-0.7684322538923268,0.38214338216517735
-0.6262273365894959,0.7320156660590673
-0.8744619311841896,1.6725888294109283
0.2853316255011529,0.13937265374733826
0.6331220900014021,0.2557678313139456
1.0249418642838721,0.609809157123335
1.0367804220074284,1.462888760992374
1.16059951442297,0.11512452580173949
0.7145886269498867,-0.15889688710734212
0.7646371224317621,1.6910230918109237
-0.32887405042871354,1.4649297142091227
-1.1578792721021347,1.0573563481648836
0.7386944195799607,-0.13318075962095005
0.8316436665490898,1.449205399120526
-1.2661844000103022,0.20343317334062244
-0.8940726638662008,1.381475554952164
-0.30157134630931237,0.009508622897973218
-0.28599256635367687,1.7566465784461287
-1.155045484156132,1.4143320098886838
-0.7678319250236899,1.2198793311920038
-1.3633627116864908,1.4395943733569578
0.32413425635071214,0.06291420640904283
0.6414392857169449,0.4407331854352136
-1.2403254210937917,0.37514636021236186
-0.10197694179978734,0.6796722996450535
0.16287020768277438,1.3275114605959069
-0.06420314374616831,0.9638517795344792
0.3170745250188338,0.4227965443536394
-0.8426345120610035,0.4332283052249231
0.31633142906119893,1.2955994712576038
0.20014458944677682,0.4673793473037557
-1.2167988896061164,1.0537013324132793
0.5117485476700141,1.4539938851825138
0.10967532891613208,1.7012676100767299
0.4025816500966528,1.5575555685354685
1.012187918201633,0.6149675575887334
-1.142349559254335,0.5817914146276062
-0.9702272086349013,1.8630778368579655
-0.9592044138397019,1.6029784361765518
1.1059043545113614,1.0874173347822047
-0.5218260530332577,1.5756986468041
1.022622341637243,1.925550442336964
-1.3333841084794935,1.7669313684457262
-0.5493092582914698,0.3143110244810056
0.2874671757256604,1.8129453291026751
-0.0929453134338194,1.0321172802783456
-1.3375418763411593,1.466110486432627
0.16338501194609534,0.01906753426972646
0.33746849028698467,0.31729217982724295
1.2946590172380623,0.6230619304862461
-1.3009373024125723,-0.09009125834852526
0.2501103443747774,1.0431761258679533
-0.3635491310833947,1.137799053498392
-1.0538706383170053,0.47165407998672787
-0.2686566757005697,0.8887671677163269
-1.025033882136393,1.588553470764707
-1.379869776772871,1.9335783818574301
-0.29359477768068376,1.6158407696077057
-1.4954390033306264,0.036402874486502174
0.6599960469784971,1.4908129117065763
-1.403643745403179,1.7059854093212168
1.1790724715848562,0.3483047843054025
-0.12313707369520155,0.18822887783129438
1.2279820379995314,0.6638588379480976
0.6410489738679814,0.41240941012646376
0.49683694824212177,-0.06388234560467021
-0.3420704881604535,1.3784706475844395
-0.2568165533533704,0.6786851276820762
0.3829389669518217,0.3852594782186634
-0.7526318920340606,1.0759224902611617
-0.04373967177304827,1.1675284734662277
0.2643774714449276,0.028643418712134217
-0.3592296701359745,0.14719490957232206
0.906273348787463,1.732535069583307
-0.8725085980626428,1.7499554857385244
0.787532110869031,0.16946689569681006
0.24899232554089146,1.152401026933985
-0.49347870735186117,1.8863387573720318
1.4916415739767621,1.5745584349338249
-0.7547583876848952,0.5879642979114079
0.1396577509418675,1.9797934326288937
-1.2125731195724794,1.5500676948701633
1.466945540286123,1.949103697487988
0.11556891065154629,0.6641875041454033
-0.627474072042421,0.3466750810014135
0.10250887553100974,0.9572314549385752
1.253895733506519,0.44721738240652037
0.6434093794601661,0.695002524602494
-0.4534480438599058,0.9782822539893792
-0.2760937897117741,-0.11044978788152819
0.6487704127535707,0.28478284816394267
-0.7833459208806133,1.485572998052985
1.0689555941601179,1.8431870362256315
-0.9730306496396829,0.7064233965023254
-1.3384140776751188,0.6778298474924391
-1.2273094696651754,0.5182236093361496
0.039943479456594044,1.1954817118964758
1.158673072787634,1.0080926295202832
-0.49884465147283863,0.7007443371985911
-0.4263762662863395,1.7387574278818474
0.8983017885006337,1.5420506833934342
-1.0961655292821368,0.1305557541791147
0.827946603786593,-0.009087208048230822
1.011646183032342,1.8506180813900708
-0.950960739108599,1.0465077706211674
0.14928250245957342,0.35686396122996195
-0.5017222846130467,1.6390190833988485
0.2555699103496425,1.3372474607101845
-1.2823747422053997,0.24134400890860785
0.9914719135780983,0.7430655078492379
1.1254021955715308,0.8555644153819908
-0.6920544822971872,0.245533771086427
-0.0901551547588273,1.5620758541931412
0.9984424259717759,0.22946868237102358
0.06125931763035819,1.7947799143194598
1.1361361110422998,-0.02050503202484022
0.1190122081869287,1.7107052550225301
-1.186363432847989,0.3114611779507908
-1.38615091668996,0.5342179274814334
-0.35064846659518123,-0.1328586788797252
0.5426852275520004,0.535140224502866
-0.8946061707168561,0.27434460565279345
1.3379478281773443,0.4341225275670632
0.9487288144886161,0.8675223835243786
-0.4615690249868494,1.3255425704909798
0.733312167010193,1.6849401339457106
-0.11471003038530214,0.6235597494440945
1.2968024407722303,1.6251727272053427
-0.6618953693145164,0.3269376894816534
1.2002559798837056,1.0943107336357034
-0.6654550396322355,0.1888438366383094
-1.089396157311889,0.719899786424085
0.6746361778770473,1.3569850098586627
1.1173279248400902,0.13176939990609965
1.2258864689013254,0.4739463729813094
-0.759548747607134,1.7548716698350926
-1.2865898227382593,1.5550741111530895
1.2561768627062562,1.0733546167299122
-0.09312831362895801,1.300036625581597
-0.7561381918009327,1.728467646248943
-0.28633930477550384,0.11243305620439231
-0.05496205170518942,-0.03332077787599852
-1.40309710065645,1.4583791802228443
0.6185898094973616,1.6379833269671278
-0.10291962390805431,1.6035767409167954
-0.4957324634738054,0.555827943859136
-0.1338818838095519,1.953454859824314
-0.04054349961689807,1.3600642298998824
0.1363526368965462,1.355275378163911
-0.47125224142429634,1.8738992672697459
-0.49295255492200263,1.4362674236319688
-0.37073583847235847,1.0458471199782255
-1.2488385510611697,1.3304298335494098
-0.9631685290349845,1.9970158350935787
-0.1683168502166874,1.1890250504245021
0.8022734107645455,1.3656493010137125
0.9589318449053241,0.4237121289031542
-0.7191138815304952,0.20844107031955178
-0.8950083822398545,1.4737365811262373
-1.408485238304628,1.4566084788902556
-0.2829934464462567,1.0940517223456487
0.48238944791798266,0.4883842028821261
0.5013492203950771,0.05911284735142153
1.3093201358538193,1.880804374140279
0.2540042103107978,-0.01593782539426042
-0.9736886918326779,1.3329276393087948
0.23456453681708322,1.306725042838814
-1.106322377923604,1.7449393481701896
-0.46605220746649545,1.9071170008775022
1.2068417682997952,1.5842769007229685
-1.0065325125755606,1.2276530750400125
0.7738797894442953,0.22005232039900413
-0.9775145188431047,1.2834938685195973
1.204483333149235,0.7339234745914012
0.4421194016468286,1.3041306407138078
-1.2838687213265647,0.5085706420693161
-0.2053377609369551,1.4337634908746666
1.3899625359717755,1.272987915164418
0.047706638427402526,0.5366779747590458
0.05758818348289374,1.0287397264670417
-0.584466388161017,0.3713012274620208
0.61527899702341,0.3877678620123995
1.0841021523098835,0.8849733902629675
0.18672204211806953,1.005874660722748
1.1286186699844056,0.8443193089826906
0.5942548854502534,0.9421102346476848
0.46407055932183683,1.225078431857384
-0.7558873656691639,1.5343082800929515
1.1684347202137628,0.6246330431758988
0.08770623910024566,0.21253088445222323
0.29750587575127074,0.3535749797897247
0.23677440004066752,1.6472873772007621
-0.7711863473513275,1.8304514643407133
1.4099176714762134,0.16466060400101984
1.2406692666818233,1.0296298278949585
-0.7158002073767742,-0.06745022585452048
-1.2135553022440693,0.08233769476702785
-0.9233041106588913,1.2778497521680876
1.2556373911374648,0.7615506871984079
-0.5937939968037901,1.614176074246833
1.178960480589772,0.32057026927076754
1.2901034960455195,1.451345415569376
-1.1418780434076599,0.22360864060860047
1.0736883031465414,-0.11660075144651207
-0.8561026174382038,1.4441429674452044
-0.679419806760296,0.12619744765151292
0.02621884191937429,1.203203797179711
-0.015327088333411343,1.3512290602843562
1.2924324339592497,0.5532881358565407
0.055557495447290384,1.3586352515596636
-1.4491744666402904,1.3080735642671077
-0.2396262500194999,0.03800619927348159
0.8553399528195227,0.14204707747044715
-1.3683481235721848,0.6296044010399879
-0.06831340953841503,1.592959035169081
-0.28745930034361855,1.7174826667471503
0.7025082614632594,1.6693529334844919
-0.8005459865033773,0.4735826068533528
-1.3974511172279114,1.754695841687665
0.8632905022058797,0.5765757864756704
0.306591896401299,1.6561173444646944
0.8453044435450825,0.7790548099856838
0.01767990412464915,0.7110906917367736
-1.0282861627586404,1.6315259621547973
0.7679448038974583,0.33178526110475065
1.3038405404348854,0.1819251734910367
0.08375743519259427,1.54325277099582
0.6504158612969508,0.691920701748383
-0.5424636975553363,0.61704365657188
-0.0320809242451201,0.6038457463022568
0.7959668689843773,0.7734108429640623
-1.310317141579648,0.8608197926963634
-1.0127175174863217,1.30160737949699
-0.0605701135156016,-0.18024144765179367
1.3418671931766077,0.9166768315343334
0.9455764273898253,0.5407443668810104
-0.9009368569877734,1.1828758127919694
-0.648842905724183,1.291325714032946
0.4088333119979426,1.1774920918483105
0.061080370430868225,-0.10602380541383606
-1.1602914808036988,0.4172565927622414
-0.567779376982686,0.5403293784432595
-0.3538093448881656,0.37469797644126474
-0.9352247498941132,0.3107205238524888
-0.013420110008339536,0.8216666839783118
1.1236635151432974,1.8296990530264818
-1.1384175016633415,-0.07781371737834072
-0.1578980788981168,0.6045232180670537
1.3155222592613907,1.88069069918148
1.0664173869667808,0.9406777789063983
-0.06647320596272888,1.1373215562398142
1.1460471440753368,1.5952697913076024
1.247698825528257,1.735215551585434
1.4849304495969542,1.152996619233594
0.009114189851103793,0.5437749188407548
-1.0652698907429858,0.1503338562369903
-0.294662755532916,1.9989045919632689
1.0195360675300162,1.8787435961221324
0.12554482734894945,0.003948943207190941
1.4617727369307474,1.3165864239873832
-0.2968383380166675,1.0924383772187463
-0.8196485350839131,0.812752635905259
-0.9836682600590152,0.8417581394567819
-1.4715288562222912,0.6752918132252679
-0.6990015887639717,1.397572253115105
-1.2413008129777843,1.513956148457632
0.8172478325042714,1.2287949754730212
-0.731900750448852,-0.12187445034912193
-0.16010484309259465,0.6718825882350572
1.2033575803932224,0.16221524586601327
0.027210830069994696,-0.1303255913290233
0.012637400673042531,0.9376081454694578
0.15541756894557102,0.07888804684395773
-0.2612216613179441,-0.09953260654558024
0.7209140095832298,0.8911919757133657
-0.4444059956629922,1.0241091585696542
1.1999177830382588,0.4196793637151495
-0.5174696255448206,-0.15464272809569798
1.0556682686414112,0.5544723604198287
1.177432981443498,0.4852526695802118
0.6514153788039287,0.34601274944388377
-0.2800409337003009,0.8528637192184623
1.379143823258227,0.637418011268879
0.7907354673506215,0.06115617755640118
-1.1681468689591221,1.6543216357093196
-0.25048831527234117,1.9108410974382288
-0.38858779293661416,1.000675088062053
-1.1445494415661364,1.6590688564494835
-0.2509672011977484,0.3071232182540586
-0.638172262567694,1.9696025492049485
0.715392412982196,-0.07859214391037177
-1.43548384530845,1.064842161726689
-1.3613388574963947,-0.10754456959714186
-1.2993728457524318,1.2706690555396356
-1.107428830074903,-0.1984223842067904
-0.3132991545985804,1.10481789615271
0.7600019817893635,0.6962359861244125
0.23293714945128263,0.1233967263889944
-0.36855265495668643,0.6440534061331313
0.42123587640390525,-0.15241879903587768
-1.280410808446471,0.15798630507273947
-1.1882373682363128,1.6130940498993669
-0.3314787890207711,0.06536328422391346
-1.0749656695993806,1.729976059905295
0.8824950230332691,-0.11299107971961668
-0.3497861140860592,1.1308645683589416
-0.19209388171782615,0.7028928660975553
-0.39441008144184897,1.1949614622848341
-0.3251719538306408,0.9142242731624834
0.43724513661732445,0.6937545709739483
-0.36747708926198985,0.09892155406093178
0.24260000797594028,0.718794764759666
0.829234015289126,1.8712747255000532
-0.2178629650556716,1.9927514324138536
-0.4592331891313215,1.3471838646511527
0.3724927095575761,0.42073670254845336
1.139197860150074,0.2832165709569767
-0.5330328359857495,1.1974280833058084
0.7134542877772452,1.8767872287026146
1.022135707822494,0.5270904840242236
1.4498616502705866,1.1809003594382004
-1.068366915234642,1.7436116123440304
0.3391033553979368,1.5389036272559804
-1.320457350843041,-0.1539171477429864
-0.4539957915293851,0.009263850306652721
-0.8634331458684354,0.49579375730025527
-0.5349290944241218,0.8819128802198584
-0.7687759793734666,0.3275322887146443
0.08606981466142116,1.7514382996214835
-0.24603548973842804,0.5555662282630194
1.3876943966451316,-0.1550972007667908
-0.9488122650110424,0.7959269253490673
0.8325313595668473,0.2586089422432021
-0.7059894682346952,0.4129919879552562
-0.9335153921763698,1.1155332848290884
0.548294503036201,-0.11335439271209148
-0.21707803306944284,0.34318948000826704
0.4894750126612972,0.1394608346400492
0.9743470756186516,1.8713448581190109
0.15662156752391554,0.21718862804241407
0.3956672021132066,0.14664816090215554
1.4567743002560465,-0.028532384586601456
0.8871005553572524,1.0429175539850883
0.23515111648724218,1.7535408991571735
0.686828759409237,0.6730548284068965
0.615831053750119,0.22817484495708168
-1.344326403687448,0.19234293113779188
-0.46122770968468507,0.5162920214956346
1.313209684574372,0.5511519291279972
-0.7333320060886894,0.8113844415797178
-0.7420527949753233,1.3722771340205384
-0.8870860803833814,1.9058523103116956
-0.5655286864184155,1.7967318621178394
-0.4331326447142214,0.40827653828423743
0.04064420241844435,0.705732310711783
-0.19547665712116835,0.6978346987187891
0.6457895370787545,0.9744681024617088
1.4924317319022293,1.7561209918272156
-0.8483407724006231,1.161092643179734
-1.2304660460285894,0.8202819784790343
0.5565756383765779,1.2549255514943696
0.36039036310316575,1.2230968833105809
-1.3471797837908912,0.499236761259589
-0.41960424419171094,0.7975734436021118
-0.646760041424047,0.26964526431256064
-1.3422167420368085,1.6823282492401481
0.8255817798820129,-0.17577865024427425
1.2736163145189137,1.668917877115231
-0.14446948617916866,0.7959793780803917
0.2415836129210296,1.7484244753305949
0.8269910029230143,1.703219371015449
1.178624728417629,0.5772706113021357
0.053617361445640555,1.827354592462615
0.5374474507156406,-0.17894787316462407
-1.0184973280346887,0.3902496656369446
-1.0114746231319423,1.9930784659924778
-1.0872229579229105,0.2951728988347207
0.16419172740789656,0.8344161677014454
-0.753840307533165,0.8816024865813306
0.0035697427215348743,1.659376900781672
0.8507588466412956,1.7639845277149777
0.33164011211246236,-0.19340062258607765
-0.8692628710941686,0.2570537831894617
-0.6691929229208977,0.45339233430779285
-1.10431062773758,1.4074631390168792
1.1409934385711518,0.6767733572196304
1.166316520926237,-0.04428753485980383
-0.5993049376792143,1.0698340351980509
0.7849329650004915,0.6631866982987504
0.3878282739546195,1.8456655344203472
1.297734849703013,0.04077584924677921
-1.0794446921508678,0.23507074755933993
0.24944687209940852,0.8379530257738304
0.2323167848278591,1.9877349306354308
-0.5771868220688432,0.839015312202458
-0.8025626086101749,1.40153293721867
-0.5177672292112372,0.8391904914239878
-0.5778905381439228,1.477556940227987
-0.8163113970532734,0.4308392608075123
0.07156494300267702,0.44886253119363667
-0.9779193299020471,0.8678085025551803
1.3645090748441926,0.8444446476853489
-0.8541401903431172,0.5541860202342379
-0.7280263770503493,1.3389172360904698
-0.20721612137743906,1.0277661425566964
1.4362708421324588,-0.0045051110535978545
0.8189892534202103,0.3998496794063447
-0.02230367083619944,1.264539136767036
0.3291458630222728,-0.03811165237350175
-0.9301502856502156,1.8656273708789108
0.3919186555892702,0.18914274273041587
-0.48768546333769947,1.8801533286832213
-0.3569564293548433,1.2699698961728578
1.2398898235798392,-0.006093748605417448
1.4255322694469572,0.4061482030837323
-0.4295039645128098,0.7051298988919712
-0.9413902593600965,0.14703139957306732
0.7506287059348771,1.8449787834558558
1.3736454766961406,1.001244152200508
-0.4079081095872641,1.7197248532489116
-1.0998730295966823,0.7047867123864178
-1.2191464473079807,0.5653661642884327
-0.6424899599293845,0.4282021952683988
0.8135493534383196,1.8208836732239628
-0.619143059286376,1.489376602065804
-0.3890240524320929,0.5119788132100589
0.13120509600708918,0.36046990611412216
0.9200915037949429,0.5352836091329756
-0.43893771216114197,1.704258226753485
-0.9356840348780373,1.4752335905741665
-1.0095765417451186,1.197445858477817
-1.4754257796606287,0.36272464811465827
0.18256850474553543,1.509446711911875
-0.5849653076816831,1.81569376014101
-1.0682928525094808,0.24593629384862653
0.7561141480335025,1.3452544038355856
-1.4915731088221815,1.9432542324143813
0.33860909153468866,0.15863790412225975
0.9568109173273838,0.9939178924674135
0.3175191695522013,1.4244852674513415
-0.9657924282147017,0.684179749029248
-0.6278930375031608,0.5503289236481608
-0.564729279830353,0.43608322533423943
0.3898186843838567,1.2937335629452915
-0.18062999336359686,0.8511979802456118
0.9130549868470963,1.264612055655398
-1.2830581514100357,0.19819610107655727
0.3849421844169172,1.523094605042854
-0.9653840465249959,1.168348610022841
-0.9894967267011594,1.5939544746766254
0.5133222621034017,1.2181216127404813
0.25187497870482445,-0.00937863052865856
0.575648834697716,0.6574073254192074
0.7278487888731324,0.7440642971512623
0.924496247086573,1.120008081916543
-1.4355361039761114,1.531731326596679
-0.22996637913905804,0.8609419669514484
1.1835726327660963,0.35800588640885506
-1.1691231388299883,1.2018004326362444
0.7303403282938037,0.32916719952776613
-0.4300542523596631,0.09758178828764313
-0.8349153403685238,1.3387271062021464
-0.7045491582719694,0.14836146639127967
0.9127593125579194,0.18296162400853594
1.2224170879605771,1.0795060298268053
0.8775877202951392,0.37216018796791067
1.2437104315955478,1.1820414299733795
-0.27251574376674714,1.7741676466142944
-1.2826159419302283,1.9790361579550864
0.06329824477852619,0.5937919250034895
-1.417641946102632,0.879821624133184
0.012912402992511396,0.0424393771052102
0.21459748811794666,-0.025566100954887455
-0.5515373895173048,0.7196337079422039
-0.21992144875469521,0.9690822850333267
-1.3963742507484356,0.7401931014390384
-0.28050585307960074,0.5573308989228045
-0.30464846713920224,1.474152630259522
0.5596528657399236,0.05387718636191491
-0.4883998432842087,1.3661069348229438
0.8827559333555817,0.308247348803029
-1.391613833503078,0.5979645170110457
-1.19398239772106,0.6680783808771875
0.41718288004613235,-0.16759109973823172
-0.20161350728262928,1.6861222721206408
-1.1547014650320004,1.5173389005352214
0.6747845491650777,-0.0340244098179423
1.0075713297083095,1.9146426345509198
1.3560790464799921,1.657502395549347
1.3194523845029296,1.1906151875146769
1.2113835946844809,-0.06430364029685842
-0.7480965652788261,0.9955627311768362
0.15050245093355885,0.6368859402721017
-1.3875279319926384,-0.020210878427009776
1.3612557368640945,1.3883078564760063
-0.41670766949795857,1.754979884078844
-0.72743147265323,-0.08545017064929351
0.42704491113882126,1.9494865827328887
-0.6292102935728591,1.639724571958645
0.735769761882175,-0.177313175368209
-0.390215553968007,0.8861156900037086
1.2618601190449024,1.4109857487610933
0.4059193294733905,1.880407258318449
0.47759172661180793,1.4793184402048778
-0.25443922031069155,1.8735270011537495
0.8349155009077327,1.8570670437123338
0.6994401381669855,-0.024572453861723242
-0.8518286565513589,1.8930616117879573
-1.1012786530496503,0.8334875789623541
-1.1058938543321102,0.1275379085493168
-1.3361977224746504,1.9210326358237986
0.3538951702890438,1.1881427988161923
-1.4639416108589047,1.6340470257889568
0.9033096635849733,0.5500017323194859
1.1418721645973218,1.010420216656175
-0.4649106383209667,1.0845828040348908
-0.5380119877598951,0.817526054819329
-0.8002224425518039,0.39532630871984403
0.5455039225885234,0.5217987698937592
1.0915562862783617,-0.015430940325747516
-0.6124185227171057,0.759438616132889
0.11513033934165562,1.2900708750888221
-0.5037299769133905,-0.10026625854035633
0.3231102943331545,1.5959360862137788
1.1739302988138736,0.1293419732955779
0.07630744696918734,0.013887901953596071
0.5273904044418662,0.8501859917167258
-1.2438864796060516,0.9752786792265209
0.747996726596226,1.3669248288710765
-0.5435794676063457,0.6628204490828822
1.1526138476183356,1.870397831764423
1.3105958947359353,1.6326813397937447
-1.2379024428611602,0.8067898420187753
-0.9863326255857586,0.6872977287174129
-0.179753803110271,1.9805999431268388
1.3829843057916213,0.7535920125954407
0.5648587399143463,1.082969908661895
-0.914352130295785,0.46705129503260207
-1.257546622784204,1.2084398573557047
1.1971295927275984,1.8164833347714955
-1.421212724073362,0.37872585783228824
-1.3268828822273435,1.0939005774789843
-0.8427802965155939,1.490118585135061
-0.3566855596432661,1.5203869849927
-0.9635447963003527,-0.08894771746225712
0.6827540676143808,1.377862249277892
-0.5760005548370994,1.4020969611371181
0.16197383147703315,1.7323440410350912
-0.24738626907041716,1.471150189269112
1.4748532180508311,1.1783692638445211
-0.6211141642771263,-0.09333660926435047
1.28530929512217,1.3238306666442845
-0.6177233826786843,-0.060510223615903136
-0.3507943258559736,0.782079529031702
-0.6542705070911512,0.9715930488064288
0.6600800817979349,1.2000464134271351
-1.4935213817022077,1.6302580865294412
0.46072471058755093,0.9099656702320595
0.9674299155231978,1.8182339918780295
-0.851103487395078,1.8404379805160225
0.2909259789623908,1.4315718415575305
1.2850290870281498,1.8479408786135794
-0.12047043824128467,0.9624304024100736
1.489372349315984,1.1426845942264219
1.1775842231341453,1.824516757996326
-1.3314844450347967,-0.17296740796627724
1.4955741153047102,1.8392750641154
-0.2440868280509474,0.4118254750697366
1.2115955037239496,0.7315238355435751
0.2815323129477383,0.06020824281189607
0.28018413350040383,-0.11103552239623757
-1.3788892848409133,0.3940669947637743
-1.0556102181485214,1.0802997986970797
-1.3162609191350518,0.388582159691313
-1.00274058148314,1.5936869784666914
0.9737772196274248,1.8994644400049252
-0.6480100352734225,0.5395942188017029
-0.38781249235639637,1.8363013087429454
0.709721348174055,1.3745061251306094
-0.7532170714691448,1.515652634653912
0.5237806564164624,0.9480787704682119
1.0565374491215955,0.7405071063084439
-0.6333323753841927,0.15186842786141996
1.4962554458292456,1.6577728214106606
-0.45808694785521187,1.0838449179868808
-0.1631246299119633,0.32394155737502134
0.8338017715155823,0.451119555339813
-0.5625681366615758,1.432601604400937
-0.8064305253753963,1.7890289253298721
0.19056346301409754,0.5816061089650064
0.5881412558289489,0.7363828688006431
1.3630942386293992,1.6692432026272048
-1.226615514575872,1.0526299600507545
0.6550420966924602,1.720553780602229
-1.4136009232803046,0.7808281419781757
-1.3973121794578864,1.997140941006309
-0.11195430463331846,-0.08356270767151447
0.3480156097726912,1.5272981923259017
-1.132788942168141,1.1897412229832391
-0.8672404873205315,1.3681601571000848
-1.1806877473377924,1.9620506477476252
-1.2533752908763112,1.6500171897148845
0.20786696637799684,-0.13934659898229573
-0.853878193536129,0.43231184243493687
0.24233002639370804,0.5309931101500558
-1.2736556365962888,-0.10387674628707703
-0.9920883688927914,0.21833196618916206
-0.7359571301172089,1.879600419437679
1.3662605748758736,1.2162205185743609
-0.4192393878072671,0.36576704769917473
-0.8732702053089028,1.0364500358011357
-1.361615433611205,0.26916187988898427
-0.288594348045228,0.9524237845347072
0.5197729125825039,0.6049886785503791
0.130231282501041,0.8703572076574202
-0.03923009883648598,1.0651268019500677
0.6913477948489111,0.21773785958541197
-0.3589786188736601,0.40931861835936095
-1.488404231497671,0.37729138979574967
1.408150564970045,0.11947740581149946
-1.3935844405713025,1.3470336957616158
-1.1610121389239487,0.21966558095163108
-1.2106363382718446,0.7294295447517423
1.1952993661183307,1.1658732245887315
-1.3722222339198993,0.6898234243371193
-0.30543058882015495,0.7041861585473441
-1.3194624919874993,1.6907458733985445
0.6960911995062822,0.7750704943920372
-0.8240269257877472,0.4262221909488026
0.6680062163735974,0.3634187214710632
1.1500058587556135,1.2387362630987249
1.4690249699694817,1.23440553838103
1.1189477279422784,0.4624128643572331
-0.5183848171185577,0.11981267852114758
0.6763819739848138,-0.09441780567886755
-0.40062121956433594,0.9550061113160311
-0.8516082059153515,1.436035758534137
-0.14889224149380365,0.5248194703289581
0.5602166315550123,1.4503840209862269
0.16015441574235156,0.5559868296917325
-0.2696608409331356,0.9147616614401475
0.03634757444043646,1.9382832680700262
0.8118633507092987,1.832376201739011
1.3478929912231177,0.0896493383921042
0.5687387623561291,1.807940710867207
-0.15267886980289003,0.9807835190907634
1.2653112360584622,0.34187053750180013
-0.7608087751320187,0.7679586312645661
0.5263149378737308,-0.19709446147665283
-0.30206508925593467,0.8625338881056459
0.6226827586196793,1.2213199379715705
1.3082919078544397,1.1921899267643288
-0.9370013845246159,0.48437615874017387
1.1404772408810704,1.3548036760575226
-1.255161274673818,0.09145261717743258
-1.0032517838901107,1.0652323677470796
-0.17896526790574918,0.9681195301558219
-0.1155597958365191,0.9222210454791164
0.9498842447138727,1.4002320652322013
1.439972622166552,0.5211161578843271
0.18172567721882782,1.1965355611571626
-1.1511688954112143,1.471754308464915
-1.2799133195102659,0.7483130370429827
0.24346341450822573,1.1316975737849635
0.8360238013840999,0.5242648393587446
-0.41367243684555843,0.33966884406335923
-0.6519542949701655,0.7947859347478283
-0.21948714968320715,0.12996900384069493
1.259074313600899,0.7853637866133532
1.4104181551095998,0.8173229708087579
-0.3462776656987978,0.9763546225448325
1.48416241934763,0.8579629587108197
0.8524778090614422,0.5143250367294725
1.2954254417526623,1.2089365835282162
-0.06470596353910629,1.6918498055937452
0.5846144452494313,1.147074621385856
0.586223167002534,0.4802973124619378
-1.3831406790621215,0.5035496345392261
-1.3215084934050412,0.4386296104467568
-0.6709787294081079,0.34454441813657494
1.2645154602719177,1.0823414203425594
-0.8451826583642389,1.2737680979368482
-1.4564967141500642,1.9325081986825736
0.09975578576124278,0.5194933756218336
-0.9055686523233999,0.7485840406343085
-1.355155617208288,0.9450346653423434
-1.336574146064939,1.79593734382023
-1.3122924608417519,1.8255996321458448
-1.0087703819198572,1.392902901971609
-1.2587853881301267,1.4024090699022163
1.2274094190410278,0.6806599888620539
0.14887892290581695,1.3112894403356166
0.5192374845128143,1.7560196676775859
-1.295912083189201,0.40947420584521904
1.214200377865056,1.1073637599389137
-1.375391789197731,1.3983943063461766
0.6866283314866166,0.32436587103087694
-1.2553543778383858,0.22529880296458865
-0.8809300467068012,0.7745040612041314
-1.4303953213413825,-0.07413678205202898
1.314827314202987,1.9621797355191732
0.3935586100030961,1.1246522539670774
0.905345002986981,0.4159063672632424
-0.6590951764893807,0.9853386492339586
1.2429480636540093,1.470351158531104
-0.42873329740973265,1.090090451896597
-0.13336476941044162,1.6368062589751768
0.8550392679174044,1.4990567803917532
1.45942054778893,1.6708058772524852
1.2607395407863375,0.8478441894778352
0.8686833099305011,1.9014807796128028
-1.1067519573345022,0.10806571917559321
0.5341619011771837,1.614764444873843
-0.4827532122196887,1.0702489732390188
0.8500140846461042,0.4184007886322458
0.832853085965767,1.9065425349911942
-0.3477240185991364,0.17820459661649934
-1.3958877482477028,0.9926104370184001
-0.7037850988704412,1.0418385183227346
-1.001299428582241,1.340401540535828
-1.3049452367548815,0.2406947790648567
-0.07109350242155887,1.6442616426383225
0.5102772426876672,1.8559752480077194
1.0655180861468545,0.5173923728871612
0.9770553613743851,1.119133983807436
-0.7409050947715037,1.8668888985907868
0.8202047309765561,1.311442281308001
-0.061592753791695376,0.9460964093274069
1.0353820272062393,0.7011912729411154
-0.09373892426964403,1.5805672742218462
-1.458012962304125,0.5386498606862129
-0.47320207406751713,1.1060772887358956
1.1918191132725697,1.643017231682582
0.12257122271378362,1.6976263234701459
0.2822522439025943,1.2058083900149865
1.2473328221392652,1.6109506559745481
1.328942938570746,1.5026453085724747
-0.46573083862393805,1.2642289970134164
0.07083747153438313,1.8684929144330453
-1.070855962515867,1.2270369101111112
0.21541202958066075,1.235729578323768
-0.13491143126037297,1.558072767456173
-0.8765697278724461,0.2356078520737085
0.954875317570119,1.0623605854568565
-0.0986109066644909,0.681189596132078
0.781976049862402,1.3181459942233893
0.7908587369374431,1.22809602428756
0.14243978844935357,0.2574658195718305
0.5828576501694833,1.4116106875381689
0.9325249627086496,0.1241401495044363
-0.07294357865691703,-0.04096103167630316
0.3974223875502072,0.171226453436926
-1.4231795048441913,0.12718859282320194
-0.9962237131575518,-0.08963265111580271
-1.0608335122139325,1.6198637733306538
1.156649743948495,1.2097378876138352
1.3153395093809648,0.9172314097466139
0.885504029991119,0.6399579652350296
-0.26628648208864436,0.7594111789859457
0.9367701620127389,0.35531854944981206
0.5823003457102973,-0.10130146664107652
0.41249396192205,0.44317156131757357
-0.5343828826192296,1.3294635894970106
0.03338654905490168,1.815111048880863
-0.5336286084692754,1.078564934708837
-1.248456529075534,1.0760169872384442
1.0412399528201286,0.7573711272395804
0.8055343219762419,0.8066183867607319
-0.49119536664860197,-0.061848205707440485
0.7189743140887237,0.7368698677554988
-0.20112189986019624,0.6953389589685706
-0.9304107390520662,1.1257986621443183
-0.33356738391598895,0.918997071319033
-0.6358938487307921,0.6844402875303641
0.2807504571666799,1.8674937585215192
0.8063848227051076,1.7497830796846883
-0.43799964713467987,1.9284275512730196
0.8412420681011921,0.04352112890293533
0.26116208629099935,0.3565226781696161
-1.1778604748589694,0.8105980486234476
-0.14479538343342435,1.5176521322235246
1.4259466997906376,1.8964009117464935
0.09435543215064923,1.6983840202108873
-0.2430216062290611,1.139739205371306
1.201674986618877,1.7213518056677215
-0.2737637789223939,-0.18560495488803205
-0.29246887521678255,-0.14946106434222972
0.5280549438763233,0.4666972398780919
-1.4839471471448769,0.0718541290463624
0.05180877935917194,0.5208545344282822
-0.4703290531464299,1.57881511876473
1.2815538498944234,1.5882128301009848
-0.08899901399637455,0.025071167470951755
-0.412958824230486,1.4067360271286595
-0.9373437990818283,1.215770228354179
-0.89083083511896,0.021509671574678146
0.9312039950291102,0.6932615199853849
0.05411741225243105,0.030894087434959222
1.4292865712993432,0.9609121095171305
0.38630216598055767,1.4618525661428323
0.8993621924711706,1.9933953035401275
0.9162732319754578,1.3914299921025828
-0.950349602315721,0.35860102440688396
-0.8340505698178955,1.247444049910686
-1.144338091718547,0.33241782854537066
-1.0645453251581405,0.8541566477449827
-0.3207883695357092,0.9180612032831499
-0.7053678537910225,0.3097779027458459
-1.0782582562342733,1.7877784526920644
-1.0588353196919174,1.3580169860914966
1.0574622200987047,0.020378067987018578
0.7719700044945137,1.5906396331995019
-0.2835615360754222,0.4213952355171952
0.3599709039111971,0.5053824918170398
0.5388620093894949,1.867803427359992
0.40263427621008274,0.8464656636924279
0.7895236398499677,-0.11967724966244421
-1.170643802092446,0.6293869443042277
1.4405057271065922,1.221692733990339
0.25599174006235326,1.0348628478386142
1.4053921399286673,0.060419313590731494
-0.9139134622827735,0.3511479036224852
0.2813357100146636,0.5752914954434658
0.2095462352002413,0.6164677081009298
-0.6386481785473452,0.20909466067418575
1.4112775885858797,0.7681397672487342
0.20555672159571792,0.2472987413381042
1.4062301382541689,0.21795200748050797
0.9723089330474459,0.6492116644285615
-1.4122859461633739,1.4295435461798283
-0.025350838888917426,0.6312973934375163
0.5464618490952691,0.6764699004559993
0.7648352634455424,0.6545534288630761
-0.8565328559921191,0.9395437685342272
1.0446836447670451,0.6468254101607611
1.3164042398851965,1.922284290789104
0.008447568158500562,1.859602137347675
0.007760736481380537,1.8266995752121418
0.33976623828856756,1.327065336830364
0.6389152305613996,0.8086530973470383
0.4015353603768532,0.35437463169557243
1.3592163752358024,-0.18243657214252085
-0.07389601418813174,1.4427915902847128
-0.5274362227011624,0.5606253888377823
-1.185775429821145,0.1479216112615832
0.17505472571895786,1.8744539506670785
-0.6602555431966368,1.2814443519395635
0.44315576060328854,1.8030864753582445
-0.9796446373349528,-0.194172522414596
-1.0416592757494842,0.37902027191682147
0.08097752670736158,1.7419318085232907
-0.9094720779072356,0.063305795585678
-0.5417426114248289,0.8643822304013729
1.0550122775519402,1.611663817385405
-0.2842228835626861,0.4972060545557175
-0.8587199457550023,-0.116643833985123
0.06960459957217147,0.34417007139633177
-0.19300271144135728,1.5496834034262346
-0.13587822104816172,0.10701070301736815
0.09530798508186233,0.16157382055969632
-0.012065784585351125,1.7295147876184536
-0.9615688293317028,0.856963115392563
1.1847720332456788,0.4186467258865794
-0.9854527711407913,1.8180410503341429
1.0967365431360179,-0.17481697220873332
0.5759227227017432,1.394336839654442
0.35437356271502685,1.544741290158331
0.7166801699902741,1.9000080559883654
-0.3845931626139445,1.0406507215021872
0.18655237016602721,0.7258668549710954
0.02282948326353207,0.9741280663932708
0.7171086320397704,1.6764413199422485
1.2210887964902057,1.7425669625079199
1.2333278164404855,0.1411491003068031
-0.48481552260701744,1.622461691394414
0.26626272678546004,1.3454912039595428
1.0521661342446698,0.6336095188286868
0.9608959880474934,0.5627817970292681
-0.3353943619407298,0.5585533190045568
-0.9470174901733859,0.38388019930266465
0.0522608644241116,0.5294088214593324
1.2456345531083777,0.9412042548665216
-0.8883877354951382,1.0352506496479432
0.43934623668218853,1.9638379420847152
0.6782011596027577,0.13546085654032014
-0.1424535858009517,0.17780489680985817
1.249700603559102,1.8067877132420513
0.45656155862609715,0.1735352471499721
-1.394287643455565,1.0126160602208254
1.346111936212807,0.8990585902776456
0.1430922585418255,1.5956718274607546
-0.4633102762187553,1.1665645475057458
-0.9108355861835449,0.9062347071471921
-1.130207638011477,1.1858189412034954
1.4611108145089111,1.2234264192824296
-0.0748867683473966,1.1167485587894619
-0.24770896178547153,0.6515182296665791
-0.747506602197588,0.7269340042561374
0.4931979889140221,0.74210629965348
1.1309213521494534,0.03726079897915999
1.303466600283477,0.12141493504965412
-0.2229045359126327,1.2451451972072782
1.304994032248017,1.8248508725674129
-1.3201677520816077,-0.04168806002294606
0.1662057755632227,0.9873820872407524
-0.6147440327263467,0.17214830633343853
-0.6160292912389691,0.6858603343086307
0.6316513230657974,1.9626726276000024
-1.0084922669146978,0.7252414381838908
-0.06111151368694445,0.39701631321229397
0.289549359646732,1.0603878381504819
0.42411157900366536,0.30758736851839047
-1.2599440277411573,1.9453320320576026
0.672573675806504,0.5003070399841782
1.3087777565285306,0.4568742243193897
0.7009120049302315,0.8495238736167505
-0.08252627173460425,0.2701435915816054
-0.44227339856107317,1.9983475876877945
-0.5357001864785192,1.4785746803398325
-0.4628218230281582,0.5438973764574355
-1.025848125869192,1.250123767401833
0.9048135614917676,1.3857796024758011
-0.8910335949971614,1.7869588745483254
-0.9100550314295309,1.1659976053139016
-0.7220449689988361,0.8801149738053413
-1.4801658631216532,-0.1475031947150391
-1.3149813578807412,1.0866458236221574
-0.20470677052644448,1.7235430703368173
-0.19722290522251362,0.03742493078928211
-1.3088862932920122,0.2978005319806484
0.9604469969747269,-0.08509937513576657
0.7655524442714379,0.39492490064742297
-0.3904748915884937,1.5029870570847395
-1.0274604688760411,0.7626261257229043
-0.3945529858037773,1.7130770127998456
0.9270643480800698,0.07325414244467132
0.554586525023324,0.15990265782343244
-1.150830246923836,0.18551601472797735
1.049288774486823,0.8233462510705842
-0.8629011142134445,1.5136975815154825
0.3319069351641357,0.7938409493839411
0.8288507275727546,0.27927191649657246
-1.165038183917732,0.7245399378054282
-1.384833201009312,1.9845662240329307
-0.44745907325343226,-0.04056059570936091
0.24311129049338653,0.3217579946958106
1.1963337795757005,1.4436955931465683
-0.19361817230089273,-0.16153467474351213
1.0395573573062187,-0.11869498691662694
-0.10017452110191671,1.0392174517957269
0.2511370949296179,0.8179804998064464
0.9467688252527737,0.11778303011055691
-0.004996104858044026,0.28587099391716003
0.17568292107474415,1.18425235473198
1.0587897537420776,0.3964275086269358
1.422046130906744,1.9820002310923928
1.1127823103129102,-0.15966213743327196
0.17133394137266622,1.7536850498500143
0.9566774134797225,1.0393518360258218
-0.41403085054547617,1.958871153764573
0.26140599930716957,1.9981177578176494
0.7067406536601801,0.6255465312490276
0.007997240698851105,0.8263714150430381
-0.12258132293923762,1.9277301524401984
0.6296241776995668,0.7249843365113118
-0.44893850906572363,1.2102327215069584
1.2327316987975911,0.7497929651860964
0.15380410801301636,1.644691620307708
0.23402239921222678,1.7826417573046354
-1.3866381062286968,1.444349164474768
0.5467724560393532,-0.0715526744890646
0.5094005696067105,0.6129146896520183
0.9972052173371155,0.42850834282403855
0.7327524226424029,1.9993629296840696
0.24519745246626634,-0.023875612396724144
-0.9403550082722638,1.5991515076469658
1.2751165448469557,1.668490862586326
0.26069916191203757,1.7940448077709175
-0.26295539703660165,1.0853365878482757
0.7036969942964499,0.9446538544144012
-1.0205230800286649,1.9612265564739861
0.9226066268094297,1.1799369877169632
0.7051707485752621,-0.13830986369072124
0.6807914883768085,1.282014106250052
-1.0864672576296308,0.9381840628956915
-1.0297290103567418,1.878891987483294
-0.4621356233736469,0.4750834145914525
-1.2048631110213632,0.8661805356573677
-0.04143988574067303,1.716660083707013
-0.8368874538632317,0.47956924185059296
-0.42379769960992464,0.06216046686246873
-0.9692789294533142,1.6946540633929723
0.42184622148544415,1.7334550732415661
1.1640242466926085,0.49483704219840413
-0.4526625387166412,0.19684478829616042
1.3650287459059705,0.06407445004719559
-1.3740909821769416,0.5488804810240202
0.45819393480979365,1.4850001484672357
-0.005101675656292937,1.7055184855498995
1.0851862402129284,0.6588769778843939
0.5295712322324633,0.008856681397503119
-1.0524824278960778,0.17252843211180352
-0.3192392703116991,-0.16982128818372916
1.4025401324648223,-0.19614680492466127
-0.4171522326503845,0.33033154804060944
-0.6607036001955612,0.6905879623786524
0.8960085380472638,0.7566913729973921
0.5501100251110667,-0.1528444768073744
1.1106557345006665,-0.021836153881927695
-0.6738764227547686,0.45667709630412373
-0.40324805518710805,1.21693048604262
-1.0799327628869126,0.09644084405430692
-0.2031159828833662,0.5148624809150697
1.3116614087493335,1.0455534370836532
0.5378264962195884,1.7653119336997967
-0.016807171871688453,0.42308056997462856
0.3138587221255369,0.45848464309524734
-0.10262684398218691,-0.14546370686601903
0.666938174152822,1.2800554421912245
-0.1114177015522233,0.08323387541567134
0.4808824250789532,1.7598383824426231
-1.257883524946077,1.1587913416232833
0.7903606394663072,0.2844486061825055
-1.429406554924171,0.40718746870414385
-1.2809010139595438,-0.19517313308980566
-1.253492168964837,0.8622445496343116
0.6485353151951441,0.14957159837938927
-1.1131853861066339,1.627697111397766
-0.3499598892673017,0.6064625479726409
-1.0571059286540787,1.748562945693945
-1.2783259694408386,1.7301070098892
-1.201246828516536,0.8051075298468207
0.20929279041125248,1.0728746118024162
-0.717022570302259,-0.02768906702565782
-0.5003380882617818,1.318660696676117
-1.0964803812746986,1.3482643786668556
1.3925599835956377,0.022857645998235726
0.03134054473845094,1.215950675389617
-1.054280371121874,1.918336232899043
0.9187683139884686,0.5339434227837907
-0.3394355021495312,1.2192810031606807
-0.7396387578630523,1.1379579490460827
-0.5107322736163488,1.771470951882812
-1.3055263218167634,1.2554250132007048
-0.6339802852276286,-0.11225060794859842
1.1912995890916873,0.5000150833317238
1.0607506034204421,0.8136082136859841
1.1700546252369213,0.6331978719534292
0.7041830301698395,0.3027012494647608
-1.4657887793217963,0.4526808536170716
1.1768564697751351,1.3236862743876543
0.9942313179987865,0.5191574836934498
-1.2562020432506644,0.40202332376374733
-0.6610840351511049,-0.02083106118031927
0.512464077683358,1.0736742274820208
0.5382446860382006,0.0620013813507041
0.356742310363932,0.01965019930462908
-0.9678668797697552,0.9235448964984867
-0.13378192028211844,0.07701394031923181
0.006926521159315913,1.6776159288213701
0.6719316585382651,0.08903976115043499
-1.0004621279905535,-0.12714185889675825
-1.2134942815150005,0.8894733845376803
-0.745389709774178,1.1831086980148084
-1.4574494542615062,0.7700957861041049
0.6057696613406565,1.4614018794141612
0.19262534474762139,0.22092956603929287
-1.053393692727134,1.8513051328897252
-1.0672795891104543,0.9442787051339547
1.223284367338123,0.812353418881351
-0.7320037852711443,1.426341661554994
1.4454717609582497,1.125506858607011
-0.9521676680510125,0.7638008619599024
-1.000794156036107,0.24348711424841984
0.5933876657104826,0.743195235436197
-0.6065717659350988,0.27455104776067446
0.5946525071676705,1.0821149206325438
-0.5202462008743483,1.9069270269349345
-0.9265745907239682,0.2592528113412441
1.1657672149174685,1.6063177380338927
-0.5683701970771604,0.5654409499784276
-0.03642425927101001,0.8449299624616429
-0.5602997037594462,1.09212947079853
1.266218871432999,0.932335638921908
-0.5972837071709227,1.0131338369905791
0.5807396686996609,0.28013555355678144
1.3234215157407974,1.370552282500961
0.5735425028737979,-0.13201047543362204
-0.7201524032580062,-0.09422211728826657
-1.3358392724262282,1.2743364738734426
1.2289084763750178,1.7330745496625999
-0.20191737122947684,0.418163712270816
-1.2299919110709436,1.0800428105441178
0.12455067444042767,0.6571152656972568
0.8622703612496538,0.6732933105453609
-1.3900995923630615,1.7044611948911252
0.8737137393519543,1.571652163651087
0.8897863233862391,0.2666642559898209
-0.04683733958034031,1.061476923534391
-0.17937373694689107,1.3436815830121966
-0.5269747146489889,0.9211554382664817
1.0692762278761725,1.193029741879422
0.9310317153897425,-0.164479195530761
-0.15490502405346307,0.39317421614409903
0.9813107983026073,0.6900876189361342
0.07525643279887673,0.5082383580757186
-0.8611363249230498,1.5200050518352726
0.4577576767171059,1.863591231340289
-1.1828093802224555,0.7900011635683502
-0.5751284394630888,1.182289845664321
-0.685615586922232,0.20985630630003554
-0.6751530065378915,-0.04254134792556746
0.5655919790575439,0.4460766772630644
0.79995548996297,1.3045358756447045
1.2342515694725873,1.4876364050783892
-0.601621000726265,-0.14047875360716494
1.2822051948980366,0.3013487345951206
0.9495574141456231,0.845975198706713
0.038435779673728465,0.14489566572013807
1.426711152610134,-0.004931680388572168
1.3742950106753034,1.5762426235622031
-1.109998375992336,1.7773052313137678
1.0022940248706718,1.5656587211309116
0.1831774829496049,0.517519486798558
-0.007820569805959465,0.8415261056376651
1.189252349619541,0.08397310467264824
-0.4682395254564704,-0.1741195139196371
-0.24522693305336474,1.7080739945840508
-0.32066757131728796,1.5480374756430983
-0.4759464330917167,0.6075569647666328
0.3121453697224954,1.1552699802613766
-0.7767278003091828,1.2425576349522414
0.5121843378095567,0.4278587144097045
1.3794393033024064,1.3532563897694267
-1.4097939380450497,1.9444452847205749
0.1971419608022431,-0.19009298763707988
0.7658156767812159,1.1337168771998882
0.5730419259228019,0.7567826032932545
0.883478784453406,0.9102292031675197
0.31443790027144836,0.4434993052126542
0.9916688294341185,0.47329147628069373
-0.928057947092567,0.9398787900090066
-0.9270196566260862,1.6825872083208113
0.06441504883916016,-0.0028413304650352633
0.5461741536219664,1.9298105579098033
1.3089108255702988,-0.19379172084390936
0.05509565519031523,1.769600593978992
0.592323310881465,1.4024827951873788
-0.09248705004725388,1.130351380354316
0.36470088386411437,0.7137250984916432
0.21018547969266232,1.2852012885107182
0.11971914319031596,1.8079039358411626
-0.23908340744039913,0.6865772724982957
-0.311780084233487,-0.0290426031697128
1.0936024377411275,1.6895383136441153
0.5350223720065639,1.2165403139342321
0.847537667379699,0.03912903770638557
0.43994106669066646,0.4718660359343176
1.0068914931746793,0.9470941246082576
0.577550680065098,0.6880582198784666
-0.268871071471644,1.232833373951675
-0.3116620871962148,0.8828221559916096
0.14651135124252646,0.8831992011567109
-0.10739873349551132,0.213488058871026
0.44293536271508893,0.6674780644672968
-1.3121908910709752,1.6045315999785592
0.18216114537757733,0.048020351315196164
0.2356717798608019,0.17288739062139957
0.9372846768379377,0.961445942190081
-0.5154350106920065,0.7606893848475096
-0.8012196384560625,0.3691070633649292
0.1977927194896698,1.038882045017935
-1.126006003156782,1.0548231999930486
-0.14171191182333098,1.0499609767432936
-1.2922821059417113,-0.16408364662593816
0.8850414742095447,-0.19186659830248048
-0.9344179654672108,-0.12042912092402362
0.9810484073967869,0.705503342268857
-0.6805653523530519,0.9814992918102543
0.43070204656134736,1.3446265325485822
1.1252679230546496,0.11588999260862232
0.14860672212054338,1.2351668541705787
-1.3425793401385655,-0.10612693979522064
0.6917528930073873,0.7867290918894394
0.07392914433805808,0.8313061363932461
0.366181973772687,0.566500529288053
-0.656666052348496,0.7666647965279552
0.2515037699585163,1.2422863463423868
0.8783367349903353,0.6032498743297059
-0.09236855709524283,0.21138180777850335
-0.005962176998843827,-0.030540268581625507
1.28796728689102,1.626265800627918
0.1735478300184785,0.8839516803185428
-1.182060107881194,-0.09209109232365385
0.8264044342260335,1.3873390651265836
0.19377518978636132,0.6477845907328768
1.4274679567031265,1.0743912849994575
0.8975278571147189,1.4453222391859453
0.46148592296777835,1.5073569078113156
0.6829791949363608,1.6678999530207634
0.9279177719763161,1.688525243536825
0.3593444155007326,0.0932857214688424
-1.1825534302299556,0.3293760506056979
-1.0675550717924316,1.939704640709844
-1.3430134515724168,1.6148859647225073
1.2092070675222546,0.8931778136399962
0.8612306853057672,0.6266267481609327
0.3491663080241003,0.7289158078845455
1.4010540983733533,0.974950000765038
0.3602754043381635,1.9513492662661063
-0.12070737267976028,0.7728810444643932
-0.6241902836159139,1.035329064717419
-1.2032983281337892,0.2436954354353622
1.3191915535691292,1.2967773663259863
1.3006519565817158,0.2689683720912167
1.2757972463354998,0.4077112179713525
1.209713759124841,1.1476499292144622
-0.9807355742756457,1.0307727869167922
1.2426781810965104,1.122957103206153
-0.6435010952020371,0.19219789058725578
-1.4705335738018905,-0.03736336060516088
0.7019968769242375,0.6974965348287929
-0.2278311954517951,1.043956498097216
-0.17823749401201927,0.31796328864876594
-0.3326840754060483,1.4840182151023849
0.10159879307470199,1.0581737798268382
-0.1809172185176866,0.9884550540616757
-1.4678926505539616,1.790778758825904
-1.3565702039059029,1.8318817287932505
0.8107315923844034,1.4236708089968237
-1.0468077176131683,0.6026636226198105
-0.6439882626564466,1.3368773362141355
-1.2431982769864756,0.42035514599617124
-0.765603101539406,1.7806722573897373
-1.1626287383102594,-0.17984769633816383
1.23531729860446,0.9787543169761059
1.0517206295419856,1.4195534739246356
1.1221439012253405,0.06631931827157317
0.8709362891376888,0.5818995074303754
0.6920048535234553,0.9750288979893476
0.15214051974836384,1.9850559203403624
-1.2884118992647164,0.22521638019446844
-0.8712585683377974,0.4105200966561216
0.3334478863620196,0.6127040971924262
1.0383838356362434,0.7063532472930463
1.328284572053981,1.7762670784526953
-0.5460058748284331,1.1319427915501195
-0.3701936339091225,0.03317708767189678
1.3142184021435157,0.6145396571134503
1.4130468705216757,0.9689685673886359
1.1930821211859017,0.42543201944886716
0.8680872169893501,0.5144890410517726
0.2843340964106462,0.006835171678039154
1.4501919354948756,0.6791575442654891
0.8559234959479065,0.07442137557459877
-1.2349876051195763,0.8146072161031432
0.22782950467853702,1.2389374616333337
1.4879312850715438,1.706171667497712
0.15659964285988126,0.5848991891858608
1.4899031873927138,-0.030700108934311632
-0.23434369216215134,0.314139710015415
-0.18158113179422108,1.05453920695269
-1.1026603636695342,0.9901711641821385
0.678415890857095,0.5671402366367906
1.4296245399281218,0.200503919601344
-0.9244867899370779,-0.09063352759585737
1.1667162001965914,0.27079097262653445
0.5105385018591257,0.5730545319059188
-0.6038317061357108,0.6766899761710305
0.9318292095159029,0.5420554778197213
-0.40698076404388495,0.9965193732373245
0.06195883094251764,1.2774227850989193
1.205475332018783,0.753370738737767
1.4602736337509619,0.03325933903743147
0.7938222579242087,-0.09413466292833518
1.0818789848905492,0.19655270114215018
-0.6143700647394843,0.9887730110393673
-0.8969790857355946,1.7613433571022676
1.3766549219293172,0.27056966172200003
1.1304777432939401,0.592069115384448
-1.0606806266638746,1.6194052273583965
-1.3372636209143316,1.3865634620292377
-0.05806948975524673,-0.0035462505855511917
1.3933262207296289,0.9042014653548911
1.2890987009794448,1.4038340331613208
-0.05274057866822979,-0.17780334268855516
-0.6965540491479365,1.7250520200415387
0.5581526860627322,1.852106052933552
0.0755135698752456,0.3841852995163963
-0.8520738911998126,1.2072684217513519
0.4002207484706548,0.5454195477043686
-1.165420822214915,1.1268296939871334
1.1753982617940588,0.6966662131144581
-0.46189739218888826,0.24760358026253387
0.48806615851556057,1.8913681285890644
1.4438858782397759,0.1155803527553183
-1.1659687392994629,1.272320088509686
1.4219053121091836,1.1925948077929291
0.773433305014176,-0.15708442505486225
0.9835554033819287,1.3413154591222345
-0.063474261348067,0.035550495432634166
0.18114525432694983,-0.13843716958440386
0.12504622336790017,-0.08919278502012745
1.0856158139352918,1.8796959865368608
0.5542514055877832,0.2020659175516577
-0.16084375006713425,0.8069673040255134
1.3316835533382623,0.6737873031010477
0.3961135583172797,0.17692549126583773
-1.0457403469724458,0.7670297359136766
0.25789597797400754,1.8261365186440484
0.13152957159867662,1.4004233001646682
1.430901571727797,1.1782962840122444
-1.2983844947962626,1.0313266692662495
1.3847187385445068,0.5587972876819851
-1.4537206044585786,0.519272809243079
0.47410175582604164,1.8070386467883812
-0.48144259420309643,1.016104976512408
0.9231131358066365,1.4129890975871653
1.4002123906751307,1.5992600286117575
1.2650570690718093,0.2106601560230803
1.2579656121735785,0.6832532306237202
0.2880111428055474,0.6555149935994977
-1.361888016497844,0.014143849251290253
-0.31214123347264966,0.5282758206978837
0.36547692691685185,1.2718838193463053
1.2082320016141996,1.8469665419702241
0.42827941322387963,0.7913044079032312
0.9881520904862451,0.6114465251105314
-0.5552781521677252,1.8629343370793146
0.08893678944088146,0.41660454648473794
-0.08116852197164537,0.1626150753812986
-0.7970206359396508,0.8021605251244801
0.9009663229602181,-0.11795597435110061
-1.3153528733501754,1.6514624087332184
-0.07707638116830084,0.2963677665711558
-1.1091322634542076,1.1296264858516136
0.6247634339233503,0.6318281601032028
-0.40083290195523635,1.2243750460789207
0.8578976137460477,0.42333780512481894
0.5578053879818929,0.7620070698729295
-0.20273574282009177,1.8024199222563067
-0.7091454416613261,0.7424333672911125
-0.3433768737895475,-0.041456408139918605
-1.4617829339479866,-0.13889883192662036
1.251429310898415,-0.008601803617246967
-0.10661233633728529,0.9957381943366066
0.9862610980240483,0.4807901625582223
0.7891135269486256,0.33010447388825653
0.07023987698168299,1.9330312685726339
1.3692172342697266,0.16852707363486868
0.547073673665202,1.6219595238075886
-0.5429029884056701,1.2060738325152918
-0.8058557584731973,0.4749069700552991
-1.2021438757549945,0.46269264778679847
0.5739856794405065,1.7460784081608502
0.399738937564154,1.8953318673409754
0.28261589140117716,0.3673407250160912
-0.08169129893396687,1.5539833652475996
0.7015125067922598,0.9197699878529542
0.7451419712792244,0.6092083038957739
-0.6001626160997569,0.5200247150290638
0.8467834701755974,0.650270411277027
-0.853308807000371,0.38951195615505346
0.13736636687651238,1.1210868366462394
1.4430355194329225,0.8584447174202792
0.2690992263374363,1.6729389350987869
-0.11642810370226186,1.3677617688379833
-0.7448638687176461,1.2415243446658188
1.2358160533628393,-0.08480172593199183
1.412625159309191,1.0290301604175864
-0.44344011516704285,0.8142721105231308
1.0357589739313857,0.3486409276686732
0.38682350572416313,1.2355450278759512
-0.1699766398385001,1.912983474489436
-0.5663543152434394,0.7858176338152998
-0.13068502428835038,1.3337498677196975
-0.15185806984459727,1.5413044928729813
1.2868788558512558,1.8670462421812626
-0.06215070253192212,0.9167204914907263
-0.4808568154068089,1.0634446060678915
-0.5128697261628381,0.10774757173360744
-0.41211473442450375,0.7890135016455626
-1.3680331166892599,-0.11608254855607815
1.0794267973046692,-0.03573506283011327
-1.1961152416844287,0.6065320544355219
-1.4589425397564029,0.44735548855980617
0.4000365968616455,1.9339478407581006
-1.2210532254096114,0.40475510944626475
0.8333790134152936,0.4513082121595104
0.4986473937669498,-0.026447886929700654
0.2991898142914664,0.6660492234305069
-0.2676105672716913,0.22624208609179897
-1.44577560247984,0.9993068440995314
0.48109520309674836,1.0767333804899824
0.9882244489911205,0.5426662001963423
1.0830180478593037,0.5329950520507449
0.8546787915353331,0.47843760578277467
-0.44724447500985454,-0.15768906237395822
0.26190874975402156,1.6221038379917065
1.2613762106204889,0.3825836651856908
0.6048125614445374,0.1707458359173888
1.2058330081242499,0.1467583315281128
1.3712462865878,0.2853419229949556
-1.4924998676947459,1.1741936691633799
1.2185412332881258,0.48482822393431707
-1.3286878243216802,1.272048302379299
-0.019424603655469275,1.9590911937642048
-0.6835510211258605,0.8791246957913397
0.7598511539058035,1.0273397818620165
-0.18135370291369823,0.5274668478746143
-1.3480297557804044,-0.06289560333698613
1.202683977758717,1.6474014143564586
-0.746726468780536,0.07569354976893827
1.4315394300580393,0.2642583134375234
-1.4275775638196964,1.622615163136444
0.8771197391248742,-0.1531526410495786
0.20869398593792599,1.225775883673548
-0.5502407737511856,0.2231175304130304
-0.6894637544973039,0.2065109052295025
0.5416978555644736,1.1702782163048833
-0.9841541138232869,1.2434937998208553
-0.7117765566143515,-0.17656597045353986
1.2355818179356088,0.6823615270333756
-0.941012982784105,1.7792701497095134
0.22894512558194213,0.36593104425970463
0.9562098167164415,1.9631480661492071
0.3651214331806045,1.3249472489749043
0.030171909463974078,0.5220635368109303
1.0444185279237117,-0.05907881271745932
-0.5361786453343549,0.7886260902220885
-0.12474043029412663,0.2922985174629229
0.21839827869290906,1.5135757186593548
0.04680647921652126,1.085776835653943
0.46605329261044215,0.4569380672647962
-0.6352055062196971,0.9772651005368762
0.030983457056165786,-0.1041849612261108
0.45546761043076245,0.5737475287547296
-1.4658601822127362,1.9889961479288096
0.11315356367812068,1.4340712108439744
1.1224366792519453,1.693051058289439
0.8484474633714445,0.6283613346252042
1.4049139900115413,0.03837544458824804
0.38460703049617173,0.2843276118135457
-1.2244864266272588,0.7033916919632393
-1.345646931436716,1.928816188357987
-0.8310669921194105,0.8755002801272107
1.0011894020264722,1.1452914224287962
-0.8819101239359902,0.7945531693582006
0.961718449249088,1.5448874325378426
-0.7749644835488162,1.5542884296441044
-0.10529720371011386,1.0424592179102727
1.1029795744992468,1.6651426117595924
-1.1258334656051383,0.7261642007207598
0.49742008564185713,0.5277620695974299
-1.2390367229340247,0.6376097387059396
-1.4170397975974702,1.8414809479120737
0.8321461275961033,0.05394082540212208
-1.4628499838162896,0.6602252340048964
1.119163807615697,0.9066803290181393
1.1574234626678859,1.5602776533089435
-0.992862254365035,1.0644714109174747
0.8179613594634016,-0.11251516807311432
0.37531614485242426,1.998844371274288
0.508677196115221,0.5913887907365769
0.5023906974982122,-0.1504750543972164
0.8393270782079556,1.4997131041348242
-1.2754886253336757,0.21436818423929832
0.6831200825760328,1.1575269108883028
-0.9714406770773876,0.8381074559818058
-0.1462179635429881,1.5803317110009585
0.5396176498526732,0.9093389310695619
-0.9092724137596698,-0.060173220676955685
-1.4281954708481812,0.5499296423108324
-1.4993403981135138,1.9141406724613212
-1.1623739408380516,0.9335939455566591
-1.1523202207050187,1.2330096741970766
-0.9531636091982134,-0.08271638822904856
-0.7830798486343914,0.9121056269000112
0.1675522962564826,1.1804513657073554
-1.1695174032399498,0.11389964515415052
1.4193498950238461,0.026793606760752597
-0.9224620583254486,1.9658898982493407
1.3904101176205415,1.656549224921547
-0.7724055796637762,-0.13213271078081848
0.8586181981281458,1.0198194402325622
0.5111877752719498,0.9455924350060974
1.2151261498050974,0.6760779642328463
-1.017727841571622,1.756737600144502
1.371548680288155,0.220200104157937
-0.6561520940924606,1.324637443861915
-0.6225637314506889,1.9377878482433897
0.2364416242748919,0.20526713900063387
1.0747572844659263,1.8756056611459149
-1.0670501373390393,0.32985251237095076
0.8617136169505537,0.29538806523333416
1.4977661528957391,0.7311787212446255
-0.3460995964677265,-0.18728322632160424
1.1518782744219829,1.7021532789470206
-0.5197639337031267,0.3040428703249885
0.294530241766813,1.3564032212659485
1.0933498751330415,0.6695718751703927
0.34359465193129557,0.5444472816414496
-1.3792558201170515,0.7659894700828953
-1.2172887592466362,1.6242773454106798
-1.112405999114008,1.5260194740312252
0.15765218892245692,1.0419615440736565
-0.026122415979592528,1.350250675428121
0.4620643556306483,1.6338029281964679
-1.402124953856434,1.9220399178483405
0.2325239736954341,-0.04975701595680829
-0.4692273493217409,-0.010256266899079991
-0.8737412471547107,0.16813953714395774
-1.3287687168404219,1.827910273775985
0.8790752671296689,1.798415811655845
0.533781812479452,-0.0688009555367175
-0.23042499814599893,0.5636835514792582
1.2654361453876186,1.0712003378233839
0.4184973414402329,1.4472412629406497
0.9117259988364683,0.04516828035167619
-0.3483870978211958,1.34941720017876
1.0494945157411935,1.171970324134363
-1.0307737754294752,1.3222007423516229
0.19399821595016542,1.585607147075069
-1.1766304557557576,0.197739218238964
-1.16282144057004,1.9599760282658607
-0.09184572972786809,0.04101388823633251
0.7801700782905616,0.9463485503558824
0.48043868080429464,1.526779386004096
0.0043859551985039325,0.5747345443066969
0.4467590086841384,0.5900857880455537
-0.2429549285412056,1.7719972143882419
1.0037577283416605,0.8420517675779349
-0.6977889178901775,1.9187728479293071
1.042447573391108,0.7550322457992451
-1.299284976925443,0.7145071678920256
-0.44513083585846536,1.4818054566490793
0.9142523352851986,1.4868502886077795
0.8148094885316643,0.6786393745548651
0.6123680808794241,1.463198751696161
-0.9583885830320726,0.35183641084512624
-0.6236261118628352,0.5493362882801827
0.8889738494683033,0.8760789283231154
0.4442238637451037,1.8292815752639824
0.9463594773567228,1.0011081609774988
0.7510494367280169,0.9278533075797344
1.417921908728632,0.8719830825902475
-0.3294719834546833,1.3107558411216051
0.6147216514560085,1.9602908260091885
-0.14338864420318354,1.8553685422248345
-1.01921621366054,1.1635782806501431
-1.400889875100907,1.910512246178601
0.004676176850531011,0.3182304596338153
-1.3656249911114635,0.13770731634538497
0.9221316123099474,1.4375712612460008
-1.3392343830815538,1.4384176702050622
-0.9172172626350743,1.7199911143877
0.7342414864036533,0.4414915145506593
-0.21270322215257842,0.46149326128989393
-0.8075173039484462,1.648697726891928
-1.147902400510698,1.591342096484329
-1.4199720039871375,0.5856463024869976
0.7686104378562275,0.64331435319478
-0.7464266660161776,0.666703833912264
0.544202848295475,1.1355695353375515
0.5355988584989473,0.516553516034086
-0.30683196101647914,0.707806050765754
-0.8371520115476687,1.522835660840286
0.8473815799898676,0.6399817208200256
0.1828706841212977,1.3638135600947732
1.1109252858302199,1.7818588585601018
-0.18969296395450042,1.3716687829216752
0.37565722201094864,-0.00785684218255256
-0.9120789136943477,1.4168069694363048
1.0404239091708671,1.9973848234625076
0.483119544630493,0.919365152046423
-0.5477624416893605,1.247357062710912
0.4782056682072122,1.447019262598013
0.7866239892289326,1.283952724884337
-0.2023942700026069,1.3280481320760358
1.4693918909929247,0.19175911802446277
-0.4052057460968621,0.9906701147204884
-1.1913007039791346,-0.1501057542302331
-0.07610192031462049,0.7872976002770495
-1.4226425108562162,1.301261974058391
0.7957086363009527,1.0279091308402541
-0.5681575840716448,1.3474107357132061
-0.9699410155855007,1.6341841858804882
1.0863035442225444,0.987920714301064
-0.5714596048842722,1.7606922399964327
1.2933265244115724,0.3092066380551522
0.6251696095485526,0.9419939616345998
0.6015710404738623,0.22243006699531043
-0.08593710502228125,1.326126894404368
0.16797998818789206,0.8406883079229865
-0.02067558730506458,-0.16774790837301531
0.5767048140554403,0.4057607582908295
0.6162330726466645,0.9827568747254389
0.40704019543194914,0.19189094051831684
-0.8480542509557429,1.9577753451360016
1.3177230218578426,1.9324212995282648
0.9250325303747751,-0.02326648018256483
-1.1703817467184559,0.8439059396739326
-0.9516687978753924,0.7761595024452193
-1.1452275542272574,0.15331987808373676
0.17893701327799483,1.840581777109498
0.31023919099403763,0.6512810760875367
-0.8148282388146458,-0.1397038989830474
1.078030393562722,0.7934602631377663
-0.4364696575849465,-0.05658660096392076
-1.464929244851704,0.2603422979993639
0.4978125347316582,1.195347588983174
0.19082130238586625,0.5228621794163604
0.5148029294772374,1.497735743146422
-0.37173556019839804,1.4679991512126742
-0.7221238727181163,0.6499835920693857
0.9507403883472865,0.47015943294808643
0.24577657294318578,0.3532983699315743
0.6966402881919729,1.21803277019977
-0.9956194913263572,1.8935800778894183
-1.0074532563081655,0.8002266131335316
0.4677221457123162,1.587662129301382
0.9513854916455995,1.6200692287713556
-1.2034081893526887,1.297454720592008
-0.7510357687527627,-0.11173798863316728
-0.19243178541652073,-0.0018869741103215987
0.03983330475306901,0.24264256408562257
0.8175322937538088,0.024927944051133744
-0.3212881680214381,0.16504886049131556
-0.6077877316897558,0.15856446210931735
1.144132362777929,1.0047452598579998
0.9727740376825125,-0.004721654694902544
-0.34042630060691526,1.9307813283547632
-0.20500322147993022,0.8244524706707386
-0.23802251512748995,1.3142322071078252
0.5270311338211591,0.09292174333804742
0.19536545185431642,0.5091878093774256
-0.9787150058398758,1.6579768864462237
-0.7197471761591641,0.2451962349286283
0.647937559129141,1.3101566378284482
-1.4463337092044748,1.2567414789796876
-1.1209788546171278,1.854396591402567
-0.9377173653829278,0.2023925701133769
-0.42590396352217574,0.984403178280322
-1.0122695171647544,1.4365675518711953
-1.293083276285013,1.596269893288454
-0.6448107674333226,1.1425054328093645
-0.41810761020726384,1.53595000338554
-0.699452565711185,1.805692310254644
0.6685491069844396,1.7913277819872298
0.8675096109483245,-0.15077708291517294
0.6219061276608056,1.1841218328275585
0.8881313770105268,0.7587582853001189
0.6683454477655095,0.12552154316839959
1.3134102057772443,1.4543614468184571
1.2230090130866023,0.8102421654613674
1.330955667407299,1.2752499502893966
0.5935096923238539,0.5078508134974065
1.3167127652725075,1.0913816970894419
0.47046283562384494,0.17547860099673812
1.451457999200703,-0.011426498474928243
-0.259454766857407,0.33418932694624454
0.44498456174796486,1.0559486710877228
0.48838442922195036,1.9911250316463687
-0.4801485209575833,0.49513342340183736
0.012377337919822207,0.44422106243489107
-0.7391915773503341,0.9260918739200903
0.5259642817017571,1.3695369360064373
-0.4655966248551726,1.9613298046447338
1.2755149276407893,0.6511766400721919
0.9387095501536562,1.9659624648103542
-0.48684378198838063,1.817225486286026
0.23767927167300185,0.7748746756169116
1.075221162544568,0.31503889551797576
-0.27401376802375177,1.541733188464801
0.8831883955219513,1.011661739559805
0.7785495061410304,-0.056526474469855426
-0.11292131687436902,0.7193136454424234
-0.9436519804333294,1.376776840494489
-0.7444909488359033,1.3958492427209952
-0.7867086701830975,1.265517806298658
0.3586385212706138,0.8958572605155806
-0.14067965152915218,0.5132178981192814
-0.30126732227710384,1.5429737254796594
1.4312110805755647,0.7877101760911094
-0.7836122163685846,1.4931054770805643
1.2684484915566188,1.5309374320074955
1.4139527774664016,0.061512567359603365
0.8819072329890334,1.973137835653812
0.7118960209855549,1.2079218365061422
0.1380493929281119,0.7523976097978016
-1.2333184756668392,1.581993200225963
-0.2601476401860392,1.9947714162420895
0.6530385351701931,0.5006492217176333
-1.4978666828093674,0.02970751121147311
-0.7289010867658261,0.48328391696829404
0.7255856552431048,0.276028040970645
1.3599984463254469,1.5103284151680805
0.1436573598833948,0.4910424497167604
1.298261152227845,0.18262509871201116
-0.3267154912825625,0.956020672138856
0.27899556571569084,0.8254819333590844
-1.2042238352910695,1.0299455771259742
-1.1873345246041918,1.7672952273747449
0.5683079131138884,1.3022273154594548
0.373304630602469,0.1951989192890185
0.8194951036079878,0.7479738035451031
0.5629674522450552,1.8682099988766503
-0.6529406602185371,1.5598979026251196
0.34434638353882097,0.6635474624413189
1.2564887371974267,1.6749369013010458
-0.33657777257403665,-0.13450318116490625
1.3673213903335606,-0.08850035587942154
-1.2733633319363344,0.5860148214198064
-1.2542606686735205,1.4483930518504937
0.7552527206969293,0.4537235076317154
0.5360077060357695,1.4183775476833647
1.32489237811913,0.3887726215737913
0.4675182238590625,0.8580987598957031
-0.004634675128962762,1.9822423623964445
0.8491868894276831,0.6999238028481554
-1.0653491013357668,0.38043048129960927
0.8009769225752295,1.1532220873246064
-0.2658431212731507,0.09713574475285397
-1.2195713341898695,0.41681605521228354
0.8918032640252087,0.044481965939408064
0.434346975218054,1.0557019515607209
-0.058530361827080934,1.057667078800283
0.21181762747699162,1.37269637602381
0.7899667985087859,0.99867842513364
0.40216512009470673,0.45233872639231926
-0.4974080458360721,0.741629724970174
0.8749544374645195,1.90884275201926
1.0686279495147124,1.58896523094261
-0.8381933092065259,1.0894340015701578
-1.133780376963665,1.582805067401639
0.003956349736194742,0.7151569657819019
0.25448041453077863,0.011611586747658137
1.1183383183419764,0.8809698887218906
0.23917623548195532,1.6799573256984186
0.20051732331832595,1.7557401352117432
-0.24882461335924289,1.6008658328613514
0.11601689477248778,0.5551888907154463
-0.21647965431330984,1.8855543291245194
1.3322872291442445,0.7757676599766041
-1.4742065419201817,0.25870642734007104
1.1737949143469262,1.43811855209809
-0.8411653755934243,-0.1493119569973341
0.6654547823115475,1.92598429456256
0.9817937454350956,-0.13656414167747055
-0.1486218002624673,-0.1847223658915646
1.1795166531365653,0.14774681801051925
-0.10922465722896657,1.3195880981629222
-0.9163046552480922,0.4813455001880052
-0.9057779276472356,1.9424754884103412
-0.33399165966016153,1.8500273364175188
1.3296574902241138,0.3589128576392861
-0.6499100782672218,0.6125161547098059
-1.2708574365132193,0.9509081174055933
0.9222799126619181,0.46434076068549673
0.2506032901979658,1.6121982502480812
-0.18933522498884514,-0.12483125964655462
-0.43602189181438034,0.38348928937264687
0.6439297484601263,0.10152109647590984
-0.36489563173460127,1.1215391064992106
1.338293933972711,1.2094871018303381
0.8582649928182491,1.2717736909486541
0.85961917811278,1.7470867998288917
0.06238656836716894,0.464489334244604
-0.024043745578210096,1.2301370103383424
1.2510030948421003,1.2914851588200917
0.6572897435959915,0.18426351519563056
-1.2791012694476511,1.7003105884653806
0.7197106652289125,1.9090464353864645
-0.9324063261920228,0.9632410754437855
1.071697143112694,0.9210196819410486
0.45932154874806796,0.9532615749231577
1.2749583119780543,0.16122241140318427
1.4786063073007707,0.19872621081430114
-0.5545804785942946,0.8093002385180605
-0.9146853301640331,-0.18202761297767744
0.16295874016916967,0.9952969643602716
-0.8709295305056782,0.4700688383593203
-0.06966455745238509,-0.11088232328969046
-1.3582053314771816,0.15907597630665393
0.6787565945993466,1.3946794118102774
0.4116289735927219,1.2983230016904175
0.3270765444248305,1.0367466369496061
-0.37413056092097285,1.071588319145211
-0.8529624720530935,0.6200011010320301
-0.23711209491603036,1.5295400963320949
-1.3212305629195553,0.8866629317280466
-0.6890410344631206,0.933082569686319
-0.19199538422454765,1.8690964048938674
0.2957952990518251,1.113069998767315
-0.7362799224176632,1.786228967710823
-0.6506379630460659,0.9776374641000678
-1.4399752014608238,0.19071341695368266
0.7803934788216615,0.1719354098314234
-0.5834002317638429,1.0550785200092458
-0.5423811240958316,1.1761137701652353
-0.19695582024425295,1.2384678914025058
-1.1995904424563442,-0.11938761516912046
0.9484369360299518,1.9662103779472455
1.3737424109483465,0.20510556530849222
0.40764124969356086,1.5776189393511169
0.9401352118144248,1.536203664427146
0.8181008826512808,0.9846530483272204
-0.7026300280075979,1.6828563584136091
0.7062518418768975,1.0601466348416304
-1.4608470312525654,-0.09727507051490053
0.3838713926646331,1.6727843287716708
-1.36744113882544,1.3976551753748456
-0.7990904660938357,0.38193452761387287
0.8163282166412458,0.8698753592271826
-0.7478244343849108,1.0515124713706485
-0.7097486797856566,-0.13345444024052605
1.184318503823452,1.4886351297618015
-0.4464903670592322,-0.12838256488880068
-0.8447344005414363,0.9731533291847949
-0.2358803575734274,0.22700077132357066
-0.18595672682613884,0.8640481789065093
1.3966674232363876,1.0331519812545489
-0.47455491794875937,0.06850754812024556
0.7879102896498571,1.4974673855258815
1.4946194796163303,0.7397150573210265
-0.9587158814671486,0.6474148731280425
-0.3574910762857073,-0.11120116895212878
-1.3903350188925536,0.9660699243528847
-1.2269388982629625,0.8805631396475664
-0.6593619710556704,1.8776318221330783
-1.4296688694699788,-0.16175327840567366
0.28611322506828163,-0.08447699052326739
-0.3084034670328224,0.16719856553849805
1.3820014793898254,1.8374869250076273
1.2548724845116697,1.057158920278286
-0.8423728383839296,1.3062178555764121
0.3190913635505148,0.7546254129235788
-0.6629138176273115,1.8076941076365973
-0.5047997104610629,0.5742537757138615
-0.7124255763502079,0.1880104124896692
-0.5788203833944922,1.6645087916275625
1.2022279629237667,1.6698881289050385
-0.5942960549076607,-0.015690502679017115
1.4680806189269826,0.11311282561644898
-0.0251139301743859,1.0564273258585235
1.0627037098977592,0.44541111910588543
-1.0465192955901164,1.6449002631567167
-1.3211771160774965,0.8088916930349961
0.31963628888277684,0.21109169307258419
1.3790597329160903,-0.018124458295797452
1.2769099292952286,1.1395731246719556
-0.3449897968600055,1.8534999989640466
0.38847461956610196,-0.03937103778063786
-0.9828985713655645,0.20478514902132433
-0.17409183385028748,0.9051020447512723
-0.8206997494356504,1.6871075168878529
0.13748424705702877,0.13820427935480767
-1.4381228584090522,0.9152810555331141
-0.8918456836956362,1.5059589003120497
0.9095623802370767,1.091001743682694
-0.08739713043151331,1.6751248923619968
0.06369746048817237,1.121906099245372
1.4102514949024534,1.2868271092206536
-0.9881547070059239,1.6557355891102745
-1.32948795145256,1.9671699704006589
1.4540051370098093,1.4282739819101935
-0.904923256178912,1.3048588505679373
1.466007165002222,0.732798609985762
0.42461895298060304,1.7611677984018768
-0.9445882664048341,1.2904409991601309
0.4866566787149065,-0.10660724270454268
-1.3874287163726955,1.9747855594378374
-1.3330248212444407,1.4685504820937392
-0.21737249320680352,0.2713476435506525
0.41110543184222403,1.1441810934251992
-0.7952730783268067,-0.09931371805013813
-0.25566740788907616,1.8000702048013115
-0.030669366566127954,0.7387409306828958
-0.011826147762469041,0.5320947426300942
1.435781380478212,1.1235108030809802
1.342471457831658,0.6001388927776614
0.9017018730061781,0.8075317000319779
-1.4866290275236316,1.2449087569568873
-1.2207188223473833,0.28244434424385045
0.01884535608740845,0.863190350304089
0.4550556023849355,1.356859674078805
-1.2098766660460087,1.8448424473379037
0.3995494802048962,1.59945374922434
0.971252735688612,0.16804960411652192
0.87636365780065,0.6162626245461922
-0.5114931895085222,0.8802135725436964
-0.2845752744880876,1.8856690753154124
1.1278771479528036,1.3358445372189638
-1.3450658426475597,0.9536083787082066
-0.8097028474475729,1.0540909810517052
-1.2505576301671546,0.8976213870208705
-1.308056101387892,0.018280611721073564
0.8027954149169232,1.2261307910569064
0.20418094427962652,1.803687065485305
0.5611700112098501,0.022150809873036192
-0.6720550276959301,0.06646287648551974
-1.408568327490069,1.0318378661612109
0.4107865918366671,1.4979526519085449
0.3948356782739437,-0.18653365812862055
-1.311538820174827,0.9959619779685118
-0.33887476596872235,1.726541456209285
0.7100462543578567,0.5746040860951929
0.7947887497582862,1.808315333807773
0.8206175300328207,1.2323338256451535
1.0318999427524496,0.3410034853025891
-1.4370426130375835,1.6626984231560336
0.42249964774413895,0.5876478277771917
0.02015033565240465,0.6669691470624046
0.40923536597451315,0.6347658988555867
-0.8186469655256743,0.9505849251731555
0.9979929316992044,1.6503045299234123
-0.1300730871097746,1.4748382042581039
-1.0753615974733806,1.76819359298472
1.249391521474271,0.7472098373662583
-0.4485877699264933,0.32406848994018816
0.433320238017993,1.1733387197428502
0.19231669277223662,0.09619371506479485
-0.9168839470324619,1.6247588143221374
-0.5468884870369959,-0.19846518281630401
-0.11538797730210315,0.8099854963086053
-0.15414493785331995,-0.13876095059652108
0.2739189031521092,1.7409126928703387
-1.3548051656679472,1.554827722154232
-0.12207110041908487,0.6544288933390825
-0.5892248689212538,0.8921416246687714
1.1590492474299183,1.4583495290424933
-0.0711839745697318,1.6428681152975186
-1.4672003584433964,1.2703762479514438
-1.1296461570979683,1.1917625471860895
0.1433164748704494,1.0954320339968537
-1.1236102671914487,1.8474479585895403
1.0399332292760488,1.4368669577029438
-1.4945835585782699,0.9175408175442374
-0.3813311235658927,1.1581856657770122
-0.9016640147996453,0.2788898392071114
-0.9851671487321895,0.5803842536565067
-0.7471480991740327,0.3153609859347322
-0.3174122223770113,1.3324018842587895
-0.9382787241286271,1.2832638410080806
0.6325496705802762,1.4532653769670112
1.2197459829296333,1.7254048291679247
1.3998184395377828,1.072525454363381
-0.17154742983789606,0.9213751046258618
-0.928228690392777,0.06692552109164002
0.998188698986243,0.6647705392242553
0.7363528002689281,0.30189426520549395
-0.9032692009310738,1.1347157063875954
-0.685467657946202,0.07853706870734933
1.0092229170495526,0.8951589363237369
0.5627337003681738,1.8352879260480746
-0.8343965219342964,1.968086561675867
0.41797111737583537,-0.03214629028234231
-0.9799338063983797,-0.1903084667399662
0.7744679301520909,0.6773793847972114
-1.3000227012737788,1.5154837290559977
-0.6432322148407797,-0.158718779999986
0.9775989040529933,0.539233758739085
-1.1570759745522647,0.7345551753811344
-0.30632947692316415,0.3313784897372402
-0.7588454228664271,0.45905468670028976
1.4150220278820846,1.303210571590306
1.0132423647392228,1.7931961544139732
0.1695783346870594,0.11805391463826403
0.7918719505646292,0.42160404851647487
0.3746365921191819,-0.1478344145824332
-0.8024046279765534,1.5672885348047447
0.631057364818421,1.5709048586992425
0.7202288572294471,1.6723001351205344
1.2784220509280049,0.5362476168570509
-0.4815436147680936,0.341579917018295
-0.7212042754528551,0.20626978947108005
1.3945257723070124,1.711809743558476
-1.3608533690389168,1.164647797803284
-0.8244888933863614,0.6397055045064028
0.982591344300932,1.607738735183804
0.8442057398723182,-0.052348246668557696
1.2160527988223775,1.8724173927116425
0.3940115822002028,0.2899413717271284
1.278816508139577,0.8542406806486242
0.6218459258123636,1.94800224795912
1.1769194027758982,0.10197848069724419
-0.2742629509131209,0.832886912836796
-0.4044446874629166,1.4160418508431296
0.8647736303842595,1.302700660750428
-0.1394440763983582,1.81717704873304
-0.005652334839369111,1.096773005144535
0.3729730565825147,-0.07388653542855567
0.9738290391962079,1.8072594563540567
0.3859285454134931,0.33880001350375316
-1.2629157618942115,0.5398387513194709
1.4143158107067357,0.5302240261999758
-0.0072824585358914895,0.9940208514882964
-1.4198521236664183,1.8093647492697007
-0.5931582561602537,0.27639906993313434
0.30912359882005336,1.2745713723901086
-0.8378038849873584,1.1722646667631687
-1.0679632215262962,1.8130458423971472
-0.5708414315597548,1.33350426312484
1.3637410956538227,1.0487806271997964
0.9407793235945263,0.6884661335140465
-0.8631158937244445,1.3126037478887818
0.08169422334926124,0.5168877763857878
-1.1674250709499663,0.8636729853529399
-0.5523905548815894,0.5793622597814714
1.1547409313584107,0.7510824444214854
-0.9986860740306023,0.8522379419866322
0.1889111367566194,1.2934781591578743
0.392807476852683,1.6381653843322883
-1.1750358048865857,0.26783090776178686
0.504433024720012,0.3249286744484087
1.0457279915160633,0.47258317285656554
-0.6554135454103072,1.67436918023592
0.597322052492185,0.3401318216456522
0.06936614860413126,1.7790921098115744
0.983358098840672,-0.011830303660803676
-0.13593218100455373,0.9721350705667013
-0.5311200838400862,1.8649188168644695
-0.8195164450208448,1.2895011544615016
-0.40292345224476445,0.21370041179533827
-0.8301162263618631,0.8955844468566805
-0.8224456398570454,0.5696700388848865
-0.861401698431868,0.3144432102791714
-0.00011620752079655183,1.1291108686726172
1.14649506451878,1.9505627072677754
0.1444262141647621,1.6468647904196947
0.5937941193434471,1.0195075340970428
0.929380237779613,0.559085808669034
-0.27743712889680405,1.4257747763624888
0.1092295042740794,1.6285487442670246
1.2375786480536703,1.1358622090336978
-0.7208968911452611,1.8581915364859134
-1.218511282178551,1.8316446260716945
1.128512986088344,0.8591128307260816
-1.4497194731710956,0.6316390645300258
-1.0488151790443616,1.1067519842472058
0.36984897177330867,0.8037440451566655
1.0061758408357329,1.0787843485037676
-1.2887958735329552,1.7963252722299259
-0.30262817742387593,1.0504502747661233
-1.1722093677319747,0.8952302706463169
-1.356906487571173,0.13870452517198528
-1.0100785769367668,1.9610418852424825
-0.7922718778016118,0.6986572052426054
-1.1967567321670032,1.9328570040890722
0.8640206231753087,0.8897471761012337
0.19507476331641094,0.6213993903266615
0.6453380247192078,0.2018119738300987
-1.468679950479962,1.640794489368543
-0.5990320927870016,0.9794899900142511
-1.4706356729800787,-0.06489067985040131
-0.11437826973482546,0.3198608372851646
0.10218434762046957,-0.048666399405471766
1.2050051740492234,1.254513822466408
0.04818256612853933,1.540897690028427
1.3806953381113738,1.0064330408755673
-0.2269616559914891,0.4917267429599565
-0.6674673701254658,-0.00582688775367976
-0.5441773394160454,0.7228920867188837
-1.397903007360654,0.055687963356134684
0.43517245758580736,0.3818975856152979
0.5433938894519192,1.1087046358666417
-0.5946455438864078,1.2530654360691666
-1.2740307492167493,0.5855787743266734
0.6289547705105574,0.8648065143408759
1.2330723543906394,1.8720596173972825
-0.15225848260578734,0.23094318796285979
0.7456660729274955,1.0042481220761408
0.4940749253654304,1.6376359898080892
0.19001801665300455,0.7221974183437925
0.5276551963455027,1.8759492311883388
0.11426339611102954,0.9530847602749402
1.4758748999213562,0.5472126024576918
-1.3305070066243492,1.1182399957673066
-1.4585451745632056,0.853695402945128
-1.3416213920809348,1.0068444396572982
-0.014551906330875441,-0.06890980856490633
-1.1101639013849334,0.1085436748416358
-1.0030808505499031,-0.09831825759715619
-1.404723833644016,1.411964516793739
-0.6766424021258729,0.05883942722787283
-0.042496705709521354,0.6389441453326286
1.3274965695183725,1.395883865270151
0.0804171919241563,0.31957811709265077
-0.8083675750020497,1.2975904932618105
-1.4870761403472295,0.1692511005391727
-1.1931056820398815,1.648510250851542
0.3023720765793303,1.045272340889822
0.8125237717193907,1.9582790526818588
-0.11405677730969566,1.9558914058301815
0.75431461296166,0.5538739355594888
-0.833454486978427,1.9867510102374448
1.1490425949992673,1.3086578004255354
-0.2530983220130931,1.2994067244498875
-1.3343502381755623,0.5709881311292275
0.09357200240612329,-0.11314355663257729
0.7121960203754485,1.189337064657727
1.2244010181500076,0.15931297557801327
1.3356854939295908,0.06161861446847794
-1.0145960908509353,-0.07474376369258032
0.8705243203191122,-0.14502230580928618
-0.0310769243785185,0.6745504334465182
-0.7876684715142604,1.1995732179510283
0.3051840795456282,1.653621446050865
0.2783140232696122,1.758034961412635
-1.4926729556343354,1.4750176414404652
1.3943014186997038,0.5225742336746155
-0.6757268770781976,0.0628646857940105
-0.9976831409797177,0.5135283957854684
1.270799967361115,1.5158818887504597
0.10452685155603536,0.36686694590806973
0.8926983806222886,1.7390101150458876
0.8113664015795017,0.068221373226651
-1.227740707820128,1.9271813972845304
0.02598715239756988,0.45522616230364316
0.3721353102985827,0.3456522965033531
-0.18476650937070271,0.3850874296755135
-0.36794834376275354,-0.15730739818657657
-0.854680097871789,0.34252066071948944
0.6323530572254135,1.0828192148808005
-1.4836311930906219,1.5285986651640608
-0.8103218568030386,0.525257807640922
1.3708255621569636,0.7655332395664889
0.5160806574006664,0.5301295017159053
-0.5222522016045641,-0.03089662013428915
-0.9637795945342191,-0.081319713881562
1.1333110659850565,1.7396434042427624
1.4196462080724324,-0.07582063574283772
-0.23671667608824798,1.4445631328959974
0.7436452642506612,0.5415130661920287
0.6901594383357876,1.075232972875719
-0.9267093042018978,0.2562200745257757
-0.4494152206418156,0.8583287095254237
-0.36048640101818585,-0.17770389630765604
0.6137806355989026,1.802193844396908
-0.46669845203359883,0.3646231387170982
-0.6134500236024685,0.6887548687232128
0.3674638973137272,0.17986035468784978
0.29410887985950196,1.7620730872069021
-0.5370295779798293,1.9159443157404363
1.3995966919118525,0.7380146669934882
-1.4699008447413051,-0.13010488127427688
0.8498055617364466,1.5047338407590891
-1.4486951150884568,0.4430564645361795
1.1300618242698413,0.9673560161601931
-0.9972414485202181,0.6467182466837729
-1.1964788354904834,1.0529666631719035
0.12677663964658814,1.1275150706790213
0.8430757718412787,0.12262315770713428
-0.48727471853268556,0.30846566786190205
-1.4789597971662283,-0.10932398215244389
-1.2663155141302835,1.494726449089772
-1.2218111815908848,0.5845325233812229
0.5027209564899815,1.3820670036975078
1.4427932710499514,1.1415866800663383
0.20979200759090566,-0.08578753999808136
0.4285921273958888,0.08882532262743892
1.088890994389606,-0.02219931137154596
-0.5166394949933035,1.3948596520605552
1.260303733183445,1.0500630967273252
1.336598645001501,1.7138256213280978
-0.6096349429362197,1.4349302565722473
1.030340426273018,1.3699678069328824
-1.2894847780037135,1.828376573236983
-0.7946094341527762,1.0578516292914946
1.2270473117820844,1.0191340722674216
1.1613461187662435,0.9909682762996002
-1.133334809552947,0.9031414360606378
0.05932017523788602,0.10727193236848087
-0.6551697586567558,1.1549291784319216
1.0656907498331214,1.8503680735709607
-1.145626547511375,0.5626908762330924
-0.9079782196118253,0.3980558664326979
-0.22266105427591,1.7746118912693525
0.866736225592367,0.05923028354340654
-1.3052977963197296,1.575007398062581
1.3588069633697089,0.46075609554588587
1.3125187714061917,0.4117040570437824
0.8122791981688091,-0.07698358858746121
1.1625179266743237,0.9205746382837818
1.2677588284429162,1.2116061579799935
-0.6821222646785787,0.9254378000616998
-1.2869243636572694,1.493223168704619
-0.7239904068391229,1.4087215053297428
-0.34271668426965496,0.47280689838913
-1.073400924008375,0.23058000081449032
1.3862080274167408,0.2312088821560344
-0.5153277494602873,0.4938269711373516
0.22230636025238049,0.11537009226976075
-1.1647568771391794,-0.057200093989500655
-0.9926755209202445,1.4076066858490726
-1.2590935348918686,1.3003276485318909
1.2896302990246795,-0.14896643647871838
0.4168960965184567,0.9702674206644717
0.09230838628502491,0.05507248354343092
0.3815854842743507,1.043802099965778
-0.8210244014719442,0.41135704809075807
1.063585548763303,1.5061520715551382
0.0736293715472649,0.4912650607383245
-0.5078863690536677,0.5713123709537502
0.02169627509277894,-0.1373521783905442
-1.2943224549927015,1.829802906057848
-0.8057136816810977,1.6627751579954573
0.9438883839245147,1.6069089722213503
-1.1833797213598078,1.6310342470015815
1.2560935709055343,0.7436834477292373
0.1578853376856144,0.5616160495705429
-0.8794287887843627,0.632863640972714
1.0327298720849591,1.597974089394467
-0.4020604402501302,0.17113903360297733
-0.5952964575286144,0.9020864443277292
0.6552212372750992,0.9839899552767251
-0.880053676519789,1.5611953707624158
0.3952052317029424,1.1648077154028078
-1.370129844545847,1.6161173016271602
0.3399141733713442,1.924663589149586
-0.5035741724885754,1.4348136141934789
-0.8133141646923345,1.9229831331685185
1.104978376105545,0.7672900084119603
-0.39485533416689234,1.9766781662267936
-1.315506869263282,1.8740708155744865
0.441737496620797,1.8368526069800113
-0.3346373733543542,1.0611588965201286
0.54487405734442,0.11013629457038798
-0.2886713153454028,1.7857520486786331
0.05829322085768496,1.746235089381202
0.6140173785523397,0.4529299519996927
-0.629711226359025,1.161172479621242
-0.8455780156504191,0.061129917511559384
-0.7881475762193684,1.4857984958610064
0.307121078523686,0.7018793539823716
-1.487819833086956,-0.08007408765293764
0.5229841767898176,0.5037996388347519
-1.142958845587548,0.023097298790631438
0.04500599656491344,0.6891714267836271
-0.318362904181156,0.21004366648031253
0.9577115734604953,0.01677018732640123
0.6728736487517368,1.972759364248719
-1.3193349199594329,0.46910173573469466
-0.17083068374384092,0.6031861953965574
-1.3654516776812795,1.077504982754981
0.7249185063644732,0.28525180775932896
-0.7050741918786912,-0.1895370313035901
1.4863257861599224,1.3689591579055742
0.6171109189796584,1.6603187025200967
-0.1352738583055344,0.8551198495091139
0.32063498641840105,1.2601408027305323
-0.5966184286127141,-0.14074178964177708
0.561382172135743,-0.06654982516114424
1.358464737080602,-0.12127407096724202
-0.8231381677162187,1.1057133041304197
0.2763426939448479,0.8193172745902733
1.1095045868060516,-0.18493464027637077
-0.7918185669838609,0.8434895562100111
-0.16339423757239446,0.2616843219309388
0.553864562484566,-0.08979190282588843
-0.86994393577528,1.5340816455219963
-0.9201685588239967,0.5988117122502195
-0.6416141123866589,1.2429360282417456
-0.39629880653721616,-0.12652202013795338
0.9434310624056255,-0.09660925372739995
0.04116520327936479,1.5180726869917218
-1.4543545303603638,1.0896482250584518
0.16451696554188722,0.4056090142292041
0.46437220516776057,1.3787494225701047
0.7691264660234944,0.7323834259905666
0.13503651372011594,1.1332818819733006
0.5035188012538274,1.416130818176924
-1.4771268045305355,0.5870096780103404
-0.8758307222256054,0.671313520341938
1.2370833236705003,0.044211809375520855
-1.413191435763958,1.5437683200107009
0.4505888400794753,0.7862924662135289
0.6871747085107667,1.9914778247175404
0.49618799240555367,-0.06225665210032294
1.3390020463231203,0.05685934982600832
0.26570893257029704,0.3849115746886613
0.6953089805626571,0.22501117431239614
-1.4194391428614088,-0.0016597669979094842
0.7138764190022129,0.3729453192677534
-0.2959259444588036,0.32556041918229656
0.605144382113306,1.0138664778096678
-0.9742965856962857,-0.15994457719803187
-0.9626302245308597,0.895701464248341
0.08113649332284689,0.3775331031718399
-1.2203470896879272,1.7595006963989321
-0.23748795032445558,0.15334954255514432
1.3338590077718973,1.0029325624764114
0.19846929215329912,1.6674659887169863
0.15532265713363413,1.4925305101351791
0.5998571320522315,-0.13670545191590366
0.3238989406423096,1.9780315329618985
1.1742401400583544,0.8457012773553692
0.088525839353645,0.8857104925680901
1.117052451626766,1.261658725203083
0.11525997869780702,1.2765006449757506
0.26238584484293126,0.39378538270642277
-0.2386016055608109,0.21538032052469347
-0.6679777753344175,0.6909919387635035
1.3305418994675757,1.481292313365444
1.4965072537361013,0.11842479082918311
0.8621343493522033,0.6357328130515763
-1.405508751728519,0.10554608975812818
1.1479990556207111,0.9922810405228051
1.4687607574327504,1.5290773341203399
0.3623210039636364,1.5821641285525128
-1.211084383262222,1.208661684200356
1.36985656842102,0.9743480337642387
1.2441814104868367,0.4040807463390044
0.7549292336058837,1.5338433830015743
-0.29831405868952343,-0.06160434517071478
0.856287488334798,1.6210937774010616
-0.7752284751596639,0.9084006227173511
-0.17263741782254782,1.016364007432605
0.2711690632928594,1.6708872684959832
-0.19057290058634857,1.8838473499408714
-0.14720434787390935,0.0564538919575977
0.03168488163772709,0.10518905154229624
0.46576937550632236,1.392563554828914
-0.607868944238871,0.42483072410594075
1.0341911477589063,1.5418497764555419
-0.23647364870058474,0.7612955900646803
0.36336334528266656,1.4191820604966288
0.7338015696543794,1.5004108522403512
1.371804610265146,0.696968473122946
0.5985954856410292,0.5790934020260383
-0.9705419129306833,1.3028407031790452
0.9202648974609233,-0.013836710106834765
-1.137089857137108,1.9392122391935678
-1.4039894067539946,1.3396707348165742
1.396182032785985,1.5433161445376533
0.6929318309932953,0.337926674174382
0.4551250680366077,-0.08693600852291236
-0.9553747287682723,0.4217240646967732
-0.46737927588439376,0.06366444647706737
-0.3803041479585807,0.311587062352265
-0.297660976003872,1.2019163405336053
-1.1199999423550502,1.573785646175577
1.397274003551718,1.424952521085666
-0.5916715037477286,0.8011648258333162
0.9599977980259178,1.305205898488838
0.8256063962137787,0.4405445486119886
0.1991414505923057,1.8343475500016335
-1.0758081353604112,1.9976934833949394
-0.6302413806406882,0.055469978454985025
-1.1736567651796488,1.6944842862718572
1.1161133134174066,-0.16120856076755286
0.835420168555312,-0.0010783615653669754
-0.5977677712527927,1.6936004828295488
-0.2141818720529658,1.7815717905999642
0.8598652987588418,0.9184162772751252
0.8018837750662025,-0.13412642178185769
0.48538964608403434,0.661142878249672
0.49357895349861103,-0.1541438404774725
0.7325495544262379,0.20086734128439504
-0.20837877636960145,0.7036467237709838
-0.2962702775278627,1.5254417648409013
1.046177868883578,0.8331066293715446
-0.5179735164475547,0.7032827634408447
1.3754376894183098,0.9611086840648446
-1.4829042916915465,0.4650837954571551
0.3921587294185531,1.9887731169815133
1.1534829041736003,0.36698776709355524
-0.6393020409862709,1.1161568202389844
-0.04623218917628824,0.856309840910056
0.9543004978746348,1.914382155266581
-0.6194870051542078,1.7032495947203343
0.39300424350955687,1.4830514385006075
1.483242901724564,0.4759291885192935
0.09903981477564772,0.0023754673037065244
-0.8624224962913105,0.6068216808108597
-0.31111795394482145,0.5721358501183034
0.4571351679598883,1.3997508614008245
-1.042559506002457,-0.14836046252171345
-0.19658880904057296,1.7875680416030728
0.8261595378719786,1.0678069577283613
1.030704855581706,1.0888812050535792
-0.621311426589849,1.8376401734805443
-1.0563901176007655,0.018616784130638192
1.1938335388240229,1.3006521129205493
0.780762957189582,0.9274452553758155
-0.43996976265095866,0.2629937526389944
0.6502730775518932,1.6915635457508276
1.1196012149206593,-0.16580362764226067
-0.19922040117812156,-0.17240472186770625
-1.263285741644515,0.7675763476432473
-1.1319646502548295,1.9713581737139536
0.14275432324349646,0.0235596474431293
-0.8299470165170969,1.8890456297544553
1.248202557849348,1.5077994090865503
0.7038352140677655,-0.002090129576404365
-0.06067320532069265,1.4280637109426657
-0.7105906363670677,0.25216261957798936
0.7374534131656412,0.9276977285827952
0.06539940337756489,1.1274688754269457
1.2285879620222553,1.2537744107611453
0.08960066838539515,1.2749281372833936
-0.6809187553532607,0.759644826452557
-0.6958412379244469,1.9808234639471969
0.6984704305798237,1.0432598598499152
0.7614878099772886,1.9091701000318786
-1.031811354774996,1.421908130699291
-0.22567915459174914,0.49554178316789327
0.7220272523492532,1.8692860025920177
1.2878892140255993,0.8287922866631978
-0.07166258192648312,-0.10084917227554849
-1.4272287706150344,1.0509192196713735
0.44717614356824065,1.545638109134682
0.5959277399909624,-0.09151987378022725
-1.4074518457707366,0.8835713828148215
1.1337883551480585,1.1008264649793218
-0.4546039711823435,0.49363510797872173
1.4674677760188635,0.8641647971500459
-0.9823442803052213,0.8600796463436919
0.982137202936261,0.7760717521983809
0.8682190201282398,0.6739933410286623
-0.4484194159756649,1.379590728833719
0.22496150581197183,-0.17168852514158708
-0.3227704262584081,1.6567517558359266
-0.28941802338302547,0.5464231446172823
-1.2640838526138354,1.783830897789235
0.6667134156296579,0.06481701916523425
1.3568513691009145,0.5255849731351898
-1.0228708331812504,1.8639933505026616
0.3187760012840415,0.8782052398715565
0.9418573871650193,0.84050674402924
0.8972601821287878,0.71620223808626
1.2601081402981222,1.2847957321021588
-0.09681095555818775,0.5910094642369987
-0.6011310153353582,0.1308184142381028
-1.3757006344795335,0.3770588863233045
1.280078234660865,1.7657826615599788
0.04974223512768372,0.856068479491022
0.3760089740206487,1.9815059933151307
-0.0958177489999783,0.5964851395163726
-0.04401404448947499,0.9818804614846843
1.3898008671295008,1.2003359224707042
-0.7180062763278017,-0.144561537105064
-1.1392830017699511,0.7147068329086255
-0.07713731439059801,1.601963161281799
1.3968516258005765,1.319778919712183
-0.9473885089871611,-0.01196662267986004
0.9535632213875433,-0.12163655574261781
-0.9321953708065521,0.8475552684990113
1.3013288176532312,-0.1794459208102574
-1.4785977800096477,0.010469943319880964
-0.1653072691549533,1.964198100281059
-1.026784979186804,0.7274718202671677
0.6095056056974504,1.427129435010361
0.48011093893649726,1.655128994893594
-0.4576919072212391,0.3497900222023454
-1.194401957722048,0.5358381984852569
0.907986977255919,1.7765237911993033
-1.338036287662317,0.08023449856645043
-0.10746847365374346,0.28891999697393883
1.3051075250926112,0.07381818499565407
-0.7800828576817653,-0.1720060234248903
0.9680904820299152,0.37579747770363553
1.2041369178016885,0.6578013890474714
-0.3697241079737168,-0.06968130531873534
0.5345637092070694,1.3654641454301413
-0.06771018257830663,1.138138921800927
0.6198688567857107,0.15649605148525264
0.8437292006457802,1.6409911830240198
1.0792725930248084,1.8359030901616757
1.4377883354255863,0.7085277092745108
-0.7109338263830219,0.27189745979211083
0.1964483423640484,1.3778242115372468
1.0903463684720975,0.5896618243797078
-0.6390031127837588,1.8206644780193215
-0.8832907624075786,0.22585527020624974
0.5972708601849317,1.3459019735596691
-0.9965541155282918,0.6250658721488449
0.2702111716852009,1.9656220503578508
1.135475940239354,1.7038032406937724
0.30168057914561164,0.7548210800355948
0.2772770652857952,0.002954586169643225
-1.4478404571806371,0.17407564443721818
0.49501919630616875,0.04748283013255836
0.09934541766964156,1.8970003747978519
-0.3398103842802942,1.2939795516718067
0.9892199959335337,0.2879077225914696
0.9136374905813538,0.12282796526878798
1.0699144439024675,0.27372978424688255
1.1273792911273848,-0.08729474522884435
-0.7284463793172706,0.1958510528603099
1.1729627887157288,0.3868545287636787
0.08508396947220542,-0.14653281619846154
0.9028107572502768,0.854000594699085
1.0971897340615686,1.7240772895521588
0.32631415489118587,1.4404567425311023
1.0503671323679074,1.419652302193467
-1.3037773005530544,0.8993024496010054
0.4148818759567814,1.1508377227357587
-0.8616864654788494,1.426111778257159
0.10770641176042917,1.9165789871588184
0.8980875432324429,1.910269128231848
-1.1923949941641234,0.10867373833851435
-0.2974895157944877,1.7126132146070314
0.4905584674183434,1.2054129619739176
0.8724199143176765,1.4072152432749132
0.6583491482138593,1.9097287589179206
-0.7521806275003519,0.36848076387978895
-1.229693176654873,0.004703477778139731
-1.4450865256747092,0.08680164580152666
-1.3409549982972224,1.4998003290052742
-0.36081511983424175,-0.16693800464512895
-0.5209907485950018,-0.05564751216249042
-0.27701760397519726,0.9649331784307882
-1.4205550245491763,1.658956008927556
-0.7643152029661177,1.194634971424128
0.5631293096775396,0.5789595697609431
-0.37201682083571597,0.9696283562204107
-1.462462602139613,-0.008373722487802299
0.35104265211143826,1.465292209581072
0.6729409853291788,1.294412926396749
0.5709236491046297,1.688355293888576
-1.1686168090757407,1.218872038939924
-0.7961352024629602,0.06988717326719174
0.2582694360591693,0.8690387135771944
0.02491425931009994,1.503319864819766
0.771557224963773,1.90503845521872
1.228465010371146,1.7649732245543357
-1.0014094793103596,0.17587274964270072
0.3395035937443476,1.7071585451842342
1.0166072918093154,0.4121175345737284
-1.02368672446665,0.42872852413417356
1.083436560760492,1.3272942900004712
0.9639509575931382,1.0972361386351153
0.578186678273723,0.7915766678953424
1.2999981332308286,1.3911440002908817
1.4450820181898583,1.6160361924375894
0.6935040554527663,0.7069730975247945
0.3084147321890087,1.839574047424683
1.0228375335266975,0.6756019320165272
1.2505143616317662,0.09585403964079081
0.5574119427204662,1.2805260156128084
-0.6321143612128796,1.184805100411159
-0.6222721967088525,0.12475984996991907
-0.3279659867502742,0.1788796321151077
-0.3336108513049605,-0.06094441460994213
1.4333873419419643,-0.14696647876567714
0.6182778926172507,0.5374680316074372
-1.4846493996112948,1.2146892267557265
-0.13201079582521968,1.0928033485825106
-0.5569853539262482,0.752037416555505
0.49451054232856606,1.2154870163712863
-1.366198652174297,0.305445490922538
0.4892724598127134,0.45931052681039813
0.9066838947361981,0.16366396801081096
-0.7948308165671195,0.09499843147589943
-1.2319059133657515,0.3829152977390335
-0.29099897860016544,-0.14713104833772478
0.3068646401741788,0.25686584312227273
-1.2060145676137497,0.5267363266882155
1.234898178219337,1.528087350716084
0.39469934401761053,0.5445013755592738
0.10685195519097768,0.5795536732346416
0.1414546129918577,0.8076015725793455
1.4370833413321442,0.2283504202535369
-1.4466214755643059,1.9027133267456013
0.2549906666892763,1.0538090581247685
-0.29870826943234974,1.901840916636375
0.3525077428177674,0.14122972461102484
0.8990326206585229,0.3630576578543307
-1.0061004308750205,0.1871991163138953
0.5061933660623197,0.8352713051571503
1.194029604374819,0.18723552843083696
-0.45537158807540123,1.2784533381282845
-0.5925494716315642,0.8869406780511426
-1.4636126794420758,1.3084688684904833
-0.42711300988008505,0.5622260450805061
1.1678466811636943,1.5425060039599545
0.3555941316721487,-0.14027378305120222
1.12570743981051,1.7920036287760175
-1.013333499398695,0.31333700738701814
-0.7591723819902256,0.32878421822259546
-0.7120607182668413,1.757548777861228
1.238499984096995,1.1500950294195618
-1.1600580446881175,1.4163812843709984
1.3432416136001386,1.5965536311649715
-0.8465012409731447,1.4394089227901241
